case,day,window_id,temperature_stratum,condition,policy,steps,control_steps,decisions,initialized_state_sha256,forecast_sha256,control_cost_proxy,control_discomfort_kh,control_energy_kwh,action_minus_fraction,action_zero_fraction,action_plus_fraction,action_changes,tdis_tot,idis_tot,ener_tot,cost_tot,emis_tot,pele_tot,time_rat,cost_budget,discomfort_budget,neutral_cost_tot,neutral_tdis_tot,neutral_cost_budget,neutral_discomfort_budget,operational_score
bestest_hydronic_heat_pump,9,bestest_hydronic_heat_pump:day009,1,clean,constant_zero,192,144,0,11d8c0167c185dfe3c527e4aa08f88de8cafc86b85d8adf1b708c4210e456c94,92f6da32bedd89c6098e4938711ef2291d55ea7f36ddc3f016da63cb056d94f5,17.973634826452702,0.71680975638416555,69.798690746689232,0,1,0,0,0.68868924357153816,0,0.53641362325982245,0.13681106906245208,0.089581075084390352,0.017061577397821229,6.3564764891619457e-06,0.092933750000000009,177,0.13681106906245208,0.68868924357153816,0.092933750000000009,177,0
bestest_hydronic_heat_pump,9,bestest_hydronic_heat_pump:day009,1,clean,deterministic_wm,192,144,9,11d8c0167c185dfe3c527e4aa08f88de8cafc86b85d8adf1b708c4210e456c94,92f6da32bedd89c6098e4938711ef2291d55ea7f36ddc3f016da63cb056d94f5,14.513910647183957,2.1585396551891307,56.713534815150936,0.66666666666666663,0,0.33333333333333331,6,1.9440683434693593,0,0.46817388644505525,0.11880475764867035,0.078185039036324247,0.020290096176666696,1.586088404674874e-05,0.092933750000000009,177,0.13681106906245208,0.68868924357153816,0.092933750000000009,177,-0.093330869176343922
bestest_hydronic_heat_pump,9,bestest_hydronic_heat_pump:day009,1,clean,direct_h8_rssm,192,144,9,11d8c0167c185dfe3c527e4aa08f88de8cafc86b85d8adf1b708c4210e456c94,92f6da32bedd89c6098e4938711ef2291d55ea7f36ddc3f016da63cb056d94f5,14.513910647183957,2.1585396551891307,56.713534815150936,0.66666666666666663,0,0.33333333333333331,6,1.9440683434693593,0,0.46817388644505525,0.11880475764867035,0.078185039036324247,0.020290096176666696,3.0059595313302446e-05,0.092933750000000009,177,0.13681106906245208,0.68868924357153816,0.092933750000000009,177,-0.093330869176343922
bestest_hydronic_heat_pump,9,bestest_hydronic_heat_pump:day009,1,clean,legacy_rssm,192,144,9,11d8c0167c185dfe3c527e4aa08f88de8cafc86b85d8adf1b708c4210e456c94,92f6da32bedd89c6098e4938711ef2291d55ea7f36ddc3f016da63cb056d94f5,16.329382651597427,4.409625196696382,63.804944479395715,0.77777777777777779,0,0.22222222222222221,4,4.2184080037208513,0,0.50447221838822065,0.12814219471248969,0.084246860470832866,0.020444155868730166,2.9611984195232112e-05,0.092933750000000009,177,0.13681106906245208,0.68868924357153816,0.092933750000000009,177,-0.036669119179724145
bestest_hydronic_heat_pump,9,bestest_hydronic_heat_pump:day009,1,clean,rc_supervisory_selector,192,144,9,11d8c0167c185dfe3c527e4aa08f88de8cafc86b85d8adf1b708c4210e456c94,92f6da32bedd89c6098e4938711ef2291d55ea7f36ddc3f016da63cb056d94f5,14.513910647183957,2.1585396551891307,56.713534815150936,0.66666666666666663,0,0.33333333333333331,6,1.9440683434693593,0,0.46817388644505525,0.11880475764867035,0.078185039036324247,0.020290096176666696,7.4314613408859277e-06,0.092933750000000009,177,0.13681106906245208,0.68868924357153816,0.092933750000000009,177,-0.093330869176343922
bestest_hydronic_heat_pump,9,bestest_hydronic_heat_pump:day009,1,clean,tuned_rule_based,192,144,9,11d8c0167c185dfe3c527e4aa08f88de8cafc86b85d8adf1b708c4210e456c94,92f6da32bedd89c6098e4938711ef2291d55ea7f36ddc3f016da63cb056d94f5,14.513910647183957,2.1585396551891307,56.713534815150936,0.66666666666666663,0,0.33333333333333331,6,1.9440683434693593,0,0.46817388644505525,0.11880475764867035,0.078185039036324247,0.020290096176666696,6.4599770595335281e-06,0.092933750000000009,177,0.13681106906245208,0.68868924357153816,0.092933750000000009,177,-0.093330869176343922
bestest_hydronic_heat_pump,9,bestest_hydronic_heat_pump:day009,1,zone_bias_negative,constant_zero,192,144,0,11d8c0167c185dfe3c527e4aa08f88de8cafc86b85d8adf1b708c4210e456c94,92f6da32bedd89c6098e4938711ef2291d55ea7f36ddc3f016da63cb056d94f5,17.973634826452702,0.71680975638416555,69.798690746689232,0,1,0,0,0.68868924357153816,0,0.53641362325982245,0.13681106906245208,0.089581075084390352,0.017061577397821229,6.1365294553569196e-06,0.092933750000000009,177,0.13681106906245208,0.68868924357153816,0.092933750000000009,177,0
bestest_hydronic_heat_pump,9,bestest_hydronic_heat_pump:day009,1,zone_bias_negative,deterministic_wm,192,144,9,11d8c0167c185dfe3c527e4aa08f88de8cafc86b85d8adf1b708c4210e456c94,92f6da32bedd89c6098e4938711ef2291d55ea7f36ddc3f016da63cb056d94f5,15.160622654754034,1.7730410608884881,59.432887769981477,0.55555555555555558,0.1111111111111111,0.33333333333333331,6,1.5590231565852481,0,0.48105545013917222,0.12189802850352736,0.080336260173241775,0.020290096176666696,1.6781851051157475e-05,0.092933750000000009,177,0.13681106906245208,0.68868924357153816,0.092933750000000009,177,-0.077776223544250289
bestest_hydronic_heat_pump,9,bestest_hydronic_heat_pump:day009,1,zone_bias_negative,direct_h8_rssm,192,144,9,11d8c0167c185dfe3c527e4aa08f88de8cafc86b85d8adf1b708c4210e456c94,92f6da32bedd89c6098e4938711ef2291d55ea7f36ddc3f016da63cb056d94f5,15.678892266903151,1.9518709070147224,61.789191087482791,0.55555555555555558,0.1111111111111111,0.33333333333333331,5,1.7374826144188702,0,0.49485759385203815,0.12493014881308133,0.082641218173290343,0.019941926741109069,2.9188969441802783e-05,0.092933750000000009,177,0.13681106906245208,0.68868924357153816,0.092933750000000009,177,-0.060958757623285321
bestest_hydronic_heat_pump,9,bestest_hydronic_heat_pump:day009,1,zone_bias_negative,legacy_rssm,192,144,9,11d8c0167c185dfe3c527e4aa08f88de8cafc86b85d8adf1b708c4210e456c94,92f6da32bedd89c6098e4938711ef2291d55ea7f36ddc3f016da63cb056d94f5,14.8048048574696,4.1669666214593235,58.067485948290809,0.66666666666666663,0.1111111111111111,0.22222222222222221,6,3.950370067031177,0,0.47574717213345658,0.12046609762166145,0.079449777746287253,0.020181893805499302,2.8878491309023376e-05,0.092933750000000009,177,0.13681106906245208,0.68868924357153816,0.092933750000000009,177,-0.078725047505296339
bestest_hydronic_heat_pump,9,bestest_hydronic_heat_pump:day009,1,zone_bias_negative,rc_supervisory_selector,192,144,9,11d8c0167c185dfe3c527e4aa08f88de8cafc86b85d8adf1b708c4210e456c94,92f6da32bedd89c6098e4938711ef2291d55ea7f36ddc3f016da63cb056d94f5,16.351392551006612,1.8769788322451291,63.563567167673689,0.66666666666666663,0,0.33333333333333331,4,1.6973009211930528,0,0.50606970741667767,0.12907597810892185,0.084513641138585185,0.020290096176666696,7.2692562633645336e-06,0.092933750000000009,177,0.13681106906245208,0.68868924357153816,0.092933750000000009,177,-0.038766970890726754
bestest_hydronic_heat_pump,9,bestest_hydronic_heat_pump:day009,1,zone_bias_negative,tuned_rule_based,192,144,9,11d8c0167c185dfe3c527e4aa08f88de8cafc86b85d8adf1b708c4210e456c94,92f6da32bedd89c6098e4938711ef2291d55ea7f36ddc3f016da63cb056d94f5,14.513910647183957,2.1585396551891307,56.713534815150936,0.66666666666666663,0,0.33333333333333331,6,1.9440683434693593,0,0.46817388644505525,0.11880475764867035,0.078185039036324247,0.020290096176666696,6.1406847902201443e-06,0.092933750000000009,177,0.13681106906245208,0.68868924357153816,0.092933750000000009,177,-0.093330869176343922
bestest_hydronic_heat_pump,9,bestest_hydronic_heat_pump:day009,1,zone_bias_positive,constant_zero,192,144,0,11d8c0167c185dfe3c527e4aa08f88de8cafc86b85d8adf1b708c4210e456c94,92f6da32bedd89c6098e4938711ef2291d55ea7f36ddc3f016da63cb056d94f5,17.973634826452702,0.71680975638416555,69.798690746689232,0,1,0,0,0.68868924357153816,0,0.53641362325982245,0.13681106906245208,0.089581075084390352,0.017061577397821229,6.2681173709605297e-06,0.092933750000000009,177,0.13681106906245208,0.68868924357153816,0.092933750000000009,177,0
bestest_hydronic_heat_pump,9,bestest_hydronic_heat_pump:day009,1,zone_bias_positive,deterministic_wm,192,144,9,11d8c0167c185dfe3c527e4aa08f88de8cafc86b85d8adf1b708c4210e456c94,92f6da32bedd89c6098e4938711ef2291d55ea7f36ddc3f016da63cb056d94f5,14.513910647183957,2.1585396551891307,56.713534815150936,0.66666666666666663,0,0.33333333333333331,6,1.9440683434693593,0,0.46817388644505525,0.11880475764867035,0.078185039036324247,0.020290096176666696,1.6507616980676391e-05,0.092933750000000009,177,0.13681106906245208,0.68868924357153816,0.092933750000000009,177,-0.093330869176343922
bestest_hydronic_heat_pump,9,bestest_hydronic_heat_pump:day009,1,zone_bias_positive,direct_h8_rssm,192,144,9,11d8c0167c185dfe3c527e4aa08f88de8cafc86b85d8adf1b708c4210e456c94,92f6da32bedd89c6098e4938711ef2291d55ea7f36ddc3f016da63cb056d94f5,14.513910647183957,2.1585396551891307,56.713534815150936,0.66666666666666663,0,0.33333333333333331,6,1.9440683434693593,0,0.46817388644505525,0.11880475764867035,0.078185039036324247,0.020290096176666696,2.8543065910494697e-05,0.092933750000000009,177,0.13681106906245208,0.68868924357153816,0.092933750000000009,177,-0.093330869176343922
bestest_hydronic_heat_pump,9,bestest_hydronic_heat_pump:day009,1,zone_bias_positive,legacy_rssm,192,144,9,11d8c0167c185dfe3c527e4aa08f88de8cafc86b85d8adf1b708c4210e456c94,92f6da32bedd89c6098e4938711ef2291d55ea7f36ddc3f016da63cb056d94f5,16.329382651597427,4.409625196696382,63.804944479395715,0.77777777777777779,0,0.22222222222222221,4,4.2184080037208513,0,0.50447221838822065,0.12814219471248969,0.084246860470832866,0.020444155868730166,2.8150342383171107e-05,0.092933750000000009,177,0.13681106906245208,0.68868924357153816,0.092933750000000009,177,-0.036669119179724145
bestest_hydronic_heat_pump,9,bestest_hydronic_heat_pump:day009,1,zone_bias_positive,rc_supervisory_selector,192,144,9,11d8c0167c185dfe3c527e4aa08f88de8cafc86b85d8adf1b708c4210e456c94,92f6da32bedd89c6098e4938711ef2291d55ea7f36ddc3f016da63cb056d94f5,15.806079547692526,7.7651002947712158,62.331814120647465,0.77777777777777779,0,0.22222222222222221,4,7.5463203155820127,0,0.49698050745159861,0.12536452874526183,0.082995744744416997,0.020295051939477504,7.1065074971694456e-06,0.092933750000000009,177,0.13681106906245208,0.68868924357153816,0.092933750000000009,177,-0.042212570767880278
bestest_hydronic_heat_pump,9,bestest_hydronic_heat_pump:day009,1,zone_bias_positive,tuned_rule_based,192,144,9,11d8c0167c185dfe3c527e4aa08f88de8cafc86b85d8adf1b708c4210e456c94,92f6da32bedd89c6098e4938711ef2291d55ea7f36ddc3f016da63cb056d94f5,16.329382651597427,4.409625196696382,63.804944479395715,0.77777777777777779,0,0.22222222222222221,4,4.2184080037208513,0,0.50447221838822065,0.12814219471248969,0.084246860470832866,0.020444155868730166,6.2061257664723202e-06,0.092933750000000009,177,0.13681106906245208,0.68868924357153816,0.092933750000000009,177,-0.036669119179724145
bestest_hydronic_heat_pump,9,bestest_hydronic_heat_pump:day009,1,zone_drift_negative,constant_zero,192,144,0,11d8c0167c185dfe3c527e4aa08f88de8cafc86b85d8adf1b708c4210e456c94,92f6da32bedd89c6098e4938711ef2291d55ea7f36ddc3f016da63cb056d94f5,17.973634826452702,0.71680975638416555,69.798690746689232,0,1,0,0,0.68868924357153816,0,0.53641362325982245,0.13681106906245208,0.089581075084390352,0.017061577397821229,6.3530035390626426e-06,0.092933750000000009,177,0.13681106906245208,0.68868924357153816,0.092933750000000009,177,0
bestest_hydronic_heat_pump,9,bestest_hydronic_heat_pump:day009,1,zone_drift_negative,deterministic_wm,192,144,9,11d8c0167c185dfe3c527e4aa08f88de8cafc86b85d8adf1b708c4210e456c94,92f6da32bedd89c6098e4938711ef2291d55ea7f36ddc3f016da63cb056d94f5,15.160622654754034,1.7730410608884881,59.432887769981477,0.55555555555555558,0.1111111111111111,0.33333333333333331,6,1.5590231565852481,0,0.48105545013917222,0.12189802850352736,0.080336260173241775,0.020290096176666696,1.6056209750616527e-05,0.092933750000000009,177,0.13681106906245208,0.68868924357153816,0.092933750000000009,177,-0.077776223544250289
bestest_hydronic_heat_pump,9,bestest_hydronic_heat_pump:day009,1,zone_drift_negative,direct_h8_rssm,192,144,9,11d8c0167c185dfe3c527e4aa08f88de8cafc86b85d8adf1b708c4210e456c94,92f6da32bedd89c6098e4938711ef2291d55ea7f36ddc3f016da63cb056d94f5,15.678892266903151,1.9518709070147224,61.789191087482791,0.55555555555555558,0.1111111111111111,0.33333333333333331,5,1.7374826144188702,0,0.49485759385203815,0.12493014881308133,0.082641218173290343,0.019941926741109069,2.9288990127270549e-05,0.092933750000000009,177,0.13681106906245208,0.68868924357153816,0.092933750000000009,177,-0.060958757623285321
bestest_hydronic_heat_pump,9,bestest_hydronic_heat_pump:day009,1,zone_drift_negative,legacy_rssm,192,144,9,11d8c0167c185dfe3c527e4aa08f88de8cafc86b85d8adf1b708c4210e456c94,92f6da32bedd89c6098e4938711ef2291d55ea7f36ddc3f016da63cb056d94f5,14.8048048574696,4.1669666214593235,58.067485948290809,0.66666666666666663,0.1111111111111111,0.22222222222222221,6,3.950370067031177,0,0.47574717213345658,0.12046609762166145,0.079449777746287253,0.020181893805499302,2.8958647940448717e-05,0.092933750000000009,177,0.13681106906245208,0.68868924357153816,0.092933750000000009,177,-0.078725047505296339
bestest_hydronic_heat_pump,9,bestest_hydronic_heat_pump:day009,1,zone_drift_negative,rc_supervisory_selector,192,144,9,11d8c0167c185dfe3c527e4aa08f88de8cafc86b85d8adf1b708c4210e456c94,92f6da32bedd89c6098e4938711ef2291d55ea7f36ddc3f016da63cb056d94f5,16.351392551006612,1.8769788322451291,63.563567167673689,0.66666666666666663,0,0.33333333333333331,4,1.6973009211930528,0,0.50606970741667767,0.12907597810892185,0.084513641138585185,0.020290096176666696,7.6302017424951238e-06,0.092933750000000009,177,0.13681106906245208,0.68868924357153816,0.092933750000000009,177,-0.038766970890726754
bestest_hydronic_heat_pump,9,bestest_hydronic_heat_pump:day009,1,zone_drift_negative,tuned_rule_based,192,144,9,11d8c0167c185dfe3c527e4aa08f88de8cafc86b85d8adf1b708c4210e456c94,92f6da32bedd89c6098e4938711ef2291d55ea7f36ddc3f016da63cb056d94f5,14.513910647183957,2.1585396551891307,56.713534815150936,0.66666666666666663,0,0.33333333333333331,6,1.9440683434693593,0,0.46817388644505525,0.11880475764867035,0.078185039036324247,0.020290096176666696,6.2968038833023419e-06,0.092933750000000009,177,0.13681106906245208,0.68868924357153816,0.092933750000000009,177,-0.093330869176343922
bestest_hydronic_heat_pump,9,bestest_hydronic_heat_pump:day009,1,zone_drift_positive,constant_zero,192,144,0,11d8c0167c185dfe3c527e4aa08f88de8cafc86b85d8adf1b708c4210e456c94,92f6da32bedd89c6098e4938711ef2291d55ea7f36ddc3f016da63cb056d94f5,17.973634826452702,0.71680975638416555,69.798690746689232,0,1,0,0,0.68868924357153816,0,0.53641362325982245,0.13681106906245208,0.089581075084390352,0.017061577397821229,6.3090257827732172e-06,0.092933750000000009,177,0.13681106906245208,0.68868924357153816,0.092933750000000009,177,0
bestest_hydronic_heat_pump,9,bestest_hydronic_heat_pump:day009,1,zone_drift_positive,deterministic_wm,192,144,9,11d8c0167c185dfe3c527e4aa08f88de8cafc86b85d8adf1b708c4210e456c94,92f6da32bedd89c6098e4938711ef2291d55ea7f36ddc3f016da63cb056d94f5,14.513910647183957,2.1585396551891307,56.713534815150936,0.66666666666666663,0,0.33333333333333331,6,1.9440683434693593,0,0.46817388644505525,0.11880475764867035,0.078185039036324247,0.020290096176666696,1.6016057232495585e-05,0.092933750000000009,177,0.13681106906245208,0.68868924357153816,0.092933750000000009,177,-0.093330869176343922
bestest_hydronic_heat_pump,9,bestest_hydronic_heat_pump:day009,1,zone_drift_positive,direct_h8_rssm,192,144,9,11d8c0167c185dfe3c527e4aa08f88de8cafc86b85d8adf1b708c4210e456c94,92f6da32bedd89c6098e4938711ef2291d55ea7f36ddc3f016da63cb056d94f5,14.513910647183957,2.1585396551891307,56.713534815150936,0.66666666666666663,0,0.33333333333333331,6,1.9440683434693593,0,0.46817388644505525,0.11880475764867035,0.078185039036324247,0.020290096176666696,2.6630471791549781e-05,0.092933750000000009,177,0.13681106906245208,0.68868924357153816,0.092933750000000009,177,-0.093330869176343922
bestest_hydronic_heat_pump,9,bestest_hydronic_heat_pump:day009,1,zone_drift_positive,legacy_rssm,192,144,9,11d8c0167c185dfe3c527e4aa08f88de8cafc86b85d8adf1b708c4210e456c94,92f6da32bedd89c6098e4938711ef2291d55ea7f36ddc3f016da63cb056d94f5,16.329382651597427,4.409625196696382,63.804944479395715,0.77777777777777779,0,0.22222222222222221,4,4.2184080037208513,0,0.50447221838822065,0.12814219471248969,0.084246860470832866,0.020444155868730166,3.2147526255591522e-05,0.092933750000000009,177,0.13681106906245208,0.68868924357153816,0.092933750000000009,177,-0.036669119179724145
bestest_hydronic_heat_pump,9,bestest_hydronic_heat_pump:day009,1,zone_drift_positive,rc_supervisory_selector,192,144,9,11d8c0167c185dfe3c527e4aa08f88de8cafc86b85d8adf1b708c4210e456c94,92f6da32bedd89c6098e4938711ef2291d55ea7f36ddc3f016da63cb056d94f5,15.806079547692526,7.7651002947712158,62.331814120647465,0.77777777777777779,0,0.22222222222222221,4,7.5463203155820127,0,0.49698050745159861,0.12536452874526183,0.082995744744416997,0.020295051939477504,7.3385210908242895e-06,0.092933750000000009,177,0.13681106906245208,0.68868924357153816,0.092933750000000009,177,-0.042212570767880278
bestest_hydronic_heat_pump,9,bestest_hydronic_heat_pump:day009,1,zone_drift_positive,tuned_rule_based,192,144,9,11d8c0167c185dfe3c527e4aa08f88de8cafc86b85d8adf1b708c4210e456c94,92f6da32bedd89c6098e4938711ef2291d55ea7f36ddc3f016da63cb056d94f5,16.329382651597427,4.409625196696382,63.804944479395715,0.77777777777777779,0,0.22222222222222221,4,4.2184080037208513,0,0.50447221838822065,0.12814219471248969,0.084246860470832866,0.020444155868730166,6.3747885339547206e-06,0.092933750000000009,177,0.13681106906245208,0.68868924357153816,0.092933750000000009,177,-0.036669119179724145
bestest_hydronic_heat_pump,9,bestest_hydronic_heat_pump:day009,1,zone_stuck,constant_zero,192,144,0,11d8c0167c185dfe3c527e4aa08f88de8cafc86b85d8adf1b708c4210e456c94,92f6da32bedd89c6098e4938711ef2291d55ea7f36ddc3f016da63cb056d94f5,17.973634826452702,0.71680975638416555,69.798690746689232,0,1,0,0,0.68868924357153816,0,0.53641362325982245,0.13681106906245208,0.089581075084390352,0.017061577397821229,6.5651364351442346e-06,0.092933750000000009,177,0.13681106906245208,0.68868924357153816,0.092933750000000009,177,0
bestest_hydronic_heat_pump,9,bestest_hydronic_heat_pump:day009,1,zone_stuck,deterministic_wm,192,144,9,11d8c0167c185dfe3c527e4aa08f88de8cafc86b85d8adf1b708c4210e456c94,92f6da32bedd89c6098e4938711ef2291d55ea7f36ddc3f016da63cb056d94f5,14.513910647183957,2.1585396551891307,56.713534815150936,0.66666666666666663,0,0.33333333333333331,6,1.9440683434693593,0,0.46817388644505525,0.11880475764867035,0.078185039036324247,0.020290096176666696,1.5208030454359336e-05,0.092933750000000009,177,0.13681106906245208,0.68868924357153816,0.092933750000000009,177,-0.093330869176343922
bestest_hydronic_heat_pump,9,bestest_hydronic_heat_pump:day009,1,zone_stuck,direct_h8_rssm,192,144,9,11d8c0167c185dfe3c527e4aa08f88de8cafc86b85d8adf1b708c4210e456c94,92f6da32bedd89c6098e4938711ef2291d55ea7f36ddc3f016da63cb056d94f5,14.513910647183957,2.1585396551891307,56.713534815150936,0.66666666666666663,0,0.33333333333333331,6,1.9440683434693593,0,0.46817388644505525,0.11880475764867035,0.078185039036324247,0.020290096176666696,2.8781784073151147e-05,0.092933750000000009,177,0.13681106906245208,0.68868924357153816,0.092933750000000009,177,-0.093330869176343922
bestest_hydronic_heat_pump,9,bestest_hydronic_heat_pump:day009,1,zone_stuck,legacy_rssm,192,144,9,11d8c0167c185dfe3c527e4aa08f88de8cafc86b85d8adf1b708c4210e456c94,92f6da32bedd89c6098e4938711ef2291d55ea7f36ddc3f016da63cb056d94f5,16.329382651597427,4.409625196696382,63.804944479395715,0.77777777777777779,0,0.22222222222222221,4,4.2184080037208513,0,0.50447221838822065,0.12814219471248969,0.084246860470832866,0.020444155868730166,2.8139200926243118e-05,0.092933750000000009,177,0.13681106906245208,0.68868924357153816,0.092933750000000009,177,-0.036669119179724145
bestest_hydronic_heat_pump,9,bestest_hydronic_heat_pump:day009,1,zone_stuck,rc_supervisory_selector,192,144,9,11d8c0167c185dfe3c527e4aa08f88de8cafc86b85d8adf1b708c4210e456c94,92f6da32bedd89c6098e4938711ef2291d55ea7f36ddc3f016da63cb056d94f5,14.513910647183957,2.1585396551891307,56.713534815150936,0.66666666666666663,0,0.33333333333333331,6,1.9440683434693593,0,0.46817388644505525,0.11880475764867035,0.078185039036324247,0.020290096176666696,7.4878718147033731e-06,0.092933750000000009,177,0.13681106906245208,0.68868924357153816,0.092933750000000009,177,-0.093330869176343922
bestest_hydronic_heat_pump,9,bestest_hydronic_heat_pump:day009,1,zone_stuck,tuned_rule_based,192,144,9,11d8c0167c185dfe3c527e4aa08f88de8cafc86b85d8adf1b708c4210e456c94,92f6da32bedd89c6098e4938711ef2291d55ea7f36ddc3f016da63cb056d94f5,14.513910647183957,2.1585396551891307,56.713534815150936,0.66666666666666663,0,0.33333333333333331,6,1.9440683434693593,0,0.46817388644505525,0.11880475764867035,0.078185039036324247,0.020290096176666696,6.2777525883486564e-06,0.092933750000000009,177,0.13681106906245208,0.68868924357153816,0.092933750000000009,177,-0.093330869176343922
bestest_hydronic_heat_pump,72,bestest_hydronic_heat_pump:day072,2,clean,constant_zero,192,144,0,368a5136eb25df9a2027b37dc2ac5631efb25e004ffb466d72c715514c8af7b4,f89a1278269a3dae30d75c54a8a1b6fa2249a6f0ee664822aa2a2fd385e45014,14.783370584440778,1.1620822137928712,57.84963971738118,0,1,0,0,1.327526198757387,0,0.39864445718274916,0.10134672527445965,0.066573624349519134,0.012522309403825184,6.3110743240258803e-06,0.092933750000000009,177,0.10134672527445965,1.327526198757387,0.092933750000000009,177,0
bestest_hydronic_heat_pump,72,bestest_hydronic_heat_pump:day072,2,clean,deterministic_wm,192,144,9,368a5136eb25df9a2027b37dc2ac5631efb25e004ffb466d72c715514c8af7b4,f89a1278269a3dae30d75c54a8a1b6fa2249a6f0ee664822aa2a2fd385e45014,10.001971347787144,1.8071513069562997,39.641386926121363,0.66666666666666663,0,0.33333333333333331,6,1.8502764658750828,0,0.30632371989778456,0.077136383408208747,0.051156061222930024,0.01992832551183164,1.6253977892633231e-05,0.092933750000000009,177,0.10134672527445965,1.327526198757387,0.092933750000000009,177,-0.12877922247751697
bestest_hydronic_heat_pump,72,bestest_hydronic_heat_pump:day072,2,clean,direct_h8_rssm,192,144,9,368a5136eb25df9a2027b37dc2ac5631efb25e004ffb466d72c715514c8af7b4,f89a1278269a3dae30d75c54a8a1b6fa2249a6f0ee664822aa2a2fd385e45014,11.84795785272598,5.1938216470495604,46.992638104602548,0.77777777777777779,0,0.22222222222222221,4,5.2267396366828791,0,0.34122071123911185,0.08591049761968346,0.056983858776931684,0.020257950813778503,3.123484079473028e-05,0.092933750000000009,177,0.10134672527445965,1.327526198757387,0.092933750000000009,177,-0.072034905737360488
bestest_hydronic_heat_pump,72,bestest_hydronic_heat_pump:day072,2,clean,legacy_rssm,192,144,9,368a5136eb25df9a2027b37dc2ac5631efb25e004ffb466d72c715514c8af7b4,f89a1278269a3dae30d75c54a8a1b6fa2249a6f0ee664822aa2a2fd385e45014,10.376478951495798,7.9281616751879085,41.220900504147167,0.88888888888888884,0,0.1111111111111111,3,7.8517402234383011,0,0.31059935061711713,0.07805360434774325,0.051870091553058578,0.020257950813778503,2.9132647733483083e-05,0.092933750000000009,177,0.10134672527445965,1.327526198757387,0.092933750000000009,177,-0.10689112426354423
bestest_hydronic_heat_pump,72,bestest_hydronic_heat_pump:day072,2,clean,rc_supervisory_selector,192,144,9,368a5136eb25df9a2027b37dc2ac5631efb25e004ffb466d72c715514c8af7b4,f89a1278269a3dae30d75c54a8a1b6fa2249a6f0ee664822aa2a2fd385e45014,10.001971347787144,1.8071513069562997,39.641386926121363,0.66666666666666663,0,0.33333333333333331,6,1.8502764658750828,0,0.30632371989778456,0.077136383408208747,0.051156061222930024,0.01992832551183164,7.4630923712232755e-06,0.092933750000000009,177,0.10134672527445965,1.327526198757387,0.092933750000000009,177,-0.12877922247751697
bestest_hydronic_heat_pump,72,bestest_hydronic_heat_pump:day072,2,clean,tuned_rule_based,192,144,9,368a5136eb25df9a2027b37dc2ac5631efb25e004ffb466d72c715514c8af7b4,f89a1278269a3dae30d75c54a8a1b6fa2249a6f0ee664822aa2a2fd385e45014,10.001971347787144,1.8071513069562997,39.641386926121363,0.66666666666666663,0,0.33333333333333331,6,1.8502764658750828,0,0.30632371989778456,0.077136383408208747,0.051156061222930024,0.01992832551183164,6.3728232103561929e-06,0.092933750000000009,177,0.10134672527445965,1.327526198757387,0.092933750000000009,177,-0.12877922247751697
bestest_hydronic_heat_pump,72,bestest_hydronic_heat_pump:day072,2,zone_bias_negative,constant_zero,192,144,0,368a5136eb25df9a2027b37dc2ac5631efb25e004ffb466d72c715514c8af7b4,f89a1278269a3dae30d75c54a8a1b6fa2249a6f0ee664822aa2a2fd385e45014,14.783370584440778,1.1620822137928712,57.84963971738118,0,1,0,0,1.327526198757387,0,0.39864445718274916,0.10134672527445965,0.066573624349519134,0.012522309403825184,6.0978554375578031e-06,0.092933750000000009,177,0.10134672527445965,1.327526198757387,0.092933750000000009,177,0
bestest_hydronic_heat_pump,72,bestest_hydronic_heat_pump:day072,2,zone_bias_negative,deterministic_wm,192,144,9,368a5136eb25df9a2027b37dc2ac5631efb25e004ffb466d72c715514c8af7b4,f89a1278269a3dae30d75c54a8a1b6fa2249a6f0ee664822aa2a2fd385e45014,10.482737038967358,1.5662771267298723,41.66107300436105,0.55555555555555558,0.1111111111111111,0.33333333333333331,6,1.6067431916995991,0,0.316605813607024,0.079603851566104486,0.052873170872373018,0.01992832551183164,1.5683315603312814e-05,0.092933750000000009,177,0.10134672527445965,1.327526198757387,0.092933750000000009,177,-0.11619175479285279
bestest_hydronic_heat_pump,72,bestest_hydronic_heat_pump:day072,2,zone_bias_negative,direct_h8_rssm,192,144,9,368a5136eb25df9a2027b37dc2ac5631efb25e004ffb466d72c715514c8af7b4,f89a1278269a3dae30d75c54a8a1b6fa2249a6f0ee664822aa2a2fd385e45014,11.84795785272598,5.1938216470495604,46.992638104602548,0.77777777777777779,0,0.22222222222222221,4,5.2267396366828791,0,0.34122071123911185,0.08591049761968346,0.056983858776931684,0.020257950813778503,2.7313912032717118e-05,0.092933750000000009,177,0.10134672527445965,1.327526198757387,0.092933750000000009,177,-0.072034905737360488
bestest_hydronic_heat_pump,72,bestest_hydronic_heat_pump:day072,2,zone_bias_negative,legacy_rssm,192,144,9,368a5136eb25df9a2027b37dc2ac5631efb25e004ffb466d72c715514c8af7b4,f89a1278269a3dae30d75c54a8a1b6fa2249a6f0ee664822aa2a2fd385e45014,10.376478951495798,7.9281616751879085,41.220900504147167,0.88888888888888884,0,0.1111111111111111,3,7.8517402234383011,0,0.31059935061711713,0.07805360434774325,0.051870091553058578,0.020257950813778503,2.8443533435264526e-05,0.092933750000000009,177,0.10134672527445965,1.327526198757387,0.092933750000000009,177,-0.10689112426354423
bestest_hydronic_heat_pump,72,bestest_hydronic_heat_pump:day072,2,zone_bias_negative,rc_supervisory_selector,192,144,9,368a5136eb25df9a2027b37dc2ac5631efb25e004ffb466d72c715514c8af7b4,f89a1278269a3dae30d75c54a8a1b6fa2249a6f0ee664822aa2a2fd385e45014,11.728678521223596,1.7369335914949176,46.260687104142903,0.55555555555555558,0.1111111111111111,0.33333333333333331,5,1.770530358187383,0,0.3387586853116048,0.085651526843040546,0.056572700447038021,0.019979580967620605,7.3464919551296795e-06,0.092933750000000009,177,0.10134672527445965,1.327526198757387,0.092933750000000009,177,-0.083191517332482631
bestest_hydronic_heat_pump,72,bestest_hydronic_heat_pump:day072,2,zone_bias_negative,tuned_rule_based,192,144,9,368a5136eb25df9a2027b37dc2ac5631efb25e004ffb466d72c715514c8af7b4,f89a1278269a3dae30d75c54a8a1b6fa2249a6f0ee664822aa2a2fd385e45014,10.001971347787144,1.8071513069562997,39.641386926121363,0.66666666666666663,0,0.33333333333333331,6,1.8502764658750828,0,0.30632371989778456,0.077136383408208747,0.051156061222930024,0.01992832551183164,6.0430843515268531e-06,0.092933750000000009,177,0.10134672527445965,1.327526198757387,0.092933750000000009,177,-0.12877922247751697
bestest_hydronic_heat_pump,72,bestest_hydronic_heat_pump:day072,2,zone_bias_positive,constant_zero,192,144,0,368a5136eb25df9a2027b37dc2ac5631efb25e004ffb466d72c715514c8af7b4,f89a1278269a3dae30d75c54a8a1b6fa2249a6f0ee664822aa2a2fd385e45014,14.783370584440778,1.1620822137928712,57.84963971738118,0,1,0,0,1.327526198757387,0,0.39864445718274916,0.10134672527445965,0.066573624349519134,0.012522309403825184,6.254028622115191e-06,0.092933750000000009,177,0.10134672527445965,1.327526198757387,0.092933750000000009,177,0
bestest_hydronic_heat_pump,72,bestest_hydronic_heat_pump:day072,2,zone_bias_positive,deterministic_wm,192,144,9,368a5136eb25df9a2027b37dc2ac5631efb25e004ffb466d72c715514c8af7b4,f89a1278269a3dae30d75c54a8a1b6fa2249a6f0ee664822aa2a2fd385e45014,11.84795785272598,5.1938216470495604,46.992638104602548,0.77777777777777779,0,0.22222222222222221,4,5.2267396366828791,0,0.34122071123911185,0.08591049761968346,0.056983858776931684,0.020257950813778503,1.6645633460062061e-05,0.092933750000000009,177,0.10134672527445965,1.327526198757387,0.092933750000000009,177,-0.072034905737360488
bestest_hydronic_heat_pump,72,bestest_hydronic_heat_pump:day072,2,zone_bias_positive,direct_h8_rssm,192,144,9,368a5136eb25df9a2027b37dc2ac5631efb25e004ffb466d72c715514c8af7b4,f89a1278269a3dae30d75c54a8a1b6fa2249a6f0ee664822aa2a2fd385e45014,11.84795785272598,5.1938216470495604,46.992638104602548,0.77777777777777779,0,0.22222222222222221,4,5.2267396366828791,0,0.34122071123911185,0.08591049761968346,0.056983858776931684,0.020257950813778503,2.8857370668403491e-05,0.092933750000000009,177,0.10134672527445965,1.327526198757387,0.092933750000000009,177,-0.072034905737360488
bestest_hydronic_heat_pump,72,bestest_hydronic_heat_pump:day072,2,zone_bias_positive,legacy_rssm,192,144,9,368a5136eb25df9a2027b37dc2ac5631efb25e004ffb466d72c715514c8af7b4,f89a1278269a3dae30d75c54a8a1b6fa2249a6f0ee664822aa2a2fd385e45014,10.376478951495798,7.9281616751879085,41.220900504147167,0.88888888888888884,0,0.1111111111111111,3,7.8517402234383011,0,0.31059935061711713,0.07805360434774325,0.051870091553058578,0.020257950813778503,2.8462401651379117e-05,0.092933750000000009,177,0.10134672527445965,1.327526198757387,0.092933750000000009,177,-0.10689112426354423
bestest_hydronic_heat_pump,72,bestest_hydronic_heat_pump:day072,2,zone_bias_positive,rc_supervisory_selector,192,144,9,368a5136eb25df9a2027b37dc2ac5631efb25e004ffb466d72c715514c8af7b4,f89a1278269a3dae30d75c54a8a1b6fa2249a6f0ee664822aa2a2fd385e45014,11.156837445037461,8.289127478166705,44.860710866390392,0.77777777777777779,0,0.22222222222222221,4,8.318502977514596,0,0.33156520427294311,0.082594558867605042,0.055371389113581505,0.020292842593662458,7.573673377000988e-06,0.092933750000000009,177,0.10134672527445965,1.327526198757387,0.092933750000000009,177,-0.081141447530485578
bestest_hydronic_heat_pump,72,bestest_hydronic_heat_pump:day072,2,zone_bias_positive,tuned_rule_based,192,144,9,368a5136eb25df9a2027b37dc2ac5631efb25e004ffb466d72c715514c8af7b4,f89a1278269a3dae30d75c54a8a1b6fa2249a6f0ee664822aa2a2fd385e45014,11.84795785272598,5.1938216470495604,46.992638104602548,0.77777777777777779,0,0.22222222222222221,4,5.2267396366828791,0,0.34122071123911185,0.08591049761968346,0.056983858776931684,0.020257950813778503,6.3006554737279683e-06,0.092933750000000009,177,0.10134672527445965,1.327526198757387,0.092933750000000009,177,-0.072034905737360488
bestest_hydronic_heat_pump,72,bestest_hydronic_heat_pump:day072,2,zone_drift_negative,constant_zero,192,144,0,368a5136eb25df9a2027b37dc2ac5631efb25e004ffb466d72c715514c8af7b4,f89a1278269a3dae30d75c54a8a1b6fa2249a6f0ee664822aa2a2fd385e45014,14.783370584440778,1.1620822137928712,57.84963971738118,0,1,0,0,1.327526198757387,0,0.39864445718274916,0.10134672527445965,0.066573624349519134,0.012522309403825184,6.1297721818410215e-06,0.092933750000000009,177,0.10134672527445965,1.327526198757387,0.092933750000000009,177,0
bestest_hydronic_heat_pump,72,bestest_hydronic_heat_pump:day072,2,zone_drift_negative,deterministic_wm,192,144,9,368a5136eb25df9a2027b37dc2ac5631efb25e004ffb466d72c715514c8af7b4,f89a1278269a3dae30d75c54a8a1b6fa2249a6f0ee664822aa2a2fd385e45014,10.482737038967358,1.5662771267298723,41.66107300436105,0.55555555555555558,0.1111111111111111,0.33333333333333331,6,1.6067431916995991,0,0.316605813607024,0.079603851566104486,0.052873170872373018,0.01992832551183164,1.5437970541465274e-05,0.092933750000000009,177,0.10134672527445965,1.327526198757387,0.092933750000000009,177,-0.11619175479285279
bestest_hydronic_heat_pump,72,bestest_hydronic_heat_pump:day072,2,zone_drift_negative,direct_h8_rssm,192,144,9,368a5136eb25df9a2027b37dc2ac5631efb25e004ffb466d72c715514c8af7b4,f89a1278269a3dae30d75c54a8a1b6fa2249a6f0ee664822aa2a2fd385e45014,11.84795785272598,5.1938216470495604,46.992638104602548,0.77777777777777779,0,0.22222222222222221,4,5.2267396366828791,0,0.34122071123911185,0.08591049761968346,0.056983858776931684,0.020257950813778503,2.7541469320992936e-05,0.092933750000000009,177,0.10134672527445965,1.327526198757387,0.092933750000000009,177,-0.072034905737360488
bestest_hydronic_heat_pump,72,bestest_hydronic_heat_pump:day072,2,zone_drift_negative,legacy_rssm,192,144,9,368a5136eb25df9a2027b37dc2ac5631efb25e004ffb466d72c715514c8af7b4,f89a1278269a3dae30d75c54a8a1b6fa2249a6f0ee664822aa2a2fd385e45014,10.376478951495798,7.9281616751879085,41.220900504147167,0.88888888888888884,0,0.1111111111111111,3,7.8517402234383011,0,0.31059935061711713,0.07805360434774325,0.051870091553058578,0.020257950813778503,2.9028134681652834e-05,0.092933750000000009,177,0.10134672527445965,1.327526198757387,0.092933750000000009,177,-0.10689112426354423
bestest_hydronic_heat_pump,72,bestest_hydronic_heat_pump:day072,2,zone_drift_negative,rc_supervisory_selector,192,144,9,368a5136eb25df9a2027b37dc2ac5631efb25e004ffb466d72c715514c8af7b4,f89a1278269a3dae30d75c54a8a1b6fa2249a6f0ee664822aa2a2fd385e45014,12.024215365968285,1.7830224005738842,47.232481512797321,0.66666666666666663,0,0.33333333333333331,4,1.8354977029863986,0,0.34295563482218777,0.087006349828150809,0.057273591015305367,0.019983606612593255,7.3834863632761373e-06,0.092933750000000009,177,0.10134672527445965,1.327526198757387,0.092933750000000009,177,-0.075718806649914303
bestest_hydronic_heat_pump,72,bestest_hydronic_heat_pump:day072,2,zone_drift_negative,tuned_rule_based,192,144,9,368a5136eb25df9a2027b37dc2ac5631efb25e004ffb466d72c715514c8af7b4,f89a1278269a3dae30d75c54a8a1b6fa2249a6f0ee664822aa2a2fd385e45014,10.001971347787144,1.8071513069562997,39.641386926121363,0.66666666666666663,0,0.33333333333333331,6,1.8502764658750828,0,0.30632371989778456,0.077136383408208747,0.051156061222930024,0.01992832551183164,6.3793668918931392e-06,0.092933750000000009,177,0.10134672527445965,1.327526198757387,0.092933750000000009,177,-0.12877922247751697
bestest_hydronic_heat_pump,72,bestest_hydronic_heat_pump:day072,2,zone_drift_positive,constant_zero,192,144,0,368a5136eb25df9a2027b37dc2ac5631efb25e004ffb466d72c715514c8af7b4,f89a1278269a3dae30d75c54a8a1b6fa2249a6f0ee664822aa2a2fd385e45014,14.783370584440778,1.1620822137928712,57.84963971738118,0,1,0,0,1.327526198757387,0,0.39864445718274916,0.10134672527445965,0.066573624349519134,0.012522309403825184,6.1809954218839475e-06,0.092933750000000009,177,0.10134672527445965,1.327526198757387,0.092933750000000009,177,0
bestest_hydronic_heat_pump,72,bestest_hydronic_heat_pump:day072,2,zone_drift_positive,deterministic_wm,192,144,9,368a5136eb25df9a2027b37dc2ac5631efb25e004ffb466d72c715514c8af7b4,f89a1278269a3dae30d75c54a8a1b6fa2249a6f0ee664822aa2a2fd385e45014,10.001971347787144,1.8071513069562997,39.641386926121363,0.66666666666666663,0,0.33333333333333331,6,1.8502764658750828,0,0.30632371989778456,0.077136383408208747,0.051156061222930024,0.01992832551183164,1.5676803821876618e-05,0.092933750000000009,177,0.10134672527445965,1.327526198757387,0.092933750000000009,177,-0.12877922247751697
bestest_hydronic_heat_pump,72,bestest_hydronic_heat_pump:day072,2,zone_drift_positive,direct_h8_rssm,192,144,9,368a5136eb25df9a2027b37dc2ac5631efb25e004ffb466d72c715514c8af7b4,f89a1278269a3dae30d75c54a8a1b6fa2249a6f0ee664822aa2a2fd385e45014,11.84795785272598,5.1938216470495604,46.992638104602548,0.77777777777777779,0,0.22222222222222221,4,5.2267396366828791,0,0.34122071123911185,0.08591049761968346,0.056983858776931684,0.020257950813778503,2.9018384346509828e-05,0.092933750000000009,177,0.10134672527445965,1.327526198757387,0.092933750000000009,177,-0.072034905737360488
bestest_hydronic_heat_pump,72,bestest_hydronic_heat_pump:day072,2,zone_drift_positive,legacy_rssm,192,144,9,368a5136eb25df9a2027b37dc2ac5631efb25e004ffb466d72c715514c8af7b4,f89a1278269a3dae30d75c54a8a1b6fa2249a6f0ee664822aa2a2fd385e45014,10.376478951495798,7.9281616751879085,41.220900504147167,0.88888888888888884,0,0.1111111111111111,3,7.8517402234383011,0,0.31059935061711713,0.07805360434774325,0.051870091553058578,0.020257950813778503,3.0523977562603117e-05,0.092933750000000009,177,0.10134672527445965,1.327526198757387,0.092933750000000009,177,-0.10689112426354423
bestest_hydronic_heat_pump,72,bestest_hydronic_heat_pump:day072,2,zone_drift_positive,rc_supervisory_selector,192,144,9,368a5136eb25df9a2027b37dc2ac5631efb25e004ffb466d72c715514c8af7b4,f89a1278269a3dae30d75c54a8a1b6fa2249a6f0ee664822aa2a2fd385e45014,11.156837445037461,8.289127478166705,44.860710866390392,0.77777777777777779,0,0.22222222222222221,4,8.318502977514596,0,0.33156520427294311,0.082594558867605042,0.055371389113581505,0.020292842593662458,7.0864451077179967e-06,0.092933750000000009,177,0.10134672527445965,1.327526198757387,0.092933750000000009,177,-0.081141447530485578
bestest_hydronic_heat_pump,72,bestest_hydronic_heat_pump:day072,2,zone_drift_positive,tuned_rule_based,192,144,9,368a5136eb25df9a2027b37dc2ac5631efb25e004ffb466d72c715514c8af7b4,f89a1278269a3dae30d75c54a8a1b6fa2249a6f0ee664822aa2a2fd385e45014,11.84795785272598,5.1938216470495604,46.992638104602548,0.77777777777777779,0,0.22222222222222221,4,5.2267396366828791,0,0.34122071123911185,0.08591049761968346,0.056983858776931684,0.020257950813778503,6.2749370577170302e-06,0.092933750000000009,177,0.10134672527445965,1.327526198757387,0.092933750000000009,177,-0.072034905737360488
bestest_hydronic_heat_pump,72,bestest_hydronic_heat_pump:day072,2,zone_stuck,constant_zero,192,144,0,368a5136eb25df9a2027b37dc2ac5631efb25e004ffb466d72c715514c8af7b4,f89a1278269a3dae30d75c54a8a1b6fa2249a6f0ee664822aa2a2fd385e45014,14.783370584440778,1.1620822137928712,57.84963971738118,0,1,0,0,1.327526198757387,0,0.39864445718274916,0.10134672527445965,0.066573624349519134,0.012522309403825184,6.1300301565688456e-06,0.092933750000000009,177,0.10134672527445965,1.327526198757387,0.092933750000000009,177,0
bestest_hydronic_heat_pump,72,bestest_hydronic_heat_pump:day072,2,zone_stuck,deterministic_wm,192,144,9,368a5136eb25df9a2027b37dc2ac5631efb25e004ffb466d72c715514c8af7b4,f89a1278269a3dae30d75c54a8a1b6fa2249a6f0ee664822aa2a2fd385e45014,10.001971347787144,1.8071513069562997,39.641386926121363,0.66666666666666663,0,0.33333333333333331,6,1.8502764658750828,0,0.30632371989778456,0.077136383408208747,0.051156061222930024,0.01992832551183164,1.6250267772219635e-05,0.092933750000000009,177,0.10134672527445965,1.327526198757387,0.092933750000000009,177,-0.12877922247751697
bestest_hydronic_heat_pump,72,bestest_hydronic_heat_pump:day072,2,zone_stuck,direct_h8_rssm,192,144,9,368a5136eb25df9a2027b37dc2ac5631efb25e004ffb466d72c715514c8af7b4,f89a1278269a3dae30d75c54a8a1b6fa2249a6f0ee664822aa2a2fd385e45014,11.84795785272598,5.1938216470495604,46.992638104602548,0.77777777777777779,0,0.22222222222222221,4,5.2267396366828791,0,0.34122071123911185,0.08591049761968346,0.056983858776931684,0.020257950813778503,2.6999417261164711e-05,0.092933750000000009,177,0.10134672527445965,1.327526198757387,0.092933750000000009,177,-0.072034905737360488
bestest_hydronic_heat_pump,72,bestest_hydronic_heat_pump:day072,2,zone_stuck,legacy_rssm,192,144,9,368a5136eb25df9a2027b37dc2ac5631efb25e004ffb466d72c715514c8af7b4,f89a1278269a3dae30d75c54a8a1b6fa2249a6f0ee664822aa2a2fd385e45014,10.376478951495798,7.9281616751879085,41.220900504147167,0.88888888888888884,0,0.1111111111111111,3,7.8517402234383011,0,0.31059935061711713,0.07805360434774325,0.051870091553058578,0.020257950813778503,2.7687631421757688e-05,0.092933750000000009,177,0.10134672527445965,1.327526198757387,0.092933750000000009,177,-0.10689112426354423
bestest_hydronic_heat_pump,72,bestest_hydronic_heat_pump:day072,2,zone_stuck,rc_supervisory_selector,192,144,9,368a5136eb25df9a2027b37dc2ac5631efb25e004ffb466d72c715514c8af7b4,f89a1278269a3dae30d75c54a8a1b6fa2249a6f0ee664822aa2a2fd385e45014,10.001971347787144,1.8071513069562997,39.641386926121363,0.66666666666666663,0,0.33333333333333331,6,1.8502764658750828,0,0.30632371989778456,0.077136383408208747,0.051156061222930024,0.01992832551183164,7.3835487765167397e-06,0.092933750000000009,177,0.10134672527445965,1.327526198757387,0.092933750000000009,177,-0.12877922247751697
bestest_hydronic_heat_pump,72,bestest_hydronic_heat_pump:day072,2,zone_stuck,tuned_rule_based,192,144,9,368a5136eb25df9a2027b37dc2ac5631efb25e004ffb466d72c715514c8af7b4,f89a1278269a3dae30d75c54a8a1b6fa2249a6f0ee664822aa2a2fd385e45014,10.001971347787144,1.8071513069562997,39.641386926121363,0.66666666666666663,0,0.33333333333333331,6,1.8502764658750828,0,0.30632371989778456,0.077136383408208747,0.051156061222930024,0.01992832551183164,6.5062044664064483e-06,0.092933750000000009,177,0.10134672527445965,1.327526198757387,0.092933750000000009,177,-0.12877922247751697
bestest_hydronic_heat_pump,144,bestest_hydronic_heat_pump:day144,2,clean,constant_zero,192,144,0,6c79ce780092ea10d472e99fe0800c700f666b3ba9c6f5a3f290a7457733975c,733e020b8e516a771f6217bec6258821cf5608c9b150c48f9c59911cc53872e3,0,1.7594660701492586,0,0,1,0,0,2.4314038673825191,0,0.063293813880624689,0.015445890528205136,0.010570066918064324,0.011467838202755912,6.1921257831247269e-06,0.092933750000000009,54,0.015445890528205136,2.4314038673825191,0.092933750000000009,54,0
bestest_hydronic_heat_pump,144,bestest_hydronic_heat_pump:day144,2,clean,deterministic_wm,192,144,9,6c79ce780092ea10d472e99fe0800c700f666b3ba9c6f5a3f290a7457733975c,733e020b8e516a771f6217bec6258821cf5608c9b150c48f9c59911cc53872e3,1.8625241839584752,2.1532930227930791,7.5969199153031024,0.44444444444444442,0.44444444444444442,0.1111111111111111,5,2.8256234669395512,0,0.10469403791399515,0.025565150716090317,0.017483904331637191,0.011467838202755912,1.5283961015915439e-05,0.092933750000000009,54,0.015445890528205136,2.4314038673825191,0.092933750000000009,54,0.058093589754164093
bestest_hydronic_heat_pump,144,bestest_hydronic_heat_pump:day144,2,clean,direct_h8_rssm,192,144,9,6c79ce780092ea10d472e99fe0800c700f666b3ba9c6f5a3f290a7457733975c,733e020b8e516a771f6217bec6258821cf5608c9b150c48f9c59911cc53872e3,0,1.7594660701492586,0,0.55555555555555558,0.44444444444444442,0,3,2.4314038673825191,0,0.063293813880624689,0.015445890528205136,0.010570066918064324,0.011467838202755912,2.8650463841001678e-05,0.092933750000000009,54,0.015445890528205136,2.4314038673825191,0.092933750000000009,54,0
bestest_hydronic_heat_pump,144,bestest_hydronic_heat_pump:day144,2,clean,legacy_rssm,192,144,9,6c79ce780092ea10d472e99fe0800c700f666b3ba9c6f5a3f290a7457733975c,733e020b8e516a771f6217bec6258821cf5608c9b150c48f9c59911cc53872e3,0,1.7594660701492586,0,0.55555555555555558,0.44444444444444442,0,3,2.4314038673825191,0,0.063293813880624689,0.015445890528205136,0.010570066918064324,0.011467838202755912,2.7991758660565563e-05,0.092933750000000009,54,0.015445890528205136,2.4314038673825191,0.092933750000000009,54,0
bestest_hydronic_heat_pump,144,bestest_hydronic_heat_pump:day144,2,clean,rc_supervisory_selector,192,144,9,6c79ce780092ea10d472e99fe0800c700f666b3ba9c6f5a3f290a7457733975c,733e020b8e516a771f6217bec6258821cf5608c9b150c48f9c59911cc53872e3,0,1.7594697219506799,0,1,0,0,1,2.4314075979011252,0,0.063293813880624689,0.015445890528205136,0.010570066918064324,0.011467838202755912,7.4979675031110532e-06,0.092933750000000009,54,0.015445890528205136,2.4314038673825191,0.092933750000000009,54,3.4541838944690539e-08
bestest_hydronic_heat_pump,144,bestest_hydronic_heat_pump:day144,2,clean,tuned_rule_based,192,144,9,6c79ce780092ea10d472e99fe0800c700f666b3ba9c6f5a3f290a7457733975c,733e020b8e516a771f6217bec6258821cf5608c9b150c48f9c59911cc53872e3,1.0749341275947564,1.8991160541780374,4.0320109812256426,0.88888888888888884,0,0.1111111111111111,3,2.571895994820641,0,0.085963748159752967,0.021489695007020734,0.014355945942678748,0.013686007952994671,6.3411644408007986e-06,0.092933750000000009,54,0.015445890528205136,2.4314038673825191,0.092933750000000009,54,0.033817589302648873
bestest_hydronic_heat_pump,144,bestest_hydronic_heat_pump:day144,2,zone_bias_negative,constant_zero,192,144,0,6c79ce780092ea10d472e99fe0800c700f666b3ba9c6f5a3f290a7457733975c,733e020b8e516a771f6217bec6258821cf5608c9b150c48f9c59911cc53872e3,0,1.7594660701492586,0,0,1,0,0,2.4314038673825191,0,0.063293813880624689,0.015445890528205136,0.010570066918064324,0.011467838202755912,6.1950065009187583e-06,0.092933750000000009,54,0.015445890528205136,2.4314038673825191,0.092933750000000009,54,0
bestest_hydronic_heat_pump,144,bestest_hydronic_heat_pump:day144,2,zone_bias_negative,deterministic_wm,192,144,9,6c79ce780092ea10d472e99fe0800c700f666b3ba9c6f5a3f290a7457733975c,733e020b8e516a771f6217bec6258821cf5608c9b150c48f9c59911cc53872e3,1.9552693133829924,2.1081327102796479,7.9348149410056141,0.33333333333333331,0.55555555555555558,0.1111111111111111,6,2.7807136296763932,0,0.10477652173720939,0.025602190582548964,0.01749767913011397,0.011467838202755912,1.5407729245952009e-05,0.092933750000000009,54,0.015445890528205136,2.4314038673825191,0.092933750000000009,54,0.057877038955582653
bestest_hydronic_heat_pump,144,bestest_hydronic_heat_pump:day144,2,zone_bias_negative,direct_h8_rssm,192,144,9,6c79ce780092ea10d472e99fe0800c700f666b3ba9c6f5a3f290a7457733975c,733e020b8e516a771f6217bec6258821cf5608c9b150c48f9c59911cc53872e3,0,1.7594660701492586,0,0.55555555555555558,0.44444444444444442,0,3,2.4314038673825191,0,0.063293813880624689,0.015445890528205136,0.010570066918064324,0.011467838202755912,2.766881452319648e-05,0.092933750000000009,54,0.015445890528205136,2.4314038673825191,0.092933750000000009,54,0
bestest_hydronic_heat_pump,144,bestest_hydronic_heat_pump:day144,2,zone_bias_negative,legacy_rssm,192,144,9,6c79ce780092ea10d472e99fe0800c700f666b3ba9c6f5a3f290a7457733975c,733e020b8e516a771f6217bec6258821cf5608c9b150c48f9c59911cc53872e3,0,1.7594660701492586,0,0.55555555555555558,0.44444444444444442,0,3,2.4314038673825191,0,0.063293813880624689,0.015445890528205136,0.010570066918064324,0.011467838202755912,2.8637603939515758e-05,0.092933750000000009,54,0.015445890528205136,2.4314038673825191,0.092933750000000009,54,0
bestest_hydronic_heat_pump,144,bestest_hydronic_heat_pump:day144,2,zone_bias_negative,rc_supervisory_selector,192,144,9,6c79ce780092ea10d472e99fe0800c700f666b3ba9c6f5a3f290a7457733975c,733e020b8e516a771f6217bec6258821cf5608c9b150c48f9c59911cc53872e3,0.30435554254309355,1.7594506765985898,1.2771948910746687,0.66666666666666663,0.22222222222222221,0.1111111111111111,7,2.4313877014322633,0,0.068020717504847991,0.016572311661857547,0.011359459823309617,0.011467838202755912,7.4436998838876288e-06,0.092933750000000009,54,0.015445890528205136,2.4314038673825191,0.092933750000000009,54,0.0060601950966514481
bestest_hydronic_heat_pump,144,bestest_hydronic_heat_pump:day144,2,zone_bias_negative,tuned_rule_based,192,144,9,6c79ce780092ea10d472e99fe0800c700f666b3ba9c6f5a3f290a7457733975c,733e020b8e516a771f6217bec6258821cf5608c9b150c48f9c59911cc53872e3,1.0749158792166933,1.8990705863250241,4.0319425326957736,0.77777777777777779,0,0.22222222222222221,4,2.5718498116145905,0,0.085963355835635857,0.02148959041341111,0.014355880424551187,0.013685721479694947,6.6025746707794193e-06,0.092933750000000009,54,0.015445890528205136,2.4314038673825191,0.092933750000000009,54,0.033816598948265102
bestest_hydronic_heat_pump,144,bestest_hydronic_heat_pump:day144,2,zone_bias_positive,constant_zero,192,144,0,6c79ce780092ea10d472e99fe0800c700f666b3ba9c6f5a3f290a7457733975c,733e020b8e516a771f6217bec6258821cf5608c9b150c48f9c59911cc53872e3,0,1.7594660701492586,0,0,1,0,0,2.4314038673825191,0,0.063293813880624689,0.015445890528205136,0.010570066918064324,0.011467838202755912,6.3431228295948153e-06,0.092933750000000009,54,0.015445890528205136,2.4314038673825191,0.092933750000000009,54,0
bestest_hydronic_heat_pump,144,bestest_hydronic_heat_pump:day144,2,zone_bias_positive,deterministic_wm,192,144,9,6c79ce780092ea10d472e99fe0800c700f666b3ba9c6f5a3f290a7457733975c,733e020b8e516a771f6217bec6258821cf5608c9b150c48f9c59911cc53872e3,0,1.7594731910509438,0,0.66666666666666663,0.33333333333333331,0,3,2.4314113886602757,0,0.063293813880624689,0.015445890528205136,0.010570066918064324,0.011467838202755912,1.5625771982438207e-05,0.092933750000000009,54,0.015445890528205136,2.4314038673825191,0.092933750000000009,54,6.9641460709313208e-08
bestest_hydronic_heat_pump,144,bestest_hydronic_heat_pump:day144,2,zone_bias_positive,direct_h8_rssm,192,144,9,6c79ce780092ea10d472e99fe0800c700f666b3ba9c6f5a3f290a7457733975c,733e020b8e516a771f6217bec6258821cf5608c9b150c48f9c59911cc53872e3,0,1.7594660701492586,0,0.55555555555555558,0.44444444444444442,0,3,2.4314038673825191,0,0.063293813880624689,0.015445890528205136,0.010570066918064324,0.011467838202755912,2.845663882883015e-05,0.092933750000000009,54,0.015445890528205136,2.4314038673825191,0.092933750000000009,54,0
bestest_hydronic_heat_pump,144,bestest_hydronic_heat_pump:day144,2,zone_bias_positive,legacy_rssm,192,144,9,6c79ce780092ea10d472e99fe0800c700f666b3ba9c6f5a3f290a7457733975c,733e020b8e516a771f6217bec6258821cf5608c9b150c48f9c59911cc53872e3,0,1.7594660701492586,0,0.55555555555555558,0.44444444444444442,0,3,2.4314038673825191,0,0.063293813880624689,0.015445890528205136,0.010570066918064324,0.011467838202755912,2.8464674880297948e-05,0.092933750000000009,54,0.015445890528205136,2.4314038673825191,0.092933750000000009,54,0
bestest_hydronic_heat_pump,144,bestest_hydronic_heat_pump:day144,2,zone_bias_positive,rc_supervisory_selector,192,144,9,6c79ce780092ea10d472e99fe0800c700f666b3ba9c6f5a3f290a7457733975c,733e020b8e516a771f6217bec6258821cf5608c9b150c48f9c59911cc53872e3,0,1.7594506765985898,0,0.88888888888888884,0.1111111111111111,0,3,2.4313877014322633,0,0.063293813880624689,0.015445890528205136,0.010570066918064324,0.011467838202755912,7.1096697680266395e-06,0.092933750000000009,54,0.015445890528205136,2.4314038673825191,0.092933750000000009,54,-1.4968472459051282e-07
bestest_hydronic_heat_pump,144,bestest_hydronic_heat_pump:day144,2,zone_bias_positive,tuned_rule_based,192,144,9,6c79ce780092ea10d472e99fe0800c700f666b3ba9c6f5a3f290a7457733975c,733e020b8e516a771f6217bec6258821cf5608c9b150c48f9c59911cc53872e3,1.0749341275947564,1.8991160541780374,4.0320109812256426,0.88888888888888884,0,0.1111111111111111,3,2.571895994820641,0,0.085963748159752967,0.021489695007020734,0.014355945942678748,0.013686007952994671,6.1555155631481998e-06,0.092933750000000009,54,0.015445890528205136,2.4314038673825191,0.092933750000000009,54,0.033817589302648873
bestest_hydronic_heat_pump,144,bestest_hydronic_heat_pump:day144,2,zone_drift_negative,constant_zero,192,144,0,6c79ce780092ea10d472e99fe0800c700f666b3ba9c6f5a3f290a7457733975c,733e020b8e516a771f6217bec6258821cf5608c9b150c48f9c59911cc53872e3,0,1.7594660701492586,0,0,1,0,0,2.4314038673825191,0,0.063293813880624689,0.015445890528205136,0.010570066918064324,0.011467838202755912,6.378577711139743e-06,0.092933750000000009,54,0.015445890528205136,2.4314038673825191,0.092933750000000009,54,0
bestest_hydronic_heat_pump,144,bestest_hydronic_heat_pump:day144,2,zone_drift_negative,deterministic_wm,192,144,9,6c79ce780092ea10d472e99fe0800c700f666b3ba9c6f5a3f290a7457733975c,733e020b8e516a771f6217bec6258821cf5608c9b150c48f9c59911cc53872e3,1.9552693133829924,2.1081327102796479,7.9348149410056141,0.33333333333333331,0.55555555555555558,0.1111111111111111,6,2.7807136296763932,0,0.10477652173720939,0.025602190582548964,0.01749767913011397,0.011467838202755912,1.5785384830033246e-05,0.092933750000000009,54,0.015445890528205136,2.4314038673825191,0.092933750000000009,54,0.057877038955582653
bestest_hydronic_heat_pump,144,bestest_hydronic_heat_pump:day144,2,zone_drift_negative,direct_h8_rssm,192,144,9,6c79ce780092ea10d472e99fe0800c700f666b3ba9c6f5a3f290a7457733975c,733e020b8e516a771f6217bec6258821cf5608c9b150c48f9c59911cc53872e3,0,1.7594660701492586,0,0.55555555555555558,0.44444444444444442,0,3,2.4314038673825191,0,0.063293813880624689,0.015445890528205136,0.010570066918064324,0.011467838202755912,2.79039765180995e-05,0.092933750000000009,54,0.015445890528205136,2.4314038673825191,0.092933750000000009,54,0
bestest_hydronic_heat_pump,144,bestest_hydronic_heat_pump:day144,2,zone_drift_negative,legacy_rssm,192,144,9,6c79ce780092ea10d472e99fe0800c700f666b3ba9c6f5a3f290a7457733975c,733e020b8e516a771f6217bec6258821cf5608c9b150c48f9c59911cc53872e3,0,1.7594660701492586,0,0.55555555555555558,0.44444444444444442,0,3,2.4314038673825191,0,0.063293813880624689,0.015445890528205136,0.010570066918064324,0.011467838202755912,2.7496516531189215e-05,0.092933750000000009,54,0.015445890528205136,2.4314038673825191,0.092933750000000009,54,0
bestest_hydronic_heat_pump,144,bestest_hydronic_heat_pump:day144,2,zone_drift_negative,rc_supervisory_selector,192,144,9,6c79ce780092ea10d472e99fe0800c700f666b3ba9c6f5a3f290a7457733975c,733e020b8e516a771f6217bec6258821cf5608c9b150c48f9c59911cc53872e3,0.3045898329036662,1.7594697219506799,1.278178065059447,0.88888888888888884,0,0.1111111111111111,3,2.4314075979011252,0,0.068095800220941319,0.016590203873102588,0.011371998636897203,0.011467838202755912,7.2953325152882586e-06,0.092933750000000009,54,0.015445890528205136,2.4314038673825191,0.092933750000000009,54,0.0061566425819613527
bestest_hydronic_heat_pump,144,bestest_hydronic_heat_pump:day144,2,zone_drift_negative,tuned_rule_based,192,144,9,6c79ce780092ea10d472e99fe0800c700f666b3ba9c6f5a3f290a7457733975c,733e020b8e516a771f6217bec6258821cf5608c9b150c48f9c59911cc53872e3,1.0749341275947564,1.8991160541780374,4.0320109812256426,0.88888888888888884,0,0.1111111111111111,3,2.571895994820641,0,0.085963748159752967,0.021489695007020734,0.014355945942678748,0.013686007952994671,6.1102493201805592e-06,0.092933750000000009,54,0.015445890528205136,2.4314038673825191,0.092933750000000009,54,0.033817589302648873
bestest_hydronic_heat_pump,144,bestest_hydronic_heat_pump:day144,2,zone_drift_positive,constant_zero,192,144,0,6c79ce780092ea10d472e99fe0800c700f666b3ba9c6f5a3f290a7457733975c,733e020b8e516a771f6217bec6258821cf5608c9b150c48f9c59911cc53872e3,0,1.7594660701492586,0,0,1,0,0,2.4314038673825191,0,0.063293813880624689,0.015445890528205136,0.010570066918064324,0.011467838202755912,6.2448830019255722e-06,0.092933750000000009,54,0.015445890528205136,2.4314038673825191,0.092933750000000009,54,0
bestest_hydronic_heat_pump,144,bestest_hydronic_heat_pump:day144,2,zone_drift_positive,deterministic_wm,192,144,9,6c79ce780092ea10d472e99fe0800c700f666b3ba9c6f5a3f290a7457733975c,733e020b8e516a771f6217bec6258821cf5608c9b150c48f9c59911cc53872e3,0,1.7594660701492586,0,0.55555555555555558,0.44444444444444442,0,3,2.4314038673825191,0,0.063293813880624689,0.015445890528205136,0.010570066918064324,0.011467838202755912,1.6170996021849944e-05,0.092933750000000009,54,0.015445890528205136,2.4314038673825191,0.092933750000000009,54,0
bestest_hydronic_heat_pump,144,bestest_hydronic_heat_pump:day144,2,zone_drift_positive,direct_h8_rssm,192,144,9,6c79ce780092ea10d472e99fe0800c700f666b3ba9c6f5a3f290a7457733975c,733e020b8e516a771f6217bec6258821cf5608c9b150c48f9c59911cc53872e3,0,1.7594660701492586,0,0.55555555555555558,0.44444444444444442,0,3,2.4314038673825191,0,0.063293813880624689,0.015445890528205136,0.010570066918064324,0.011467838202755912,2.875796718053723e-05,0.092933750000000009,54,0.015445890528205136,2.4314038673825191,0.092933750000000009,54,0
bestest_hydronic_heat_pump,144,bestest_hydronic_heat_pump:day144,2,zone_drift_positive,legacy_rssm,192,144,9,6c79ce780092ea10d472e99fe0800c700f666b3ba9c6f5a3f290a7457733975c,733e020b8e516a771f6217bec6258821cf5608c9b150c48f9c59911cc53872e3,0,1.7594660701492586,0,0.55555555555555558,0.44444444444444442,0,3,2.4314038673825191,0,0.063293813880624689,0.015445890528205136,0.010570066918064324,0.011467838202755912,2.9762161547808951e-05,0.092933750000000009,54,0.015445890528205136,2.4314038673825191,0.092933750000000009,54,0
bestest_hydronic_heat_pump,144,bestest_hydronic_heat_pump:day144,2,zone_drift_positive,rc_supervisory_selector,192,144,9,6c79ce780092ea10d472e99fe0800c700f666b3ba9c6f5a3f290a7457733975c,733e020b8e516a771f6217bec6258821cf5608c9b150c48f9c59911cc53872e3,0,1.7594697219506799,0,1,0,0,1,2.4314075979011252,0,0.063293813880624689,0.015445890528205136,0.010570066918064324,0.011467838202755912,7.501939759135178e-06,0.092933750000000009,54,0.015445890528205136,2.4314038673825191,0.092933750000000009,54,3.4541838944690539e-08
bestest_hydronic_heat_pump,144,bestest_hydronic_heat_pump:day144,2,zone_drift_positive,tuned_rule_based,192,144,9,6c79ce780092ea10d472e99fe0800c700f666b3ba9c6f5a3f290a7457733975c,733e020b8e516a771f6217bec6258821cf5608c9b150c48f9c59911cc53872e3,1.0749341275947564,1.8991160541780374,4.0320109812256426,0.88888888888888884,0,0.1111111111111111,3,2.571895994820641,0,0.085963748159752967,0.021489695007020734,0.014355945942678748,0.013686007952994671,6.5538396385951819e-06,0.092933750000000009,54,0.015445890528205136,2.4314038673825191,0.092933750000000009,54,0.033817589302648873
bestest_hydronic_heat_pump,144,bestest_hydronic_heat_pump:day144,2,zone_stuck,constant_zero,192,144,0,6c79ce780092ea10d472e99fe0800c700f666b3ba9c6f5a3f290a7457733975c,733e020b8e516a771f6217bec6258821cf5608c9b150c48f9c59911cc53872e3,0,1.7594660701492586,0,0,1,0,0,2.4314038673825191,0,0.063293813880624689,0.015445890528205136,0.010570066918064324,0.011467838202755912,5.8369722527220472e-06,0.092933750000000009,54,0.015445890528205136,2.4314038673825191,0.092933750000000009,54,0
bestest_hydronic_heat_pump,144,bestest_hydronic_heat_pump:day144,2,zone_stuck,deterministic_wm,192,144,9,6c79ce780092ea10d472e99fe0800c700f666b3ba9c6f5a3f290a7457733975c,733e020b8e516a771f6217bec6258821cf5608c9b150c48f9c59911cc53872e3,1.8625241839584752,2.1532930227930791,7.5969199153031024,0.44444444444444442,0.44444444444444442,0.1111111111111111,5,2.8256234669395512,0,0.10469403791399515,0.025565150716090317,0.017483904331637191,0.011467838202755912,1.5989911632526747e-05,0.092933750000000009,54,0.015445890528205136,2.4314038673825191,0.092933750000000009,54,0.058093589754164093
bestest_hydronic_heat_pump,144,bestest_hydronic_heat_pump:day144,2,zone_stuck,direct_h8_rssm,192,144,9,6c79ce780092ea10d472e99fe0800c700f666b3ba9c6f5a3f290a7457733975c,733e020b8e516a771f6217bec6258821cf5608c9b150c48f9c59911cc53872e3,0,1.7594660701492586,0,0.55555555555555558,0.44444444444444442,0,3,2.4314038673825191,0,0.063293813880624689,0.015445890528205136,0.010570066918064324,0.011467838202755912,2.9624642987387207e-05,0.092933750000000009,54,0.015445890528205136,2.4314038673825191,0.092933750000000009,54,0
bestest_hydronic_heat_pump,144,bestest_hydronic_heat_pump:day144,2,zone_stuck,legacy_rssm,192,144,9,6c79ce780092ea10d472e99fe0800c700f666b3ba9c6f5a3f290a7457733975c,733e020b8e516a771f6217bec6258821cf5608c9b150c48f9c59911cc53872e3,0,1.7594660701492586,0,0.55555555555555558,0.44444444444444442,0,3,2.4314038673825191,0,0.063293813880624689,0.015445890528205136,0.010570066918064324,0.011467838202755912,2.8624637242040357e-05,0.092933750000000009,54,0.015445890528205136,2.4314038673825191,0.092933750000000009,54,0
bestest_hydronic_heat_pump,144,bestest_hydronic_heat_pump:day144,2,zone_stuck,rc_supervisory_selector,192,144,9,6c79ce780092ea10d472e99fe0800c700f666b3ba9c6f5a3f290a7457733975c,733e020b8e516a771f6217bec6258821cf5608c9b150c48f9c59911cc53872e3,0,1.7594506765985898,0,0.88888888888888884,0.1111111111111111,0,3,2.4313877014322633,0,0.063293813880624689,0.015445890528205136,0.010570066918064324,0.011467838202755912,7.2076682644988852e-06,0.092933750000000009,54,0.015445890528205136,2.4314038673825191,0.092933750000000009,54,-1.4968472459051282e-07
bestest_hydronic_heat_pump,144,bestest_hydronic_heat_pump:day144,2,zone_stuck,tuned_rule_based,192,144,9,6c79ce780092ea10d472e99fe0800c700f666b3ba9c6f5a3f290a7457733975c,733e020b8e516a771f6217bec6258821cf5608c9b150c48f9c59911cc53872e3,1.0749341275947564,1.8991160541780374,4.0320109812256426,0.88888888888888884,0,0.1111111111111111,3,2.571895994820641,0,0.085963748159752967,0.021489695007020734,0.014355945942678748,0.013686007952994671,6.2579634301949545e-06,0.092933750000000009,54,0.015445890528205136,2.4314038673825191,0.092933750000000009,54,0.033817589302648873
bestest_hydronic_heat_pump,171,bestest_hydronic_heat_pump:day171,3,clean,constant_zero,192,144,0,a10cea8a01a5fd0e1341079206bf2698f3b5b01a7efdb16b47c4d999d7b17e02,d09c89be80b0f626f62200da2dfdb5819243b19c07362ed3059789c4553d69c2,0,0,0,0,1,0,0,0.14303030565056882,0,0.042450927294319915,0.010262263359141982,0.0070893048581514278,0.0094340825408404504,5.931295302803257e-06,0.092933750000000009,100.5,0.010262263359141982,0.14303030565056882,0.092933750000000009,100.5,0
bestest_hydronic_heat_pump,171,bestest_hydronic_heat_pump:day171,3,clean,deterministic_wm,192,144,9,a10cea8a01a5fd0e1341079206bf2698f3b5b01a7efdb16b47c4d999d7b17e02,d09c89be80b0f626f62200da2dfdb5819243b19c07362ed3059789c4553d69c2,0,0,0,0.77777777777777779,0.22222222222222221,0,3,0.14303030565056882,0,0.042450927294319915,0.010262263359141982,0.0070893048581514278,0.0094340825408404504,1.6031183428095825e-05,0.092933750000000009,100.5,0.010262263359141982,0.14303030565056882,0.092933750000000009,100.5,0
bestest_hydronic_heat_pump,171,bestest_hydronic_heat_pump:day171,3,clean,direct_h8_rssm,192,144,9,a10cea8a01a5fd0e1341079206bf2698f3b5b01a7efdb16b47c4d999d7b17e02,d09c89be80b0f626f62200da2dfdb5819243b19c07362ed3059789c4553d69c2,0,0,0,0.55555555555555558,0.44444444444444442,0,3,0.14303030565056882,0,0.043956700227987547,0.010663702423257773,0.0073407689380739233,0.0094340825408404504,2.7146089763541493e-05,0.092933750000000009,100.5,0.010262263359141982,0.14303030565056882,0.092933750000000009,100.5,0.0021598131148037754
bestest_hydronic_heat_pump,171,bestest_hydronic_heat_pump:day171,3,clean,legacy_rssm,192,144,9,a10cea8a01a5fd0e1341079206bf2698f3b5b01a7efdb16b47c4d999d7b17e02,d09c89be80b0f626f62200da2dfdb5819243b19c07362ed3059789c4553d69c2,0,0,0,0.88888888888888884,0.1111111111111111,0,3,0.14303030565056882,0,0.042450927294319915,0.010262263359141982,0.0070893048581514278,0.0094340825408404504,2.8947976663266594e-05,0.092933750000000009,100.5,0.010262263359141982,0.14303030565056882,0.092933750000000009,100.5,0
bestest_hydronic_heat_pump,171,bestest_hydronic_heat_pump:day171,3,clean,rc_supervisory_selector,192,144,9,a10cea8a01a5fd0e1341079206bf2698f3b5b01a7efdb16b47c4d999d7b17e02,d09c89be80b0f626f62200da2dfdb5819243b19c07362ed3059789c4553d69c2,0,0,0,1,0,0,1,0.14303030565056882,0,0.042450927294319915,0.010262263359141982,0.0070893048581514278,0.0094340825408404504,7.4640674047375778e-06,0.092933750000000009,100.5,0.010262263359141982,0.14303030565056882,0.092933750000000009,100.5,0
bestest_hydronic_heat_pump,171,bestest_hydronic_heat_pump:day171,3,clean,tuned_rule_based,192,144,9,a10cea8a01a5fd0e1341079206bf2698f3b5b01a7efdb16b47c4d999d7b17e02,d09c89be80b0f626f62200da2dfdb5819243b19c07362ed3059789c4553d69c2,1.6040396798925169,0,6.6316005905189304,0.88888888888888884,0,0.1111111111111111,3,0.14303030565056882,0,0.077968725993944096,0.018806145900559623,0.013020777240988667,0.012263780145598249,6.089067653280972e-06,0.092933750000000009,100.5,0.010262263359141982,0.14303030565056882,0.092933750000000009,100.5,0.045967598108424768
bestest_hydronic_heat_pump,171,bestest_hydronic_heat_pump:day171,3,zone_bias_negative,constant_zero,192,144,0,a10cea8a01a5fd0e1341079206bf2698f3b5b01a7efdb16b47c4d999d7b17e02,d09c89be80b0f626f62200da2dfdb5819243b19c07362ed3059789c4553d69c2,0,0,0,0,1,0,0,0.14303030565056882,0,0.042450927294319915,0.010262263359141982,0.0070893048581514278,0.0094340825408404504,6.2718677132402898e-06,0.092933750000000009,100.5,0.010262263359141982,0.14303030565056882,0.092933750000000009,100.5,0
bestest_hydronic_heat_pump,171,bestest_hydronic_heat_pump:day171,3,zone_bias_negative,deterministic_wm,192,144,9,a10cea8a01a5fd0e1341079206bf2698f3b5b01a7efdb16b47c4d999d7b17e02,d09c89be80b0f626f62200da2dfdb5819243b19c07362ed3059789c4553d69c2,1.6040017188622753,0,6.6314370864581527,0.66666666666666663,0.22222222222222221,0.1111111111111111,5,0.14303030565056882,0,0.077967710581214378,0.018805907357195707,0.013020607667062804,0.012262645121125829,1.5666608272283971e-05,0.092933750000000009,100.5,0.010262263359141982,0.14303030565056882,0.092933750000000009,100.5,0.045966314702967026
bestest_hydronic_heat_pump,171,bestest_hydronic_heat_pump:day171,3,zone_bias_negative,direct_h8_rssm,192,144,9,a10cea8a01a5fd0e1341079206bf2698f3b5b01a7efdb16b47c4d999d7b17e02,d09c89be80b0f626f62200da2dfdb5819243b19c07362ed3059789c4553d69c2,0,0,0,0.55555555555555558,0.44444444444444442,0,3,0.14303030565056882,0,0.043956700227987547,0.010663702423257773,0.0073407689380739233,0.0094340825408404504,2.7859782395909313e-05,0.092933750000000009,100.5,0.010262263359141982,0.14303030565056882,0.092933750000000009,100.5,0.0021598131148037754
bestest_hydronic_heat_pump,171,bestest_hydronic_heat_pump:day171,3,zone_bias_negative,legacy_rssm,192,144,9,a10cea8a01a5fd0e1341079206bf2698f3b5b01a7efdb16b47c4d999d7b17e02,d09c89be80b0f626f62200da2dfdb5819243b19c07362ed3059789c4553d69c2,0,0,0,0.88888888888888884,0.1111111111111111,0,3,0.14303030565056882,0,0.042450927294319915,0.010262263359141982,0.0070893048581514278,0.0094340825408404504,2.8859979541860672e-05,0.092933750000000009,100.5,0.010262263359141982,0.14303030565056882,0.092933750000000009,100.5,0
bestest_hydronic_heat_pump,171,bestest_hydronic_heat_pump:day171,3,zone_bias_negative,rc_supervisory_selector,192,144,9,a10cea8a01a5fd0e1341079206bf2698f3b5b01a7efdb16b47c4d999d7b17e02,d09c89be80b0f626f62200da2dfdb5819243b19c07362ed3059789c4553d69c2,1.5027203995031497,0,6.3060025157496824,0.77777777777777779,0,0.22222222222222221,3,0.14303030565056882,0,0.073282812728752533,0.017609501658167277,0.012238229725701674,0.0094340825408404504,7.0814243092517514e-06,0.092933750000000009,100.5,0.010262263359141982,0.14303030565056882,0.092933750000000009,100.5,0.03952944059087949
bestest_hydronic_heat_pump,171,bestest_hydronic_heat_pump:day171,3,zone_bias_negative,tuned_rule_based,192,144,9,a10cea8a01a5fd0e1341079206bf2698f3b5b01a7efdb16b47c4d999d7b17e02,d09c89be80b0f626f62200da2dfdb5819243b19c07362ed3059789c4553d69c2,1.5998162150905895,0,6.613423686157331,0.77777777777777779,0,0.22222222222222221,5,0.14303030565056882,0,0.078212231901436474,0.018874622756197643,0.013061442727539892,0.01213918025274514,6.3103461695521838e-06,0.092933750000000009,100.5,0.010262263359141982,0.14303030565056882,0.092933750000000009,100.5,0.046336015694275007
bestest_hydronic_heat_pump,171,bestest_hydronic_heat_pump:day171,3,zone_bias_positive,constant_zero,192,144,0,a10cea8a01a5fd0e1341079206bf2698f3b5b01a7efdb16b47c4d999d7b17e02,d09c89be80b0f626f62200da2dfdb5819243b19c07362ed3059789c4553d69c2,0,0,0,0,1,0,0,0.14303030565056882,0,0.042450927294319915,0.010262263359141982,0.0070893048581514278,0.0094340825408404504,6.1254795378484727e-06,0.092933750000000009,100.5,0.010262263359141982,0.14303030565056882,0.092933750000000009,100.5,0
bestest_hydronic_heat_pump,171,bestest_hydronic_heat_pump:day171,3,zone_bias_positive,deterministic_wm,192,144,9,a10cea8a01a5fd0e1341079206bf2698f3b5b01a7efdb16b47c4d999d7b17e02,d09c89be80b0f626f62200da2dfdb5819243b19c07362ed3059789c4553d69c2,0,0,0,0.66666666666666663,0.33333333333333331,0,5,0.14303030565056882,0,0.042450927294319915,0.010262263359141982,0.0070893048581514278,0.0094340825408404504,1.6061704889711356e-05,0.092933750000000009,100.5,0.010262263359141982,0.14303030565056882,0.092933750000000009,100.5,0
bestest_hydronic_heat_pump,171,bestest_hydronic_heat_pump:day171,3,zone_bias_positive,direct_h8_rssm,192,144,9,a10cea8a01a5fd0e1341079206bf2698f3b5b01a7efdb16b47c4d999d7b17e02,d09c89be80b0f626f62200da2dfdb5819243b19c07362ed3059789c4553d69c2,0,0,0,0.55555555555555558,0.44444444444444442,0,3,0.14303030565056882,0,0.043956700227987547,0.010663702423257773,0.0073407689380739233,0.0094340825408404504,3.12485481293275e-05,0.092933750000000009,100.5,0.010262263359141982,0.14303030565056882,0.092933750000000009,100.5,0.0021598131148037754
bestest_hydronic_heat_pump,171,bestest_hydronic_heat_pump:day171,3,zone_bias_positive,legacy_rssm,192,144,9,a10cea8a01a5fd0e1341079206bf2698f3b5b01a7efdb16b47c4d999d7b17e02,d09c89be80b0f626f62200da2dfdb5819243b19c07362ed3059789c4553d69c2,0,0,0,0.88888888888888884,0.1111111111111111,0,3,0.14303030565056882,0,0.042450927294319915,0.010262263359141982,0.0070893048581514278,0.0094340825408404504,2.6917202379760394e-05,0.092933750000000009,100.5,0.010262263359141982,0.14303030565056882,0.092933750000000009,100.5,0
bestest_hydronic_heat_pump,171,bestest_hydronic_heat_pump:day171,3,zone_bias_positive,rc_supervisory_selector,192,144,9,a10cea8a01a5fd0e1341079206bf2698f3b5b01a7efdb16b47c4d999d7b17e02,d09c89be80b0f626f62200da2dfdb5819243b19c07362ed3059789c4553d69c2,0,0,0,1,0,0,1,0.14303030565056882,0,0.042450927294319915,0.010262263359141982,0.0070893048581514278,0.0094340825408404504,7.1084187292927838e-06,0.092933750000000009,100.5,0.010262263359141982,0.14303030565056882,0.092933750000000009,100.5,0
bestest_hydronic_heat_pump,171,bestest_hydronic_heat_pump:day171,3,zone_bias_positive,tuned_rule_based,192,144,9,a10cea8a01a5fd0e1341079206bf2698f3b5b01a7efdb16b47c4d999d7b17e02,d09c89be80b0f626f62200da2dfdb5819243b19c07362ed3059789c4553d69c2,1.6040396798925169,0,6.6316005905189304,0.88888888888888884,0,0.1111111111111111,3,0.14303030565056882,0,0.077968725993944096,0.018806145900559623,0.013020777240988667,0.012263780145598249,6.2828801828043771e-06,0.092933750000000009,100.5,0.010262263359141982,0.14303030565056882,0.092933750000000009,100.5,0.045967598108424768
bestest_hydronic_heat_pump,171,bestest_hydronic_heat_pump:day171,3,zone_drift_negative,constant_zero,192,144,0,a10cea8a01a5fd0e1341079206bf2698f3b5b01a7efdb16b47c4d999d7b17e02,d09c89be80b0f626f62200da2dfdb5819243b19c07362ed3059789c4553d69c2,0,0,0,0,1,0,0,0.14303030565056882,0,0.042450927294319915,0.010262263359141982,0.0070893048581514278,0.0094340825408404504,6.2195709654590022e-06,0.092933750000000009,100.5,0.010262263359141982,0.14303030565056882,0.092933750000000009,100.5,0
bestest_hydronic_heat_pump,171,bestest_hydronic_heat_pump:day171,3,zone_drift_negative,deterministic_wm,192,144,9,a10cea8a01a5fd0e1341079206bf2698f3b5b01a7efdb16b47c4d999d7b17e02,d09c89be80b0f626f62200da2dfdb5819243b19c07362ed3059789c4553d69c2,0,0,0,0.66666666666666663,0.33333333333333331,0,5,0.14303030565056882,0,0.042450927294319915,0.010262263359141982,0.0070893048581514278,0.0094340825408404504,1.551836573016581e-05,0.092933750000000009,100.5,0.010262263359141982,0.14303030565056882,0.092933750000000009,100.5,0
bestest_hydronic_heat_pump,171,bestest_hydronic_heat_pump:day171,3,zone_drift_negative,direct_h8_rssm,192,144,9,a10cea8a01a5fd0e1341079206bf2698f3b5b01a7efdb16b47c4d999d7b17e02,d09c89be80b0f626f62200da2dfdb5819243b19c07362ed3059789c4553d69c2,0,0,0,0.55555555555555558,0.44444444444444442,0,3,0.14303030565056882,0,0.043956700227987547,0.010663702423257773,0.0073407689380739233,0.0094340825408404504,2.8259106470166835e-05,0.092933750000000009,100.5,0.010262263359141982,0.14303030565056882,0.092933750000000009,100.5,0.0021598131148037754
bestest_hydronic_heat_pump,171,bestest_hydronic_heat_pump:day171,3,zone_drift_negative,legacy_rssm,192,144,9,a10cea8a01a5fd0e1341079206bf2698f3b5b01a7efdb16b47c4d999d7b17e02,d09c89be80b0f626f62200da2dfdb5819243b19c07362ed3059789c4553d69c2,0,0,0,0.88888888888888884,0.1111111111111111,0,3,0.14303030565056882,0,0.042450927294319915,0.010262263359141982,0.0070893048581514278,0.0094340825408404504,2.7693184813210407e-05,0.092933750000000009,100.5,0.010262263359141982,0.14303030565056882,0.092933750000000009,100.5,0
bestest_hydronic_heat_pump,171,bestest_hydronic_heat_pump:day171,3,zone_drift_negative,rc_supervisory_selector,192,144,9,a10cea8a01a5fd0e1341079206bf2698f3b5b01a7efdb16b47c4d999d7b17e02,d09c89be80b0f626f62200da2dfdb5819243b19c07362ed3059789c4553d69c2,1.5027203995031497,0,6.3060025157496824,0.77777777777777779,0,0.22222222222222221,3,0.14303030565056882,0,0.073282812728752533,0.017609501658167277,0.012238229725701674,0.0094340825408404504,7.4350979523717005e-06,0.092933750000000009,100.5,0.010262263359141982,0.14303030565056882,0.092933750000000009,100.5,0.03952944059087949
bestest_hydronic_heat_pump,171,bestest_hydronic_heat_pump:day171,3,zone_drift_negative,tuned_rule_based,192,144,9,a10cea8a01a5fd0e1341079206bf2698f3b5b01a7efdb16b47c4d999d7b17e02,d09c89be80b0f626f62200da2dfdb5819243b19c07362ed3059789c4553d69c2,1.5998162150905895,0,6.613423686157331,0.77777777777777779,0,0.22222222222222221,5,0.14303030565056882,0,0.078212231901436474,0.018874622756197643,0.013061442727539892,0.01213918025274514,6.2070356128242148e-06,0.092933750000000009,100.5,0.010262263359141982,0.14303030565056882,0.092933750000000009,100.5,0.046336015694275007
bestest_hydronic_heat_pump,171,bestest_hydronic_heat_pump:day171,3,zone_drift_positive,constant_zero,192,144,0,a10cea8a01a5fd0e1341079206bf2698f3b5b01a7efdb16b47c4d999d7b17e02,d09c89be80b0f626f62200da2dfdb5819243b19c07362ed3059789c4553d69c2,0,0,0,0,1,0,0,0.14303030565056882,0,0.042450927294319915,0.010262263359141982,0.0070893048581514278,0.0094340825408404504,6.1777083245455496e-06,0.092933750000000009,100.5,0.010262263359141982,0.14303030565056882,0.092933750000000009,100.5,0
bestest_hydronic_heat_pump,171,bestest_hydronic_heat_pump:day171,3,zone_drift_positive,deterministic_wm,192,144,9,a10cea8a01a5fd0e1341079206bf2698f3b5b01a7efdb16b47c4d999d7b17e02,d09c89be80b0f626f62200da2dfdb5819243b19c07362ed3059789c4553d69c2,0,0,0,0.66666666666666663,0.33333333333333331,0,5,0.14303030565056882,0,0.042450927294319915,0.010262263359141982,0.0070893048581514278,0.0094340825408404504,1.5917540012645888e-05,0.092933750000000009,100.5,0.010262263359141982,0.14303030565056882,0.092933750000000009,100.5,0
bestest_hydronic_heat_pump,171,bestest_hydronic_heat_pump:day171,3,zone_drift_positive,direct_h8_rssm,192,144,9,a10cea8a01a5fd0e1341079206bf2698f3b5b01a7efdb16b47c4d999d7b17e02,d09c89be80b0f626f62200da2dfdb5819243b19c07362ed3059789c4553d69c2,0,0,0,0.55555555555555558,0.44444444444444442,0,3,0.14303030565056882,0,0.043956700227987547,0.010663702423257773,0.0073407689380739233,0.0094340825408404504,2.8436855218520063e-05,0.092933750000000009,100.5,0.010262263359141982,0.14303030565056882,0.092933750000000009,100.5,0.0021598131148037754
bestest_hydronic_heat_pump,171,bestest_hydronic_heat_pump:day171,3,zone_drift_positive,legacy_rssm,192,144,9,a10cea8a01a5fd0e1341079206bf2698f3b5b01a7efdb16b47c4d999d7b17e02,d09c89be80b0f626f62200da2dfdb5819243b19c07362ed3059789c4553d69c2,0,0,0,0.88888888888888884,0.1111111111111111,0,3,0.14303030565056882,0,0.042450927294319915,0.010262263359141982,0.0070893048581514278,0.0094340825408404504,2.7463248886987176e-05,0.092933750000000009,100.5,0.010262263359141982,0.14303030565056882,0.092933750000000009,100.5,0
bestest_hydronic_heat_pump,171,bestest_hydronic_heat_pump:day171,3,zone_drift_positive,rc_supervisory_selector,192,144,9,a10cea8a01a5fd0e1341079206bf2698f3b5b01a7efdb16b47c4d999d7b17e02,d09c89be80b0f626f62200da2dfdb5819243b19c07362ed3059789c4553d69c2,0,0,0,1,0,0,1,0.14303030565056882,0,0.042450927294319915,0.010262263359141982,0.0070893048581514278,0.0094340825408404504,7.1326822233172332e-06,0.092933750000000009,100.5,0.010262263359141982,0.14303030565056882,0.092933750000000009,100.5,0
bestest_hydronic_heat_pump,171,bestest_hydronic_heat_pump:day171,3,zone_drift_positive,tuned_rule_based,192,144,9,a10cea8a01a5fd0e1341079206bf2698f3b5b01a7efdb16b47c4d999d7b17e02,d09c89be80b0f626f62200da2dfdb5819243b19c07362ed3059789c4553d69c2,1.6040396798925169,0,6.6316005905189304,0.88888888888888884,0,0.1111111111111111,3,0.14303030565056882,0,0.077968725993944096,0.018806145900559623,0.013020777240988667,0.012263780145598249,6.1858206588629727e-06,0.092933750000000009,100.5,0.010262263359141982,0.14303030565056882,0.092933750000000009,100.5,0.045967598108424768
bestest_hydronic_heat_pump,171,bestest_hydronic_heat_pump:day171,3,zone_stuck,constant_zero,192,144,0,a10cea8a01a5fd0e1341079206bf2698f3b5b01a7efdb16b47c4d999d7b17e02,d09c89be80b0f626f62200da2dfdb5819243b19c07362ed3059789c4553d69c2,0,0,0,0,1,0,0,0.14303030565056882,0,0.042450927294319915,0.010262263359141982,0.0070893048581514278,0.0094340825408404504,6.1254309942168932e-06,0.092933750000000009,100.5,0.010262263359141982,0.14303030565056882,0.092933750000000009,100.5,0
bestest_hydronic_heat_pump,171,bestest_hydronic_heat_pump:day171,3,zone_stuck,deterministic_wm,192,144,9,a10cea8a01a5fd0e1341079206bf2698f3b5b01a7efdb16b47c4d999d7b17e02,d09c89be80b0f626f62200da2dfdb5819243b19c07362ed3059789c4553d69c2,0,0,0,0.77777777777777779,0.22222222222222221,0,3,0.14303030565056882,0,0.042450927294319915,0.010262263359141982,0.0070893048581514278,0.0094340825408404504,1.5547423948029435e-05,0.092933750000000009,100.5,0.010262263359141982,0.14303030565056882,0.092933750000000009,100.5,0
bestest_hydronic_heat_pump,171,bestest_hydronic_heat_pump:day171,3,zone_stuck,direct_h8_rssm,192,144,9,a10cea8a01a5fd0e1341079206bf2698f3b5b01a7efdb16b47c4d999d7b17e02,d09c89be80b0f626f62200da2dfdb5819243b19c07362ed3059789c4553d69c2,0,0,0,0.55555555555555558,0.44444444444444442,0,3,0.14303030565056882,0,0.043956700227987547,0.010663702423257773,0.0073407689380739233,0.0094340825408404504,2.8080181578968484e-05,0.092933750000000009,100.5,0.010262263359141982,0.14303030565056882,0.092933750000000009,100.5,0.0021598131148037754
bestest_hydronic_heat_pump,171,bestest_hydronic_heat_pump:day171,3,zone_stuck,legacy_rssm,192,144,9,a10cea8a01a5fd0e1341079206bf2698f3b5b01a7efdb16b47c4d999d7b17e02,d09c89be80b0f626f62200da2dfdb5819243b19c07362ed3059789c4553d69c2,0,0,0,0.88888888888888884,0.1111111111111111,0,3,0.14303030565056882,0,0.042450927294319915,0.010262263359141982,0.0070893048581514278,0.0094340825408404504,2.7355493120567408e-05,0.092933750000000009,100.5,0.010262263359141982,0.14303030565056882,0.092933750000000009,100.5,0
bestest_hydronic_heat_pump,171,bestest_hydronic_heat_pump:day171,3,zone_stuck,rc_supervisory_selector,192,144,9,a10cea8a01a5fd0e1341079206bf2698f3b5b01a7efdb16b47c4d999d7b17e02,d09c89be80b0f626f62200da2dfdb5819243b19c07362ed3059789c4553d69c2,0,0,0,1,0,0,1,0.14303030565056882,0,0.042450927294319915,0.010262263359141982,0.0070893048581514278,0.0094340825408404504,7.1154894559725965e-06,0.092933750000000009,100.5,0.010262263359141982,0.14303030565056882,0.092933750000000009,100.5,0
bestest_hydronic_heat_pump,171,bestest_hydronic_heat_pump:day171,3,zone_stuck,tuned_rule_based,192,144,9,a10cea8a01a5fd0e1341079206bf2698f3b5b01a7efdb16b47c4d999d7b17e02,d09c89be80b0f626f62200da2dfdb5819243b19c07362ed3059789c4553d69c2,1.6040396798925169,0,6.6316005905189304,0.88888888888888884,0,0.1111111111111111,3,0.14303030565056882,0,0.077968725993944096,0.018806145900559623,0.013020777240988667,0.012263780145598249,6.4326442210323374e-06,0.092933750000000009,100.5,0.010262263359141982,0.14303030565056882,0.092933750000000009,100.5,0.045967598108424768
bestest_hydronic_heat_pump,189,bestest_hydronic_heat_pump:day189,4,clean,constant_zero,192,144,0,bd5b807efa39c4b24564b485866fc22c3e36f1b73e97e458c6f651357e2b178b,d88ecee9b273c90a453510290b91360e31e170bb69a4962a2f062d40404b0750,0,0.39111237358068252,0,0,1,0,0,0.35820809001414722,0,0,0,0,0,6.2214641670906111e-06,0.092933750000000009,177,0,0.35820809001414722,0.092933750000000009,177,0
bestest_hydronic_heat_pump,189,bestest_hydronic_heat_pump:day189,4,clean,deterministic_wm,192,144,9,bd5b807efa39c4b24564b485866fc22c3e36f1b73e97e458c6f651357e2b178b,d88ecee9b273c90a453510290b91360e31e170bb69a4962a2f062d40404b0750,0,0.39111260711763407,0,0.33333333333333331,0.66666666666666663,0,4,0.35820830645996388,0,0,0,0,0,1.5902642665594523e-05,0.092933750000000009,177,0,0.35820809001414722,0.092933750000000009,177,6.1142886061778151e-10
bestest_hydronic_heat_pump,189,bestest_hydronic_heat_pump:day189,4,clean,direct_h8_rssm,192,144,9,bd5b807efa39c4b24564b485866fc22c3e36f1b73e97e458c6f651357e2b178b,d88ecee9b273c90a453510290b91360e31e170bb69a4962a2f062d40404b0750,0,0.391099607468675,0,0.55555555555555558,0.44444444444444442,0,4,0.35819489746379202,0,0,0,0,0,2.7309920359240356e-05,0.092933750000000009,177,0,0.35820809001414722,0.092933750000000009,177,-3.7267091398873054e-08
bestest_hydronic_heat_pump,189,bestest_hydronic_heat_pump:day189,4,clean,legacy_rssm,192,144,9,bd5b807efa39c4b24564b485866fc22c3e36f1b73e97e458c6f651357e2b178b,d88ecee9b273c90a453510290b91360e31e170bb69a4962a2f062d40404b0750,0,0.39111309306107955,0,0.66666666666666663,0.33333333333333331,0,2,0.35820875120840817,0,0,0,0,0,2.8541669240866104e-05,0.092933750000000009,177,0,0.35820809001414722,0.092933750000000009,177,1.8677803981739215e-09
bestest_hydronic_heat_pump,189,bestest_hydronic_heat_pump:day189,4,clean,rc_supervisory_selector,192,144,9,bd5b807efa39c4b24564b485866fc22c3e36f1b73e97e458c6f651357e2b178b,d88ecee9b273c90a453510290b91360e31e170bb69a4962a2f062d40404b0750,0,0.39111103938567737,0,0.66666666666666663,0.33333333333333331,0,5,0.35820676177948957,0,0,0,0,0,6.9221845541394268e-06,0.092933750000000009,177,0,0.35820809001414722,0.092933750000000009,177,-3.7520753040940894e-09
bestest_hydronic_heat_pump,189,bestest_hydronic_heat_pump:day189,4,clean,tuned_rule_based,192,144,9,bd5b807efa39c4b24564b485866fc22c3e36f1b73e97e458c6f651357e2b178b,d88ecee9b273c90a453510290b91360e31e170bb69a4962a2f062d40404b0750,0,0.39111521840385421,0,1,0,0,1,0.35821066472104801,0,0,0,0,0,6.1075835813263807e-06,0.092933750000000009,177,0,0.35820809001414722,0.092933750000000009,177,7.2731833355736977e-09
bestest_hydronic_heat_pump,189,bestest_hydronic_heat_pump:day189,4,zone_bias_negative,constant_zero,192,144,0,bd5b807efa39c4b24564b485866fc22c3e36f1b73e97e458c6f651357e2b178b,d88ecee9b273c90a453510290b91360e31e170bb69a4962a2f062d40404b0750,0,0.39111237358068252,0,0,1,0,0,0.35820809001414722,0,0,0,0,0,5.908425704485599e-06,0.092933750000000009,177,0,0.35820809001414722,0.092933750000000009,177,0
bestest_hydronic_heat_pump,189,bestest_hydronic_heat_pump:day189,4,zone_bias_negative,deterministic_wm,192,144,9,bd5b807efa39c4b24564b485866fc22c3e36f1b73e97e458c6f651357e2b178b,d88ecee9b273c90a453510290b91360e31e170bb69a4962a2f062d40404b0750,0,0.39109858548675902,0,0.44444444444444442,0.55555555555555558,0,2,0.35819396158001382,0,0,0,0,0,1.5646676257157337e-05,0.092933750000000009,177,0,0.35820809001414722,0.092933750000000009,177,-3.9910830885305189e-08
bestest_hydronic_heat_pump,189,bestest_hydronic_heat_pump:day189,4,zone_bias_negative,direct_h8_rssm,192,144,9,bd5b807efa39c4b24564b485866fc22c3e36f1b73e97e458c6f651357e2b178b,d88ecee9b273c90a453510290b91360e31e170bb69a4962a2f062d40404b0750,0,0.391099607468675,0,0.55555555555555558,0.44444444444444442,0,4,0.35819489746379202,0,0,0,0,0,2.9275762681145534e-05,0.092933750000000009,177,0,0.35820809001414722,0.092933750000000009,177,-3.7267091398873054e-08
bestest_hydronic_heat_pump,189,bestest_hydronic_heat_pump:day189,4,zone_bias_negative,legacy_rssm,192,144,9,bd5b807efa39c4b24564b485866fc22c3e36f1b73e97e458c6f651357e2b178b,d88ecee9b273c90a453510290b91360e31e170bb69a4962a2f062d40404b0750,0,0.39111309306107955,0,0.66666666666666663,0.33333333333333331,0,2,0.35820875120840817,0,0,0,0,0,2.8104701660759856e-05,0.092933750000000009,177,0,0.35820809001414722,0.092933750000000009,177,1.8677803981739215e-09
bestest_hydronic_heat_pump,189,bestest_hydronic_heat_pump:day189,4,zone_bias_negative,rc_supervisory_selector,192,144,9,bd5b807efa39c4b24564b485866fc22c3e36f1b73e97e458c6f651357e2b178b,d88ecee9b273c90a453510290b91360e31e170bb69a4962a2f062d40404b0750,0,0.39111389658731355,0,0.66666666666666663,0.22222222222222221,0.1111111111111111,5,0.35820937163155214,0,0,0,0,0,7.5888065074057407e-06,0.092933750000000009,177,0,0.35820809001414722,0.092933750000000009,177,3.6203881495045382e-09
bestest_hydronic_heat_pump,189,bestest_hydronic_heat_pump:day189,4,zone_bias_negative,tuned_rule_based,192,144,9,bd5b807efa39c4b24564b485866fc22c3e36f1b73e97e458c6f651357e2b178b,d88ecee9b273c90a453510290b91360e31e170bb69a4962a2f062d40404b0750,0,0.39111544689302491,0,0.88888888888888884,0,0.1111111111111111,3,0.35821087412479452,0,0,0,0,0,6.6878783141131177e-06,0.092933750000000009,177,0,0.35820809001414722,0.092933750000000009,177,7.8647193426625741e-09
bestest_hydronic_heat_pump,189,bestest_hydronic_heat_pump:day189,4,zone_bias_positive,constant_zero,192,144,0,bd5b807efa39c4b24564b485866fc22c3e36f1b73e97e458c6f651357e2b178b,d88ecee9b273c90a453510290b91360e31e170bb69a4962a2f062d40404b0750,0,0.39111237358068252,0,0,1,0,0,0.35820809001414722,0,0,0,0,0,6.3571241999033105e-06,0.092933750000000009,177,0,0.35820809001414722,0.092933750000000009,177,0
bestest_hydronic_heat_pump,189,bestest_hydronic_heat_pump:day189,4,zone_bias_positive,deterministic_wm,192,144,9,bd5b807efa39c4b24564b485866fc22c3e36f1b73e97e458c6f651357e2b178b,d88ecee9b273c90a453510290b91360e31e170bb69a4962a2f062d40404b0750,0,0.39111260711763407,0,0.33333333333333331,0.66666666666666663,0,4,0.35820830645996388,0,0,0,0,0,1.5946340255781686e-05,0.092933750000000009,177,0,0.35820809001414722,0.092933750000000009,177,6.1142886061778151e-10
bestest_hydronic_heat_pump,189,bestest_hydronic_heat_pump:day189,4,zone_bias_positive,direct_h8_rssm,192,144,9,bd5b807efa39c4b24564b485866fc22c3e36f1b73e97e458c6f651357e2b178b,d88ecee9b273c90a453510290b91360e31e170bb69a4962a2f062d40404b0750,0,0.391099607468675,0,0.55555555555555558,0.44444444444444442,0,4,0.35819489746379202,0,0,0,0,0,2.8253758348927656e-05,0.092933750000000009,177,0,0.35820809001414722,0.092933750000000009,177,-3.7267091398873054e-08
bestest_hydronic_heat_pump,189,bestest_hydronic_heat_pump:day189,4,zone_bias_positive,legacy_rssm,192,144,9,bd5b807efa39c4b24564b485866fc22c3e36f1b73e97e458c6f651357e2b178b,d88ecee9b273c90a453510290b91360e31e170bb69a4962a2f062d40404b0750,0,0.39111309306107955,0,0.66666666666666663,0.33333333333333331,0,2,0.35820875120840817,0,0,0,0,0,3.0247106879446794e-05,0.092933750000000009,177,0,0.35820809001414722,0.092933750000000009,177,1.8677803981739215e-09
bestest_hydronic_heat_pump,189,bestest_hydronic_heat_pump:day189,4,zone_bias_positive,rc_supervisory_selector,192,144,9,bd5b807efa39c4b24564b485866fc22c3e36f1b73e97e458c6f651357e2b178b,d88ecee9b273c90a453510290b91360e31e170bb69a4962a2f062d40404b0750,0,0.39111103938567737,0,0.66666666666666663,0.33333333333333331,0,5,0.35820676177948957,0,0,0,0,0,7.7668520653920519e-06,0.092933750000000009,177,0,0.35820809001414722,0.092933750000000009,177,-3.7520753040940894e-09
bestest_hydronic_heat_pump,189,bestest_hydronic_heat_pump:day189,4,zone_bias_positive,tuned_rule_based,192,144,9,bd5b807efa39c4b24564b485866fc22c3e36f1b73e97e458c6f651357e2b178b,d88ecee9b273c90a453510290b91360e31e170bb69a4962a2f062d40404b0750,0,0.39111521840385421,0,1,0,0,1,0.35821066472104801,0,0,0,0,0,6.4114958411944051e-06,0.092933750000000009,177,0,0.35820809001414722,0.092933750000000009,177,7.2731833355736977e-09
bestest_hydronic_heat_pump,189,bestest_hydronic_heat_pump:day189,4,zone_drift_negative,constant_zero,192,144,0,bd5b807efa39c4b24564b485866fc22c3e36f1b73e97e458c6f651357e2b178b,d88ecee9b273c90a453510290b91360e31e170bb69a4962a2f062d40404b0750,0,0.39111237358068252,0,0,1,0,0,0.35820809001414722,0,0,0,0,0,6.0510968246593108e-06,0.092933750000000009,177,0,0.35820809001414722,0.092933750000000009,177,0
bestest_hydronic_heat_pump,189,bestest_hydronic_heat_pump:day189,4,zone_drift_negative,deterministic_wm,192,144,9,bd5b807efa39c4b24564b485866fc22c3e36f1b73e97e458c6f651357e2b178b,d88ecee9b273c90a453510290b91360e31e170bb69a4962a2f062d40404b0750,0,0.39109858548675902,0,0.44444444444444442,0.55555555555555558,0,2,0.35819396158001382,0,0,0,0,0,1.5388621085601327e-05,0.092933750000000009,177,0,0.35820809001414722,0.092933750000000009,177,-3.9910830885305189e-08
bestest_hydronic_heat_pump,189,bestest_hydronic_heat_pump:day189,4,zone_drift_negative,direct_h8_rssm,192,144,9,bd5b807efa39c4b24564b485866fc22c3e36f1b73e97e458c6f651357e2b178b,d88ecee9b273c90a453510290b91360e31e170bb69a4962a2f062d40404b0750,0,0.391099607468675,0,0.55555555555555558,0.44444444444444442,0,4,0.35819489746379202,0,0,0,0,0,2.7911013957717659e-05,0.092933750000000009,177,0,0.35820809001414722,0.092933750000000009,177,-3.7267091398873054e-08
bestest_hydronic_heat_pump,189,bestest_hydronic_heat_pump:day189,4,zone_drift_negative,legacy_rssm,192,144,9,bd5b807efa39c4b24564b485866fc22c3e36f1b73e97e458c6f651357e2b178b,d88ecee9b273c90a453510290b91360e31e170bb69a4962a2f062d40404b0750,0,0.39111309306107955,0,0.66666666666666663,0.33333333333333331,0,2,0.35820875120840817,0,0,0,0,0,2.8242247960399651e-05,0.092933750000000009,177,0,0.35820809001414722,0.092933750000000009,177,1.8677803981739215e-09
bestest_hydronic_heat_pump,189,bestest_hydronic_heat_pump:day189,4,zone_drift_negative,rc_supervisory_selector,192,144,9,bd5b807efa39c4b24564b485866fc22c3e36f1b73e97e458c6f651357e2b178b,d88ecee9b273c90a453510290b91360e31e170bb69a4962a2f062d40404b0750,0,0.39111389658731355,0,0.66666666666666663,0.22222222222222221,0.1111111111111111,5,0.35820937163155214,0,0,0,0,0,7.0484243485038541e-06,0.092933750000000009,177,0,0.35820809001414722,0.092933750000000009,177,3.6203881495045382e-09
bestest_hydronic_heat_pump,189,bestest_hydronic_heat_pump:day189,4,zone_drift_negative,tuned_rule_based,192,144,9,bd5b807efa39c4b24564b485866fc22c3e36f1b73e97e458c6f651357e2b178b,d88ecee9b273c90a453510290b91360e31e170bb69a4962a2f062d40404b0750,0,0.39111521840385421,0,1,0,0,1,0.35821066472104801,0,0,0,0,0,5.9629277201015083e-06,0.092933750000000009,177,0,0.35820809001414722,0.092933750000000009,177,7.2731833355736977e-09
bestest_hydronic_heat_pump,189,bestest_hydronic_heat_pump:day189,4,zone_drift_positive,constant_zero,192,144,0,bd5b807efa39c4b24564b485866fc22c3e36f1b73e97e458c6f651357e2b178b,d88ecee9b273c90a453510290b91360e31e170bb69a4962a2f062d40404b0750,0,0.39111237358068252,0,0,1,0,0,0.35820809001414722,0,0,0,0,0,6.2756097337546354e-06,0.092933750000000009,177,0,0.35820809001414722,0.092933750000000009,177,0
bestest_hydronic_heat_pump,189,bestest_hydronic_heat_pump:day189,4,zone_drift_positive,deterministic_wm,192,144,9,bd5b807efa39c4b24564b485866fc22c3e36f1b73e97e458c6f651357e2b178b,d88ecee9b273c90a453510290b91360e31e170bb69a4962a2f062d40404b0750,0,0.39111260711763407,0,0.33333333333333331,0.66666666666666663,0,4,0.35820830645996388,0,0,0,0,0,1.5573264416599772e-05,0.092933750000000009,177,0,0.35820809001414722,0.092933750000000009,177,6.1142886061778151e-10
bestest_hydronic_heat_pump,189,bestest_hydronic_heat_pump:day189,4,zone_drift_positive,direct_h8_rssm,192,144,9,bd5b807efa39c4b24564b485866fc22c3e36f1b73e97e458c6f651357e2b178b,d88ecee9b273c90a453510290b91360e31e170bb69a4962a2f062d40404b0750,0,0.391099607468675,0,0.55555555555555558,0.44444444444444442,0,4,0.35819489746379202,0,0,0,0,0,2.692654494839813e-05,0.092933750000000009,177,0,0.35820809001414722,0.092933750000000009,177,-3.7267091398873054e-08
bestest_hydronic_heat_pump,189,bestest_hydronic_heat_pump:day189,4,zone_drift_positive,legacy_rssm,192,144,9,bd5b807efa39c4b24564b485866fc22c3e36f1b73e97e458c6f651357e2b178b,d88ecee9b273c90a453510290b91360e31e170bb69a4962a2f062d40404b0750,0,0.39111309306107955,0,0.66666666666666663,0.33333333333333331,0,2,0.35820875120840817,0,0,0,0,0,3.0044008646682643e-05,0.092933750000000009,177,0,0.35820809001414722,0.092933750000000009,177,1.8677803981739215e-09
bestest_hydronic_heat_pump,189,bestest_hydronic_heat_pump:day189,4,zone_drift_positive,rc_supervisory_selector,192,144,9,bd5b807efa39c4b24564b485866fc22c3e36f1b73e97e458c6f651357e2b178b,d88ecee9b273c90a453510290b91360e31e170bb69a4962a2f062d40404b0750,0,0.39111103938567737,0,0.66666666666666663,0.33333333333333331,0,5,0.35820676177948957,0,0,0,0,0,7.2995058806432134e-06,0.092933750000000009,177,0,0.35820809001414722,0.092933750000000009,177,-3.7520753040940894e-09
bestest_hydronic_heat_pump,189,bestest_hydronic_heat_pump:day189,4,zone_drift_positive,tuned_rule_based,192,144,9,bd5b807efa39c4b24564b485866fc22c3e36f1b73e97e458c6f651357e2b178b,d88ecee9b273c90a453510290b91360e31e170bb69a4962a2f062d40404b0750,0,0.39111521840385421,0,1,0,0,1,0.35821066472104801,0,0,0,0,0,5.9480303730501406e-06,0.092933750000000009,177,0,0.35820809001414722,0.092933750000000009,177,7.2731833355736977e-09
bestest_hydronic_heat_pump,189,bestest_hydronic_heat_pump:day189,4,zone_stuck,constant_zero,192,144,0,bd5b807efa39c4b24564b485866fc22c3e36f1b73e97e458c6f651357e2b178b,d88ecee9b273c90a453510290b91360e31e170bb69a4962a2f062d40404b0750,0,0.39111237358068252,0,0,1,0,0,0.35820809001414722,0,0,0,0,0,6.1981590630496358e-06,0.092933750000000009,177,0,0.35820809001414722,0.092933750000000009,177,0
bestest_hydronic_heat_pump,189,bestest_hydronic_heat_pump:day189,4,zone_stuck,deterministic_wm,192,144,9,bd5b807efa39c4b24564b485866fc22c3e36f1b73e97e458c6f651357e2b178b,d88ecee9b273c90a453510290b91360e31e170bb69a4962a2f062d40404b0750,0,0.39109858548675902,0,0.44444444444444442,0.55555555555555558,0,2,0.35819396158001382,0,0,0,0,0,1.546318687762959e-05,0.092933750000000009,177,0,0.35820809001414722,0.092933750000000009,177,-3.9910830885305189e-08
bestest_hydronic_heat_pump,189,bestest_hydronic_heat_pump:day189,4,zone_stuck,direct_h8_rssm,192,144,9,bd5b807efa39c4b24564b485866fc22c3e36f1b73e97e458c6f651357e2b178b,d88ecee9b273c90a453510290b91360e31e170bb69a4962a2f062d40404b0750,0,0.391099607468675,0,0.55555555555555558,0.44444444444444442,0,4,0.35819489746379202,0,0,0,0,0,2.8526396027410217e-05,0.092933750000000009,177,0,0.35820809001414722,0.092933750000000009,177,-3.7267091398873054e-08
bestest_hydronic_heat_pump,189,bestest_hydronic_heat_pump:day189,4,zone_stuck,legacy_rssm,192,144,9,bd5b807efa39c4b24564b485866fc22c3e36f1b73e97e458c6f651357e2b178b,d88ecee9b273c90a453510290b91360e31e170bb69a4962a2f062d40404b0750,0,0.39111309306107955,0,0.66666666666666663,0.33333333333333331,0,2,0.35820875120840817,0,0,0,0,0,2.8531996575533615e-05,0.092933750000000009,177,0,0.35820809001414722,0.092933750000000009,177,1.8677803981739215e-09
bestest_hydronic_heat_pump,189,bestest_hydronic_heat_pump:day189,4,zone_stuck,rc_supervisory_selector,192,144,9,bd5b807efa39c4b24564b485866fc22c3e36f1b73e97e458c6f651357e2b178b,d88ecee9b273c90a453510290b91360e31e170bb69a4962a2f062d40404b0750,0,0.39111290813409028,0,0.77777777777777779,0.22222222222222221,0,3,0.35820846608573575,0,0,0,0,0,7.2991799448311786e-06,0.092933750000000009,177,0,0.35820809001414722,0.092933750000000009,177,1.0623491201611025e-09
bestest_hydronic_heat_pump,189,bestest_hydronic_heat_pump:day189,4,zone_stuck,tuned_rule_based,192,144,9,bd5b807efa39c4b24564b485866fc22c3e36f1b73e97e458c6f651357e2b178b,d88ecee9b273c90a453510290b91360e31e170bb69a4962a2f062d40404b0750,0,0.39111521840385421,0,1,0,0,1,0.35821066472104801,0,0,0,0,0,6.253611146883608e-06,0.092933750000000009,177,0,0.35820809001414722,0.092933750000000009,177,7.2731833355736977e-09
bestest_hydronic_heat_pump,225,bestest_hydronic_heat_pump:day225,4,clean,constant_zero,192,144,0,209c8a26bd0cfce68770efae1692b6d9fbc53d00854d9e82740098cb862a620b,28643c7a27b5fa8a3b54eea9a33278d31c18c66c26fb8156b98211f613a8f063,0,4.1863732272659036,0,0,1,0,0,3.9515590712258191,0,0,0,0,0,6.2667193143710344e-06,0.092933750000000009,177,0,3.9515590712258191,0.092933750000000009,177,0
bestest_hydronic_heat_pump,225,bestest_hydronic_heat_pump:day225,4,clean,deterministic_wm,192,144,9,209c8a26bd0cfce68770efae1692b6d9fbc53d00854d9e82740098cb862a620b,28643c7a27b5fa8a3b54eea9a33278d31c18c66c26fb8156b98211f613a8f063,0,4.1863675424314124,0,0.1111111111111111,0.88888888888888884,0,2,3.9515537200111157,0,0,0,0,0,1.6234471674503594e-05,0.092933750000000009,177,0,3.9515590712258191,0.092933750000000009,177,-1.5116425715686385e-08
bestest_hydronic_heat_pump,225,bestest_hydronic_heat_pump:day225,4,clean,direct_h8_rssm,192,144,9,209c8a26bd0cfce68770efae1692b6d9fbc53d00854d9e82740098cb862a620b,28643c7a27b5fa8a3b54eea9a33278d31c18c66c26fb8156b98211f613a8f063,0,4.1863723983793335,0,0.66666666666666663,0.33333333333333331,0,5,3.9515582899745603,0,0,0,0,0,2.8700631603797972e-05,0.092933750000000009,177,0,3.9515590712258191,0.092933750000000009,177,-2.2069244598779665e-09
bestest_hydronic_heat_pump,225,bestest_hydronic_heat_pump:day225,4,clean,legacy_rssm,192,144,9,209c8a26bd0cfce68770efae1692b6d9fbc53d00854d9e82740098cb862a620b,28643c7a27b5fa8a3b54eea9a33278d31c18c66c26fb8156b98211f613a8f063,0,4.1863605858004433,0,0.55555555555555558,0.44444444444444442,0,5,3.9515471728614791,0,0,0,0,0,2.8808864484768122e-05,0.092933750000000009,177,0,3.9515590712258191,0.092933750000000009,177,-3.36111987006011e-08
bestest_hydronic_heat_pump,225,bestest_hydronic_heat_pump:day225,4,clean,rc_supervisory_selector,192,144,9,209c8a26bd0cfce68770efae1692b6d9fbc53d00854d9e82740098cb862a620b,28643c7a27b5fa8a3b54eea9a33278d31c18c66c26fb8156b98211f613a8f063,0,4.1863605858004433,0,0.55555555555555558,0.44444444444444442,0,5,3.9515471728614791,0,0,0,0,0,7.2276432754134923e-06,0.092933750000000009,177,0,3.9515590712258191,0.092933750000000009,177,-3.36111987006011e-08
bestest_hydronic_heat_pump,225,bestest_hydronic_heat_pump:day225,4,clean,tuned_rule_based,192,144,9,209c8a26bd0cfce68770efae1692b6d9fbc53d00854d9e82740098cb862a620b,28643c7a27b5fa8a3b54eea9a33278d31c18c66c26fb8156b98211f613a8f063,0,4.1863831172372983,0,1,0,0,1,3.9515683893604847,0,0,0,0,0,6.3772323590645336e-06,0.092933750000000009,177,0,3.9515590712258191,0.092933750000000009,177,2.632241430973984e-08
bestest_hydronic_heat_pump,225,bestest_hydronic_heat_pump:day225,4,zone_bias_negative,constant_zero,192,144,0,209c8a26bd0cfce68770efae1692b6d9fbc53d00854d9e82740098cb862a620b,28643c7a27b5fa8a3b54eea9a33278d31c18c66c26fb8156b98211f613a8f063,0,4.1863732272659036,0,0,1,0,0,3.9515590712258191,0,0,0,0,0,6.5691516869563282e-06,0.092933750000000009,177,0,3.9515590712258191,0.092933750000000009,177,0
bestest_hydronic_heat_pump,225,bestest_hydronic_heat_pump:day225,4,zone_bias_negative,deterministic_wm,192,144,9,209c8a26bd0cfce68770efae1692b6d9fbc53d00854d9e82740098cb862a620b,28643c7a27b5fa8a3b54eea9a33278d31c18c66c26fb8156b98211f613a8f063,0,4.1863675424314124,0,0.1111111111111111,0.88888888888888884,0,2,3.9515537200111157,0,0,0,0,0,1.603367440987632e-05,0.092933750000000009,177,0,3.9515590712258191,0.092933750000000009,177,-1.5116425715686385e-08
bestest_hydronic_heat_pump,225,bestest_hydronic_heat_pump:day225,4,zone_bias_negative,direct_h8_rssm,192,144,9,209c8a26bd0cfce68770efae1692b6d9fbc53d00854d9e82740098cb862a620b,28643c7a27b5fa8a3b54eea9a33278d31c18c66c26fb8156b98211f613a8f063,0,4.1863839470436517,0,0.55555555555555558,0.44444444444444442,0,7,3.9515691632752792,0,0,0,0,0,2.9346901292784258e-05,0.092933750000000009,177,0,3.9515590712258191,0.092933750000000009,177,2.8508614294123638e-08
bestest_hydronic_heat_pump,225,bestest_hydronic_heat_pump:day225,4,zone_bias_negative,legacy_rssm,192,144,9,209c8a26bd0cfce68770efae1692b6d9fbc53d00854d9e82740098cb862a620b,28643c7a27b5fa8a3b54eea9a33278d31c18c66c26fb8156b98211f613a8f063,0,4.1863605858004433,0,0.55555555555555558,0.44444444444444442,0,5,3.9515471728614791,0,0,0,0,0,2.9802391735740424e-05,0.092933750000000009,177,0,3.9515590712258191,0.092933750000000009,177,-3.36111987006011e-08
bestest_hydronic_heat_pump,225,bestest_hydronic_heat_pump:day225,4,zone_bias_negative,rc_supervisory_selector,192,144,9,209c8a26bd0cfce68770efae1692b6d9fbc53d00854d9e82740098cb862a620b,28643c7a27b5fa8a3b54eea9a33278d31c18c66c26fb8156b98211f613a8f063,0,4.1863842125556801,0,0.77777777777777779,0.22222222222222221,0,3,3.9515694133126495,0,0,0,0,0,7.2074477377154232e-06,0.092933750000000009,177,0,3.9515590712258191,0.092933750000000009,177,2.9214934549389169e-08
bestest_hydronic_heat_pump,225,bestest_hydronic_heat_pump:day225,4,zone_bias_negative,tuned_rule_based,192,144,9,209c8a26bd0cfce68770efae1692b6d9fbc53d00854d9e82740098cb862a620b,28643c7a27b5fa8a3b54eea9a33278d31c18c66c26fb8156b98211f613a8f063,0,4.1863831172372983,0,1,0,0,1,3.9515683893604847,0,0,0,0,0,6.114851256454317e-06,0.092933750000000009,177,0,3.9515590712258191,0.092933750000000009,177,2.632241430973984e-08
bestest_hydronic_heat_pump,225,bestest_hydronic_heat_pump:day225,4,zone_bias_positive,constant_zero,192,144,0,209c8a26bd0cfce68770efae1692b6d9fbc53d00854d9e82740098cb862a620b,28643c7a27b5fa8a3b54eea9a33278d31c18c66c26fb8156b98211f613a8f063,0,4.1863732272659036,0,0,1,0,0,3.9515590712258191,0,0,0,0,0,6.3771643979803229e-06,0.092933750000000009,177,0,3.9515590712258191,0.092933750000000009,177,0
bestest_hydronic_heat_pump,225,bestest_hydronic_heat_pump:day225,4,zone_bias_positive,deterministic_wm,192,144,9,209c8a26bd0cfce68770efae1692b6d9fbc53d00854d9e82740098cb862a620b,28643c7a27b5fa8a3b54eea9a33278d31c18c66c26fb8156b98211f613a8f063,0,4.1863675424314124,0,0.1111111111111111,0.88888888888888884,0,2,3.9515537200111157,0,0,0,0,0,1.5537493307969127e-05,0.092933750000000009,177,0,3.9515590712258191,0.092933750000000009,177,-1.5116425715686385e-08
bestest_hydronic_heat_pump,225,bestest_hydronic_heat_pump:day225,4,zone_bias_positive,direct_h8_rssm,192,144,9,209c8a26bd0cfce68770efae1692b6d9fbc53d00854d9e82740098cb862a620b,28643c7a27b5fa8a3b54eea9a33278d31c18c66c26fb8156b98211f613a8f063,0,4.1863723983793335,0,0.66666666666666663,0.33333333333333331,0,5,3.9515582899745603,0,0,0,0,0,2.8913876842523194e-05,0.092933750000000009,177,0,3.9515590712258191,0.092933750000000009,177,-2.2069244598779665e-09
bestest_hydronic_heat_pump,225,bestest_hydronic_heat_pump:day225,4,zone_bias_positive,legacy_rssm,192,144,9,209c8a26bd0cfce68770efae1692b6d9fbc53d00854d9e82740098cb862a620b,28643c7a27b5fa8a3b54eea9a33278d31c18c66c26fb8156b98211f613a8f063,0,4.1863605858004433,0,0.55555555555555558,0.44444444444444442,0,5,3.9515471728614791,0,0,0,0,0,2.7746836621793221e-05,0.092933750000000009,177,0,3.9515590712258191,0.092933750000000009,177,-3.36111987006011e-08
bestest_hydronic_heat_pump,225,bestest_hydronic_heat_pump:day225,4,zone_bias_positive,rc_supervisory_selector,192,144,9,209c8a26bd0cfce68770efae1692b6d9fbc53d00854d9e82740098cb862a620b,28643c7a27b5fa8a3b54eea9a33278d31c18c66c26fb8156b98211f613a8f063,0,4.1863723983793335,0,0.66666666666666663,0.33333333333333331,0,5,3.9515582899745603,0,0,0,0,0,7.1606239376545231e-06,0.092933750000000009,177,0,3.9515590712258191,0.092933750000000009,177,-2.2069244598779665e-09
bestest_hydronic_heat_pump,225,bestest_hydronic_heat_pump:day225,4,zone_bias_positive,tuned_rule_based,192,144,9,209c8a26bd0cfce68770efae1692b6d9fbc53d00854d9e82740098cb862a620b,28643c7a27b5fa8a3b54eea9a33278d31c18c66c26fb8156b98211f613a8f063,0,4.1863831172372983,0,1,0,0,1,3.9515683893604847,0,0,0,0,0,6.200432291968469e-06,0.092933750000000009,177,0,3.9515590712258191,0.092933750000000009,177,2.632241430973984e-08
bestest_hydronic_heat_pump,225,bestest_hydronic_heat_pump:day225,4,zone_drift_negative,constant_zero,192,144,0,209c8a26bd0cfce68770efae1692b6d9fbc53d00854d9e82740098cb862a620b,28643c7a27b5fa8a3b54eea9a33278d31c18c66c26fb8156b98211f613a8f063,0,4.1863732272659036,0,0,1,0,0,3.9515590712258191,0,0,0,0,0,6.1958220339292991e-06,0.092933750000000009,177,0,3.9515590712258191,0.092933750000000009,177,0
bestest_hydronic_heat_pump,225,bestest_hydronic_heat_pump:day225,4,zone_drift_negative,deterministic_wm,192,144,9,209c8a26bd0cfce68770efae1692b6d9fbc53d00854d9e82740098cb862a620b,28643c7a27b5fa8a3b54eea9a33278d31c18c66c26fb8156b98211f613a8f063,0,4.1863675424314124,0,0.1111111111111111,0.88888888888888884,0,2,3.9515537200111157,0,0,0,0,0,1.5562260268801097e-05,0.092933750000000009,177,0,3.9515590712258191,0.092933750000000009,177,-1.5116425715686385e-08
bestest_hydronic_heat_pump,225,bestest_hydronic_heat_pump:day225,4,zone_drift_negative,direct_h8_rssm,192,144,9,209c8a26bd0cfce68770efae1692b6d9fbc53d00854d9e82740098cb862a620b,28643c7a27b5fa8a3b54eea9a33278d31c18c66c26fb8156b98211f613a8f063,0,4.1863839470436517,0,0.55555555555555558,0.44444444444444442,0,7,3.9515691632752792,0,0,0,0,0,2.8545369652553381e-05,0.092933750000000009,177,0,3.9515590712258191,0.092933750000000009,177,2.8508614294123638e-08
bestest_hydronic_heat_pump,225,bestest_hydronic_heat_pump:day225,4,zone_drift_negative,legacy_rssm,192,144,9,209c8a26bd0cfce68770efae1692b6d9fbc53d00854d9e82740098cb862a620b,28643c7a27b5fa8a3b54eea9a33278d31c18c66c26fb8156b98211f613a8f063,0,4.1863605858004433,0,0.55555555555555558,0.44444444444444442,0,5,3.9515471728614791,0,0,0,0,0,2.9480634836903694e-05,0.092933750000000009,177,0,3.9515590712258191,0.092933750000000009,177,-3.36111987006011e-08
bestest_hydronic_heat_pump,225,bestest_hydronic_heat_pump:day225,4,zone_drift_negative,rc_supervisory_selector,192,144,9,209c8a26bd0cfce68770efae1692b6d9fbc53d00854d9e82740098cb862a620b,28643c7a27b5fa8a3b54eea9a33278d31c18c66c26fb8156b98211f613a8f063,0,4.1863856616106858,0,0.55555555555555558,0.33333333333333331,0.1111111111111111,7,3.9515707787676435,0,0,0,0,0,7.5062254683232166e-06,0.092933750000000009,177,0,3.9515590712258191,0.092933750000000009,177,3.3072152046457939e-08
bestest_hydronic_heat_pump,225,bestest_hydronic_heat_pump:day225,4,zone_drift_negative,tuned_rule_based,192,144,9,209c8a26bd0cfce68770efae1692b6d9fbc53d00854d9e82740098cb862a620b,28643c7a27b5fa8a3b54eea9a33278d31c18c66c26fb8156b98211f613a8f063,0,4.1863831172372983,0,1,0,0,1,3.9515683893604847,0,0,0,0,0,6.1739066647124071e-06,0.092933750000000009,177,0,3.9515590712258191,0.092933750000000009,177,2.632241430973984e-08
bestest_hydronic_heat_pump,225,bestest_hydronic_heat_pump:day225,4,zone_drift_positive,constant_zero,192,144,0,209c8a26bd0cfce68770efae1692b6d9fbc53d00854d9e82740098cb862a620b,28643c7a27b5fa8a3b54eea9a33278d31c18c66c26fb8156b98211f613a8f063,0,4.1863732272659036,0,0,1,0,0,3.9515590712258191,0,0,0,0,0,6.0650274599617917e-06,0.092933750000000009,177,0,3.9515590712258191,0.092933750000000009,177,0
bestest_hydronic_heat_pump,225,bestest_hydronic_heat_pump:day225,4,zone_drift_positive,deterministic_wm,192,144,9,209c8a26bd0cfce68770efae1692b6d9fbc53d00854d9e82740098cb862a620b,28643c7a27b5fa8a3b54eea9a33278d31c18c66c26fb8156b98211f613a8f063,0,4.1863675424314124,0,0.1111111111111111,0.88888888888888884,0,2,3.9515537200111157,0,0,0,0,0,1.6207011235599395e-05,0.092933750000000009,177,0,3.9515590712258191,0.092933750000000009,177,-1.5116425715686385e-08
bestest_hydronic_heat_pump,225,bestest_hydronic_heat_pump:day225,4,zone_drift_positive,direct_h8_rssm,192,144,9,209c8a26bd0cfce68770efae1692b6d9fbc53d00854d9e82740098cb862a620b,28643c7a27b5fa8a3b54eea9a33278d31c18c66c26fb8156b98211f613a8f063,0,4.1863723983793335,0,0.66666666666666663,0.33333333333333331,0,5,3.9515582899745603,0,0,0,0,0,2.7745613322277412e-05,0.092933750000000009,177,0,3.9515590712258191,0.092933750000000009,177,-2.2069244598779665e-09
bestest_hydronic_heat_pump,225,bestest_hydronic_heat_pump:day225,4,zone_drift_positive,legacy_rssm,192,144,9,209c8a26bd0cfce68770efae1692b6d9fbc53d00854d9e82740098cb862a620b,28643c7a27b5fa8a3b54eea9a33278d31c18c66c26fb8156b98211f613a8f063,0,4.1863605858004433,0,0.55555555555555558,0.44444444444444442,0,5,3.9515471728614791,0,0,0,0,0,2.8378568186601835e-05,0.092933750000000009,177,0,3.9515590712258191,0.092933750000000009,177,-3.36111987006011e-08
bestest_hydronic_heat_pump,225,bestest_hydronic_heat_pump:day225,4,zone_drift_positive,rc_supervisory_selector,192,144,9,209c8a26bd0cfce68770efae1692b6d9fbc53d00854d9e82740098cb862a620b,28643c7a27b5fa8a3b54eea9a33278d31c18c66c26fb8156b98211f613a8f063,0,4.1863723983793335,0,0.66666666666666663,0.33333333333333331,0,5,3.9515582899745603,0,0,0,0,0,7.1504436446318041e-06,0.092933750000000009,177,0,3.9515590712258191,0.092933750000000009,177,-2.2069244598779665e-09
bestest_hydronic_heat_pump,225,bestest_hydronic_heat_pump:day225,4,zone_drift_positive,tuned_rule_based,192,144,9,209c8a26bd0cfce68770efae1692b6d9fbc53d00854d9e82740098cb862a620b,28643c7a27b5fa8a3b54eea9a33278d31c18c66c26fb8156b98211f613a8f063,0,4.1863831172372983,0,1,0,0,1,3.9515683893604847,0,0,0,0,0,6.1759094362552944e-06,0.092933750000000009,177,0,3.9515590712258191,0.092933750000000009,177,2.632241430973984e-08
bestest_hydronic_heat_pump,225,bestest_hydronic_heat_pump:day225,4,zone_stuck,constant_zero,192,144,0,209c8a26bd0cfce68770efae1692b6d9fbc53d00854d9e82740098cb862a620b,28643c7a27b5fa8a3b54eea9a33278d31c18c66c26fb8156b98211f613a8f063,0,4.1863732272659036,0,0,1,0,0,3.9515590712258191,0,0,0,0,0,6.2374766307074082e-06,0.092933750000000009,177,0,3.9515590712258191,0.092933750000000009,177,0
bestest_hydronic_heat_pump,225,bestest_hydronic_heat_pump:day225,4,zone_stuck,deterministic_wm,192,144,9,209c8a26bd0cfce68770efae1692b6d9fbc53d00854d9e82740098cb862a620b,28643c7a27b5fa8a3b54eea9a33278d31c18c66c26fb8156b98211f613a8f063,0,4.1863675424314124,0,0.1111111111111111,0.88888888888888884,0,2,3.9515537200111157,0,0,0,0,0,1.6390170518432403e-05,0.092933750000000009,177,0,3.9515590712258191,0.092933750000000009,177,-1.5116425715686385e-08
bestest_hydronic_heat_pump,225,bestest_hydronic_heat_pump:day225,4,zone_stuck,direct_h8_rssm,192,144,9,209c8a26bd0cfce68770efae1692b6d9fbc53d00854d9e82740098cb862a620b,28643c7a27b5fa8a3b54eea9a33278d31c18c66c26fb8156b98211f613a8f063,0,4.1863723983793335,0,0.66666666666666663,0.33333333333333331,0,5,3.9515582899745603,0,0,0,0,0,2.8615172620843217e-05,0.092933750000000009,177,0,3.9515590712258191,0.092933750000000009,177,-2.2069244598779665e-09
bestest_hydronic_heat_pump,225,bestest_hydronic_heat_pump:day225,4,zone_stuck,legacy_rssm,192,144,9,209c8a26bd0cfce68770efae1692b6d9fbc53d00854d9e82740098cb862a620b,28643c7a27b5fa8a3b54eea9a33278d31c18c66c26fb8156b98211f613a8f063,0,4.1863605858004433,0,0.55555555555555558,0.44444444444444442,0,5,3.9515471728614791,0,0,0,0,0,2.7981869629332326e-05,0.092933750000000009,177,0,3.9515590712258191,0.092933750000000009,177,-3.36111987006011e-08
bestest_hydronic_heat_pump,225,bestest_hydronic_heat_pump:day225,4,zone_stuck,rc_supervisory_selector,192,144,9,209c8a26bd0cfce68770efae1692b6d9fbc53d00854d9e82740098cb862a620b,28643c7a27b5fa8a3b54eea9a33278d31c18c66c26fb8156b98211f613a8f063,0,4.1863723983793335,0,0.66666666666666663,0.33333333333333331,0,5,3.9515582899745603,0,0,0,0,0,7.4032949388824694e-06,0.092933750000000009,177,0,3.9515590712258191,0.092933750000000009,177,-2.2069244598779665e-09
bestest_hydronic_heat_pump,225,bestest_hydronic_heat_pump:day225,4,zone_stuck,tuned_rule_based,192,144,9,209c8a26bd0cfce68770efae1692b6d9fbc53d00854d9e82740098cb862a620b,28643c7a27b5fa8a3b54eea9a33278d31c18c66c26fb8156b98211f613a8f063,0,4.1863831172372983,0,1,0,0,1,3.9515683893604847,0,0,0,0,0,6.60276884530574e-06,0.092933750000000009,177,0,3.9515590712258191,0.092933750000000009,177,2.632241430973984e-08
bestest_hydronic_heat_pump,234,bestest_hydronic_heat_pump:day234,3,clean,constant_zero,192,144,0,7b9938f79432c7cc61162a5cc98dccb2ce76d806337bc95e82830b7d14143f67,0534d7893ab840c72d6731251854ebc632482a647c9e41bf2dcb9c5393b928fe,5.2091492546211651,0.26728931504447928,21.047095072080559,0,1,0,0,0.53040492257854266,0,0.188381207628702,0.046421009464547656,0.031459661673993236,0.010175119624981598,6.639323586846174e-06,0.092933750000000009,100.5,0.046421009464547656,0.53040492257854266,0.092933750000000009,100.5,0
bestest_hydronic_heat_pump,234,bestest_hydronic_heat_pump:day234,3,clean,deterministic_wm,192,144,9,7b9938f79432c7cc61162a5cc98dccb2ce76d806337bc95e82830b7d14143f67,0534d7893ab840c72d6731251854ebc632482a647c9e41bf2dcb9c5393b928fe,2.4892534396971469,1.1850840119289074,9.9018391955918119,0.66666666666666663,0.33333333333333331,0,7,1.4025997229091562,0,0.13173769167353086,0.032599172743398692,0.022000194509479661,0.011304381149654515,1.6274259421907239e-05,0.092933750000000009,100.5,0.046421009464547656,0.53040492257854266,0.092933750000000009,100.5,-0.070024646801113297
bestest_hydronic_heat_pump,234,bestest_hydronic_heat_pump:day234,3,clean,direct_h8_rssm,192,144,9,7b9938f79432c7cc61162a5cc98dccb2ce76d806337bc95e82830b7d14143f67,0534d7893ab840c72d6731251854ebc632482a647c9e41bf2dcb9c5393b928fe,1.312654846084331,9.3212682313315014,4.9675494460201399,0.77777777777777779,0.22222222222222221,0,3,9.5242064299584932,0,0.10723772858557172,0.026787332892236688,0.017908700673790481,0.013090131362683572,2.7761244371646078e-05,0.092933750000000009,100.5,0.046421009464547656,0.53040492257854266,0.092933750000000009,100.5,-0.060887368860341691
bestest_hydronic_heat_pump,234,bestest_hydronic_heat_pump:day234,3,clean,legacy_rssm,192,144,9,7b9938f79432c7cc61162a5cc98dccb2ce76d806337bc95e82830b7d14143f67,0534d7893ab840c72d6731251854ebc632482a647c9e41bf2dcb9c5393b928fe,1.312654846084331,9.3212682313315014,4.9675494460201399,0.77777777777777779,0.22222222222222221,0,3,9.5242064299584932,0,0.10723772858557172,0.026787332892236688,0.017908700673790481,0.013090131362683572,3.0035315175747158e-05,0.092933750000000009,100.5,0.046421009464547656,0.53040492257854266,0.092933750000000009,100.5,-0.060887368860341691
bestest_hydronic_heat_pump,234,bestest_hydronic_heat_pump:day234,3,clean,rc_supervisory_selector,192,144,9,7b9938f79432c7cc61162a5cc98dccb2ce76d806337bc95e82830b7d14143f67,0534d7893ab840c72d6731251854ebc632482a647c9e41bf2dcb9c5393b928fe,3.1911531306898153,0.14602372367811256,12.11844398780762,0.77777777777777779,0,0.22222222222222221,5,0.40615360289616359,0,0.14745460124288257,0.037427807278161355,0.02462491840756139,0.016788379600135985,7.0826143217059057e-06,0.092933750000000009,100.5,0.046421009464547656,0.53040492257854266,0.092933750000000009,100.5,-0.049003182980137741
bestest_hydronic_heat_pump,234,bestest_hydronic_heat_pump:day234,3,clean,tuned_rule_based,192,144,9,7b9938f79432c7cc61162a5cc98dccb2ce76d806337bc95e82830b7d14143f67,0534d7893ab840c72d6731251854ebc632482a647c9e41bf2dcb9c5393b928fe,3.5524334082400593,0.11565264435199651,14.081770354749777,0.77777777777777779,0,0.22222222222222221,5,0.3764488385210546,0,0.15521603725447561,0.038580171462908486,0.025921078221497439,0.016788379600135985,6.2424696899556094e-06,0.092933750000000009,100.5,0.046421009464547656,0.53040492257854266,0.092933750000000009,100.5,-0.042951044896116834
bestest_hydronic_heat_pump,234,bestest_hydronic_heat_pump:day234,3,zone_bias_negative,constant_zero,192,144,0,7b9938f79432c7cc61162a5cc98dccb2ce76d806337bc95e82830b7d14143f67,0534d7893ab840c72d6731251854ebc632482a647c9e41bf2dcb9c5393b928fe,5.2091492546211651,0.26728931504447928,21.047095072080559,0,1,0,0,0.53040492257854266,0,0.188381207628702,0.046421009464547656,0.031459661673993236,0.010175119624981598,6.2157748534694672e-06,0.092933750000000009,100.5,0.046421009464547656,0.53040492257854266,0.092933750000000009,100.5,0
bestest_hydronic_heat_pump,234,bestest_hydronic_heat_pump:day234,3,zone_bias_negative,deterministic_wm,192,144,9,7b9938f79432c7cc61162a5cc98dccb2ce76d806337bc95e82830b7d14143f67,0534d7893ab840c72d6731251854ebc632482a647c9e41bf2dcb9c5393b928fe,1.8533171069928454,0.45818738578027762,7.1003043640380401,0.77777777777777779,0.1111111111111111,0.1111111111111111,5,0.68370329721035239,0,0.11861726872201869,0.029739774428099053,0.019809083876577128,0.016788379600135985,1.576247500984942e-05,0.092933750000000009,100.5,0.046421009464547656,0.53040492257854266,0.092933750000000009,100.5,-0.088985314236898982
bestest_hydronic_heat_pump,234,bestest_hydronic_heat_pump:day234,3,zone_bias_negative,direct_h8_rssm,192,144,9,7b9938f79432c7cc61162a5cc98dccb2ce76d806337bc95e82830b7d14143f67,0534d7893ab840c72d6731251854ebc632482a647c9e41bf2dcb9c5393b928fe,1.312654846084331,9.3212682313315014,4.9675494460201399,0.77777777777777779,0.22222222222222221,0,3,9.5242064299584932,0,0.10723772858557172,0.026787332892236688,0.017908700673790481,0.013090131362683572,2.8615244742810138e-05,0.092933750000000009,100.5,0.046421009464547656,0.53040492257854266,0.092933750000000009,100.5,-0.060887368860341691
bestest_hydronic_heat_pump,234,bestest_hydronic_heat_pump:day234,3,zone_bias_negative,legacy_rssm,192,144,9,7b9938f79432c7cc61162a5cc98dccb2ce76d806337bc95e82830b7d14143f67,0534d7893ab840c72d6731251854ebc632482a647c9e41bf2dcb9c5393b928fe,1.312654846084331,9.3212682313315014,4.9675494460201399,0.77777777777777779,0.22222222222222221,0,3,9.5242064299584932,0,0.10723772858557172,0.026787332892236688,0.017908700673790481,0.013090131362683572,2.7391254520471735e-05,0.092933750000000009,100.5,0.046421009464547656,0.53040492257854266,0.092933750000000009,100.5,-0.060887368860341691
bestest_hydronic_heat_pump,234,bestest_hydronic_heat_pump:day234,3,zone_bias_negative,rc_supervisory_selector,192,144,9,7b9938f79432c7cc61162a5cc98dccb2ce76d806337bc95e82830b7d14143f67,0534d7893ab840c72d6731251854ebc632482a647c9e41bf2dcb9c5393b928fe,3.1746969732142789,0.15651345048738108,12.645331079193028,0.77777777777777779,0,0.22222222222222221,3,0.40389746098240481,0,0.14541630972075681,0.036125985898098338,0.024284523723366393,0.016788379600135985,7.2328221874225972e-06,0.092933750000000009,100.5,0.046421009464547656,0.53040492257854266,0.092933750000000009,100.5,-0.056018436673868549
bestest_hydronic_heat_pump,234,bestest_hydronic_heat_pump:day234,3,zone_bias_negative,tuned_rule_based,192,144,9,7b9938f79432c7cc61162a5cc98dccb2ce76d806337bc95e82830b7d14143f67,0534d7893ab840c72d6731251854ebc632482a647c9e41bf2dcb9c5393b928fe,3.5524334082400593,0.11565264435199651,14.081770354749777,0.77777777777777779,0,0.22222222222222221,5,0.3764488385210546,0,0.15521603725447561,0.038580171462908486,0.025921078221497439,0.016788379600135985,6.251389235518158e-06,0.092933750000000009,100.5,0.046421009464547656,0.53040492257854266,0.092933750000000009,100.5,-0.042951044896116834
bestest_hydronic_heat_pump,234,bestest_hydronic_heat_pump:day234,3,zone_bias_positive,constant_zero,192,144,0,7b9938f79432c7cc61162a5cc98dccb2ce76d806337bc95e82830b7d14143f67,0534d7893ab840c72d6731251854ebc632482a647c9e41bf2dcb9c5393b928fe,5.2091492546211651,0.26728931504447928,21.047095072080559,0,1,0,0,0.53040492257854266,0,0.188381207628702,0.046421009464547656,0.031459661673993236,0.010175119624981598,6.2352450106156426e-06,0.092933750000000009,100.5,0.046421009464547656,0.53040492257854266,0.092933750000000009,100.5,0
bestest_hydronic_heat_pump,234,bestest_hydronic_heat_pump:day234,3,zone_bias_positive,deterministic_wm,192,144,9,7b9938f79432c7cc61162a5cc98dccb2ce76d806337bc95e82830b7d14143f67,0534d7893ab840c72d6731251854ebc632482a647c9e41bf2dcb9c5393b928fe,0.64394989080224208,10.992583681419802,2.5043855692809167,0.88888888888888884,0.1111111111111111,0,3,11.155455186877754,0,0.091845879280135836,0.02262729390190606,0.015338261839782687,0.010175119624981598,1.5948657867449393e-05,0.092933750000000009,100.5,0.046421009464547656,0.53040492257854266,0.092933750000000009,100.5,-0.075153448411334214
bestest_hydronic_heat_pump,234,bestest_hydronic_heat_pump:day234,3,zone_bias_positive,direct_h8_rssm,192,144,9,7b9938f79432c7cc61162a5cc98dccb2ce76d806337bc95e82830b7d14143f67,0534d7893ab840c72d6731251854ebc632482a647c9e41bf2dcb9c5393b928fe,1.98169316581741,4.0987715365487247,8.0792199171717378,0.66666666666666663,0.33333333333333331,0,5,4.3121610031555146,0,0.12239417592887233,0.030064694987172864,0.020439827380121681,0.011711922960464667,2.759627646800735e-05,0.092933750000000009,100.5,0.046421009464547656,0.53040492257854266,0.092933750000000009,100.5,-0.069185155815223387
bestest_hydronic_heat_pump,234,bestest_hydronic_heat_pump:day234,3,zone_bias_positive,legacy_rssm,192,144,9,7b9938f79432c7cc61162a5cc98dccb2ce76d806337bc95e82830b7d14143f67,0534d7893ab840c72d6731251854ebc632482a647c9e41bf2dcb9c5393b928fe,1.312654846084331,9.3212682313315014,4.9675494460201399,0.77777777777777779,0.22222222222222221,0,3,9.5242064299584932,0,0.10723772858557172,0.026787332892236688,0.017908700673790481,0.013090131362683572,2.9440150835127106e-05,0.092933750000000009,100.5,0.046421009464547656,0.53040492257854266,0.092933750000000009,100.5,-0.060887368860341691
bestest_hydronic_heat_pump,234,bestest_hydronic_heat_pump:day234,3,zone_bias_positive,rc_supervisory_selector,192,144,9,7b9938f79432c7cc61162a5cc98dccb2ce76d806337bc95e82830b7d14143f67,0534d7893ab840c72d6731251854ebc632482a647c9e41bf2dcb9c5393b928fe,2.2299985898275514,3.3005824574328528,9.2538623558820312,0.88888888888888884,0,0.1111111111111111,3,3.5670315546002822,0,0.13001825761056304,0.031625316907990086,0.021713049020964031,0.020011267701070846,7.1637959172380318e-06,0.092933750000000009,100.5,0.046421009464547656,0.53040492257854266,0.092933750000000009,100.5,-0.064495845743126418
bestest_hydronic_heat_pump,234,bestest_hydronic_heat_pump:day234,3,zone_bias_positive,tuned_rule_based,192,144,9,7b9938f79432c7cc61162a5cc98dccb2ce76d806337bc95e82830b7d14143f67,0534d7893ab840c72d6731251854ebc632482a647c9e41bf2dcb9c5393b928fe,3.0508630121979534,1.3733845780384542,12.271806563850113,0.77777777777777779,0,0.22222222222222221,5,1.6368583176708356,0,0.14575750173176849,0.035965089823525927,0.024341502789205337,0.018267141837405375,6.1709191509288977e-06,0.092933750000000009,100.5,0.046421009464547656,0.53040492257854266,0.092933750000000009,100.5,-0.050749952376282895
bestest_hydronic_heat_pump,234,bestest_hydronic_heat_pump:day234,3,zone_drift_negative,constant_zero,192,144,0,7b9938f79432c7cc61162a5cc98dccb2ce76d806337bc95e82830b7d14143f67,0534d7893ab840c72d6731251854ebc632482a647c9e41bf2dcb9c5393b928fe,5.2091492546211651,0.26728931504447928,21.047095072080559,0,1,0,0,0.53040492257854266,0,0.188381207628702,0.046421009464547656,0.031459661673993236,0.010175119624981598,6.2594946350310692e-06,0.092933750000000009,100.5,0.046421009464547656,0.53040492257854266,0.092933750000000009,100.5,0
bestest_hydronic_heat_pump,234,bestest_hydronic_heat_pump:day234,3,zone_drift_negative,deterministic_wm,192,144,9,7b9938f79432c7cc61162a5cc98dccb2ce76d806337bc95e82830b7d14143f67,0534d7893ab840c72d6731251854ebc632482a647c9e41bf2dcb9c5393b928fe,1.8533171069928454,0.45818738578027762,7.1003043640380401,0.77777777777777779,0.1111111111111111,0.1111111111111111,5,0.68370329721035239,0,0.11861726872201869,0.029739774428099053,0.019809083876577128,0.016788379600135985,1.5446507285818797e-05,0.092933750000000009,100.5,0.046421009464547656,0.53040492257854266,0.092933750000000009,100.5,-0.088985314236898982
bestest_hydronic_heat_pump,234,bestest_hydronic_heat_pump:day234,3,zone_drift_negative,direct_h8_rssm,192,144,9,7b9938f79432c7cc61162a5cc98dccb2ce76d806337bc95e82830b7d14143f67,0534d7893ab840c72d6731251854ebc632482a647c9e41bf2dcb9c5393b928fe,1.312654846084331,9.3212682313315014,4.9675494460201399,0.77777777777777779,0.22222222222222221,0,3,9.5242064299584932,0,0.10723772858557172,0.026787332892236688,0.017908700673790481,0.013090131362683572,2.8258586359828486e-05,0.092933750000000009,100.5,0.046421009464547656,0.53040492257854266,0.092933750000000009,100.5,-0.060887368860341691
bestest_hydronic_heat_pump,234,bestest_hydronic_heat_pump:day234,3,zone_drift_negative,legacy_rssm,192,144,9,7b9938f79432c7cc61162a5cc98dccb2ce76d806337bc95e82830b7d14143f67,0534d7893ab840c72d6731251854ebc632482a647c9e41bf2dcb9c5393b928fe,1.312654846084331,9.3212682313315014,4.9675494460201399,0.77777777777777779,0.22222222222222221,0,3,9.5242064299584932,0,0.10723772858557172,0.026787332892236688,0.017908700673790481,0.013090131362683572,2.7821466214022988e-05,0.092933750000000009,100.5,0.046421009464547656,0.53040492257854266,0.092933750000000009,100.5,-0.060887368860341691
bestest_hydronic_heat_pump,234,bestest_hydronic_heat_pump:day234,3,zone_drift_negative,rc_supervisory_selector,192,144,9,7b9938f79432c7cc61162a5cc98dccb2ce76d806337bc95e82830b7d14143f67,0534d7893ab840c72d6731251854ebc632482a647c9e41bf2dcb9c5393b928fe,3.1746969732142789,0.15651345048738108,12.645331079193028,0.77777777777777779,0,0.22222222222222221,3,0.40389746098240481,0,0.14541630972075681,0.036125985898098338,0.024284523723366393,0.016788379600135985,7.0682648242109366e-06,0.092933750000000009,100.5,0.046421009464547656,0.53040492257854266,0.092933750000000009,100.5,-0.056018436673868549
bestest_hydronic_heat_pump,234,bestest_hydronic_heat_pump:day234,3,zone_drift_negative,tuned_rule_based,192,144,9,7b9938f79432c7cc61162a5cc98dccb2ce76d806337bc95e82830b7d14143f67,0534d7893ab840c72d6731251854ebc632482a647c9e41bf2dcb9c5393b928fe,3.5524334082400593,0.11565264435199651,14.081770354749777,0.77777777777777779,0,0.22222222222222221,5,0.3764488385210546,0,0.15521603725447561,0.038580171462908486,0.025921078221497439,0.016788379600135985,6.26835454127482e-06,0.092933750000000009,100.5,0.046421009464547656,0.53040492257854266,0.092933750000000009,100.5,-0.042951044896116834
bestest_hydronic_heat_pump,234,bestest_hydronic_heat_pump:day234,3,zone_drift_positive,constant_zero,192,144,0,7b9938f79432c7cc61162a5cc98dccb2ce76d806337bc95e82830b7d14143f67,0534d7893ab840c72d6731251854ebc632482a647c9e41bf2dcb9c5393b928fe,5.2091492546211651,0.26728931504447928,21.047095072080559,0,1,0,0,0.53040492257854266,0,0.188381207628702,0.046421009464547656,0.031459661673993236,0.010175119624981598,6.2833378799021285e-06,0.092933750000000009,100.5,0.046421009464547656,0.53040492257854266,0.092933750000000009,100.5,0
bestest_hydronic_heat_pump,234,bestest_hydronic_heat_pump:day234,3,zone_drift_positive,deterministic_wm,192,144,9,7b9938f79432c7cc61162a5cc98dccb2ce76d806337bc95e82830b7d14143f67,0534d7893ab840c72d6731251854ebc632482a647c9e41bf2dcb9c5393b928fe,0.64394989080224208,10.992583681419802,2.5043855692809167,0.88888888888888884,0.1111111111111111,0,3,11.155455186877754,0,0.091845879280135836,0.02262729390190606,0.015338261839782687,0.010175119624981598,1.5923607966593352e-05,0.092933750000000009,100.5,0.046421009464547656,0.53040492257854266,0.092933750000000009,100.5,-0.075153448411334214
bestest_hydronic_heat_pump,234,bestest_hydronic_heat_pump:day234,3,zone_drift_positive,direct_h8_rssm,192,144,9,7b9938f79432c7cc61162a5cc98dccb2ce76d806337bc95e82830b7d14143f67,0534d7893ab840c72d6731251854ebc632482a647c9e41bf2dcb9c5393b928fe,1.98169316581741,4.0987715365487247,8.0792199171717378,0.66666666666666663,0.33333333333333331,0,5,4.3121610031555146,0,0.12239417592887233,0.030064694987172864,0.020439827380121681,0.011711922960464667,2.8221629399626387e-05,0.092933750000000009,100.5,0.046421009464547656,0.53040492257854266,0.092933750000000009,100.5,-0.069185155815223387
bestest_hydronic_heat_pump,234,bestest_hydronic_heat_pump:day234,3,zone_drift_positive,legacy_rssm,192,144,9,7b9938f79432c7cc61162a5cc98dccb2ce76d806337bc95e82830b7d14143f67,0534d7893ab840c72d6731251854ebc632482a647c9e41bf2dcb9c5393b928fe,1.312654846084331,9.3212682313315014,4.9675494460201399,0.77777777777777779,0.22222222222222221,0,3,9.5242064299584932,0,0.10723772858557172,0.026787332892236688,0.017908700673790481,0.013090131362683572,2.7715596714430314e-05,0.092933750000000009,100.5,0.046421009464547656,0.53040492257854266,0.092933750000000009,100.5,-0.060887368860341691
bestest_hydronic_heat_pump,234,bestest_hydronic_heat_pump:day234,3,zone_drift_positive,rc_supervisory_selector,192,144,9,7b9938f79432c7cc61162a5cc98dccb2ce76d806337bc95e82830b7d14143f67,0534d7893ab840c72d6731251854ebc632482a647c9e41bf2dcb9c5393b928fe,2.2299985898275514,3.3005824574328528,9.2538623558820312,0.88888888888888884,0,0.1111111111111111,3,3.5670315546002822,0,0.13001825761056304,0.031625316907990086,0.021713049020964031,0.020011267701070846,7.4425806064394888e-06,0.092933750000000009,100.5,0.046421009464547656,0.53040492257854266,0.092933750000000009,100.5,-0.064495845743126418
bestest_hydronic_heat_pump,234,bestest_hydronic_heat_pump:day234,3,zone_drift_positive,tuned_rule_based,192,144,9,7b9938f79432c7cc61162a5cc98dccb2ce76d806337bc95e82830b7d14143f67,0534d7893ab840c72d6731251854ebc632482a647c9e41bf2dcb9c5393b928fe,3.0508630121979534,1.3733845780384542,12.271806563850113,0.77777777777777779,0,0.22222222222222221,5,1.6368583176708356,0,0.14575750173176849,0.035965089823525927,0.024341502789205337,0.018267141837405375,6.1284351515312266e-06,0.092933750000000009,100.5,0.046421009464547656,0.53040492257854266,0.092933750000000009,100.5,-0.050749952376282895
bestest_hydronic_heat_pump,234,bestest_hydronic_heat_pump:day234,3,zone_stuck,constant_zero,192,144,0,7b9938f79432c7cc61162a5cc98dccb2ce76d806337bc95e82830b7d14143f67,0534d7893ab840c72d6731251854ebc632482a647c9e41bf2dcb9c5393b928fe,5.2091492546211651,0.26728931504447928,21.047095072080559,0,1,0,0,0.53040492257854266,0,0.188381207628702,0.046421009464547656,0.031459661673993236,0.010175119624981598,6.2170231182815166e-06,0.092933750000000009,100.5,0.046421009464547656,0.53040492257854266,0.092933750000000009,100.5,0
bestest_hydronic_heat_pump,234,bestest_hydronic_heat_pump:day234,3,zone_stuck,deterministic_wm,192,144,9,7b9938f79432c7cc61162a5cc98dccb2ce76d806337bc95e82830b7d14143f67,0534d7893ab840c72d6731251854ebc632482a647c9e41bf2dcb9c5393b928fe,2.4892534396971469,1.1850840119289074,9.9018391955918119,0.66666666666666663,0.33333333333333331,0,7,1.4025997229091562,0,0.13173769167353086,0.032599172743398692,0.022000194509479661,0.011304381149654515,1.5691361363506927e-05,0.092933750000000009,100.5,0.046421009464547656,0.53040492257854266,0.092933750000000009,100.5,-0.070024646801113297
bestest_hydronic_heat_pump,234,bestest_hydronic_heat_pump:day234,3,zone_stuck,direct_h8_rssm,192,144,9,7b9938f79432c7cc61162a5cc98dccb2ce76d806337bc95e82830b7d14143f67,0534d7893ab840c72d6731251854ebc632482a647c9e41bf2dcb9c5393b928fe,1.98169316581741,4.0987715365487247,8.0792199171717378,0.66666666666666663,0.33333333333333331,0,5,4.3121610031555146,0,0.12239417592887233,0.030064694987172864,0.020439827380121681,0.011711922960464667,2.8542229573070625e-05,0.092933750000000009,100.5,0.046421009464547656,0.53040492257854266,0.092933750000000009,100.5,-0.069185155815223387
bestest_hydronic_heat_pump,234,bestest_hydronic_heat_pump:day234,3,zone_stuck,legacy_rssm,192,144,9,7b9938f79432c7cc61162a5cc98dccb2ce76d806337bc95e82830b7d14143f67,0534d7893ab840c72d6731251854ebc632482a647c9e41bf2dcb9c5393b928fe,1.312654846084331,9.3212682313315014,4.9675494460201399,0.77777777777777779,0.22222222222222221,0,3,9.5242064299584932,0,0.10723772858557172,0.026787332892236688,0.017908700673790481,0.013090131362683572,2.8899240244121454e-05,0.092933750000000009,100.5,0.046421009464547656,0.53040492257854266,0.092933750000000009,100.5,-0.060887368860341691
bestest_hydronic_heat_pump,234,bestest_hydronic_heat_pump:day234,3,zone_stuck,rc_supervisory_selector,192,144,9,7b9938f79432c7cc61162a5cc98dccb2ce76d806337bc95e82830b7d14143f67,0534d7893ab840c72d6731251854ebc632482a647c9e41bf2dcb9c5393b928fe,3.1911531306898153,0.14602372367811256,12.11844398780762,0.77777777777777779,0,0.22222222222222221,5,0.40615360289616359,0,0.14745460124288257,0.037427807278161355,0.02462491840756139,0.016788379600135985,7.493523680380155e-06,0.092933750000000009,100.5,0.046421009464547656,0.53040492257854266,0.092933750000000009,100.5,-0.049003182980137741
bestest_hydronic_heat_pump,234,bestest_hydronic_heat_pump:day234,3,zone_stuck,tuned_rule_based,192,144,9,7b9938f79432c7cc61162a5cc98dccb2ce76d806337bc95e82830b7d14143f67,0534d7893ab840c72d6731251854ebc632482a647c9e41bf2dcb9c5393b928fe,3.5524334082400593,0.11565264435199651,14.081770354749777,0.77777777777777779,0,0.22222222222222221,5,0.3764488385210546,0,0.15521603725447561,0.038580171462908486,0.025921078221497439,0.016788379600135985,6.3649813334147141e-06,0.092933750000000009,100.5,0.046421009464547656,0.53040492257854266,0.092933750000000009,100.5,-0.042951044896116834
bestest_hydronic_heat_pump,297,bestest_hydronic_heat_pump:day297,1,clean,constant_zero,192,144,0,a2b94480cb4a2c656f1be066689a09e0d2e007ae63be984c172084b0c7ff1ad2,3222997cdf272905a9a2116e6f76bc470210898dfe4b84c28772619eccf4fa32,9.9170319338296462,0.66319465783837472,39.449632497148613,0,1,0,0,1.4129397872417302,0,0.36016505207631427,0.090514921793708306,0.060147563696744503,0.015364448560465802,6.3361769293962057e-06,0.092933750000000009,100.5,0.090514921793708306,1.4129397872417302,0.092933750000000009,100.5,0
bestest_hydronic_heat_pump,297,bestest_hydronic_heat_pump:day297,1,clean,deterministic_wm,192,144,9,a2b94480cb4a2c656f1be066689a09e0d2e007ae63be984c172084b0c7ff1ad2,3222997cdf272905a9a2116e6f76bc470210898dfe4b84c28772619eccf4fa32,7.7720111704263068,0.53681276030728498,30.97251919271616,0.66666666666666663,0,0.33333333333333331,6,1.2621646922890428,0,0.31811667367862956,0.079901331281470006,0.053125484504331147,0.018463374143895688,1.5793569286317586e-05,0.092933750000000009,100.5,0.090514921793708306,1.4129397872417302,0.092933750000000009,100.5,-0.057853117639666052
bestest_hydronic_heat_pump,297,bestest_hydronic_heat_pump:day297,1,clean,direct_h8_rssm,192,144,9,a2b94480cb4a2c656f1be066689a09e0d2e007ae63be984c172084b0c7ff1ad2,3222997cdf272905a9a2116e6f76bc470210898dfe4b84c28772619eccf4fa32,6.6743609526916012,3.7254839641737192,26.809288960434777,0.77777777777777779,0,0.22222222222222221,5,4.4449799108748369,0,0.29802707123942906,0.074578750800040325,0.049770520896984666,0.02022938228151042,2.8384668040650058e-05,0.092933750000000009,100.5,0.090514921793708306,1.4129397872417302,0.092933750000000009,100.5,-0.070654639751272216
bestest_hydronic_heat_pump,297,bestest_hydronic_heat_pump:day297,1,clean,legacy_rssm,192,144,9,a2b94480cb4a2c656f1be066689a09e0d2e007ae63be984c172084b0c7ff1ad2,3222997cdf272905a9a2116e6f76bc470210898dfe4b84c28772619eccf4fa32,4.7040531489876987,7.7561105033434075,19.640735398475293,0.88888888888888884,0,0.1111111111111111,3,8.3837925209326603,0,0.25567645782908111,0.063040623420266603,0.042697968457456562,0.02022938228151042,2.6906001283513588e-05,0.092933750000000009,100.5,0.090514921793708306,1.4129397872417302,0.092933750000000009,100.5,-0.1131357216522063
bestest_hydronic_heat_pump,297,bestest_hydronic_heat_pump:day297,1,clean,rc_supervisory_selector,192,144,9,a2b94480cb4a2c656f1be066689a09e0d2e007ae63be984c172084b0c7ff1ad2,3222997cdf272905a9a2116e6f76bc470210898dfe4b84c28772619eccf4fa32,5.6031118435237079,0.89220392681585281,22.39450100196667,0.77777777777777779,0,0.22222222222222221,5,1.5700111039321343,0,0.27344208073465531,0.068529306033192239,0.045664827482687444,0.018463374143895688,7.3696403325886971e-06,0.092933750000000009,100.5,0.090514921793708306,1.4129397872417302,0.092933750000000009,100.5,-0.11750504916628407
bestest_hydronic_heat_pump,297,bestest_hydronic_heat_pump:day297,1,clean,tuned_rule_based,192,144,9,a2b94480cb4a2c656f1be066689a09e0d2e007ae63be984c172084b0c7ff1ad2,3222997cdf272905a9a2116e6f76bc470210898dfe4b84c28772619eccf4fa32,5.9985663280980539,0.67126120935144229,23.877826150407579,0.66666666666666663,0,0.33333333333333331,7,1.3671016642556424,0,0.28201268206266833,0.070814228347240521,0.047096117904465627,0.018463374143895688,6.3988467577656311e-06,0.092933750000000009,100.5,0.090514921793708306,1.4129397872417302,0.092933750000000009,100.5,-0.10622126298214607
bestest_hydronic_heat_pump,297,bestest_hydronic_heat_pump:day297,1,zone_bias_negative,constant_zero,192,144,0,a2b94480cb4a2c656f1be066689a09e0d2e007ae63be984c172084b0c7ff1ad2,3222997cdf272905a9a2116e6f76bc470210898dfe4b84c28772619eccf4fa32,9.9170319338296462,0.66319465783837472,39.449632497148613,0,1,0,0,1.4129397872417302,0,0.36016505207631427,0.090514921793708306,0.060147563696744503,0.015364448560465802,6.4244417342562671e-06,0.092933750000000009,100.5,0.090514921793708306,1.4129397872417302,0.092933750000000009,100.5,0
bestest_hydronic_heat_pump,297,bestest_hydronic_heat_pump:day297,1,zone_bias_negative,deterministic_wm,192,144,9,a2b94480cb4a2c656f1be066689a09e0d2e007ae63be984c172084b0c7ff1ad2,3222997cdf272905a9a2116e6f76bc470210898dfe4b84c28772619eccf4fa32,8.2779786999501059,0.38935668983890537,33.089233527464856,0.55555555555555558,0.1111111111111111,0.33333333333333331,6,1.1142142436372253,0,0.32683810996649904,0.081988668205512191,0.054581964364405336,0.018463374143895688,1.579456928512813e-05,0.092933750000000009,100.5,0.090514921793708306,1.4129397872417302,0.092933750000000009,100.5,-0.047358947958723578
bestest_hydronic_heat_pump,297,bestest_hydronic_heat_pump:day297,1,zone_bias_negative,direct_h8_rssm,192,144,9,a2b94480cb4a2c656f1be066689a09e0d2e007ae63be984c172084b0c7ff1ad2,3222997cdf272905a9a2116e6f76bc470210898dfe4b84c28772619eccf4fa32,5.1245480601552806,4.8223152614236255,20.954105082802897,0.77777777777777779,0.1111111111111111,0.1111111111111111,4,5.4488806327745891,0,0.26391502391384331,0.065601390239802715,0.044073808993611845,0.015894082745105492,2.7712114055604698e-05,0.092933750000000009,100.5,0.090514921793708306,1.4129397872417302,0.092933750000000009,100.5,-0.11395989525861069
bestest_hydronic_heat_pump,297,bestest_hydronic_heat_pump:day297,1,zone_bias_negative,legacy_rssm,192,144,9,a2b94480cb4a2c656f1be066689a09e0d2e007ae63be984c172084b0c7ff1ad2,3222997cdf272905a9a2116e6f76bc470210898dfe4b84c28772619eccf4fa32,4.7040531489876987,7.7561105033434075,19.640735398475293,0.88888888888888884,0,0.1111111111111111,3,8.3837925209326603,0,0.25567645782908111,0.063040623420266603,0.042697968457456562,0.02022938228151042,2.8347254770311108e-05,0.092933750000000009,100.5,0.090514921793708306,1.4129397872417302,0.092933750000000009,100.5,-0.1131357216522063
bestest_hydronic_heat_pump,297,bestest_hydronic_heat_pump:day297,1,zone_bias_negative,rc_supervisory_selector,192,144,9,a2b94480cb4a2c656f1be066689a09e0d2e007ae63be984c172084b0c7ff1ad2,3222997cdf272905a9a2116e6f76bc470210898dfe4b84c28772619eccf4fa32,7.3877228639371406,0.63110250768500009,29.09051029650854,0.66666666666666663,0,0.33333333333333331,5,1.3541809241472997,0,0.31019955980954766,0.078423109820748627,0.051803326488194468,0.018463374143895688,7.2379913907053856e-06,0.092933750000000009,100.5,0.090514921793708306,1.4129397872417302,0.092933750000000009,100.5,-0.065348418159143065
bestest_hydronic_heat_pump,297,bestest_hydronic_heat_pump:day297,1,zone_bias_negative,tuned_rule_based,192,144,9,a2b94480cb4a2c656f1be066689a09e0d2e007ae63be984c172084b0c7ff1ad2,3222997cdf272905a9a2116e6f76bc470210898dfe4b84c28772619eccf4fa32,5.9985663280980539,0.67126120935144229,23.877826150407579,0.66666666666666663,0,0.33333333333333331,7,1.3671016642556424,0,0.28201268206266833,0.070814228347240521,0.047096117904465627,0.018463374143895688,6.189797075769804e-06,0.092933750000000009,100.5,0.090514921793708306,1.4129397872417302,0.092933750000000009,100.5,-0.10622126298214607
bestest_hydronic_heat_pump,297,bestest_hydronic_heat_pump:day297,1,zone_bias_positive,constant_zero,192,144,0,a2b94480cb4a2c656f1be066689a09e0d2e007ae63be984c172084b0c7ff1ad2,3222997cdf272905a9a2116e6f76bc470210898dfe4b84c28772619eccf4fa32,9.9170319338296462,0.66319465783837472,39.449632497148613,0,1,0,0,1.4129397872417302,0,0.36016505207631427,0.090514921793708306,0.060147563696744503,0.015364448560465802,6.2177415640288976e-06,0.092933750000000009,100.5,0.090514921793708306,1.4129397872417302,0.092933750000000009,100.5,0
bestest_hydronic_heat_pump,297,bestest_hydronic_heat_pump:day297,1,zone_bias_positive,deterministic_wm,192,144,9,a2b94480cb4a2c656f1be066689a09e0d2e007ae63be984c172084b0c7ff1ad2,3222997cdf272905a9a2116e6f76bc470210898dfe4b84c28772619eccf4fa32,6.6743609526916012,3.7254851302568426,26.809288960434777,0.66666666666666663,0.1111111111111111,0.22222222222222221,6,4.4449805531932975,0,0.29802707123942906,0.074578750800040325,0.049770520896984666,0.02022938228151042,1.6320274623762112e-05,0.092933750000000009,100.5,0.090514921793708306,1.4129397872417302,0.092933750000000009,100.5,-0.070654636555657985
bestest_hydronic_heat_pump,297,bestest_hydronic_heat_pump:day297,1,zone_bias_positive,direct_h8_rssm,192,144,9,a2b94480cb4a2c656f1be066689a09e0d2e007ae63be984c172084b0c7ff1ad2,3222997cdf272905a9a2116e6f76bc470210898dfe4b84c28772619eccf4fa32,6.6743609526916012,3.7254839641737192,26.809288960434777,0.77777777777777779,0,0.22222222222222221,5,4.4449799108748369,0,0.29802707123942906,0.074578750800040325,0.049770520896984666,0.02022938228151042,2.7575983843046121e-05,0.092933750000000009,100.5,0.090514921793708306,1.4129397872417302,0.092933750000000009,100.5,-0.070654639751272216
bestest_hydronic_heat_pump,297,bestest_hydronic_heat_pump:day297,1,zone_bias_positive,legacy_rssm,192,144,9,a2b94480cb4a2c656f1be066689a09e0d2e007ae63be984c172084b0c7ff1ad2,3222997cdf272905a9a2116e6f76bc470210898dfe4b84c28772619eccf4fa32,6.088051656487754,7.5011487929785829,25.073404083105949,0.88888888888888884,0,0.1111111111111111,3,8.160068046456054,0,0.28610405389259858,0.070666204349465911,0.047779377000063968,0.020425525316283895,2.9275837577034253e-05,0.092933750000000009,100.5,0.090514921793708306,1.4129397872417302,0.092933750000000009,100.5,-0.073221805603994827
bestest_hydronic_heat_pump,297,bestest_hydronic_heat_pump:day297,1,zone_bias_positive,rc_supervisory_selector,192,144,9,a2b94480cb4a2c656f1be066689a09e0d2e007ae63be984c172084b0c7ff1ad2,3222997cdf272905a9a2116e6f76bc470210898dfe4b84c28772619eccf4fa32,6.088051656487754,7.5011487929785829,25.073404083105949,0.88888888888888884,0,0.1111111111111111,3,8.160068046456054,0,0.28610405389259858,0.070666204349465911,0.047779377000063968,0.020425525316283895,7.1158459049244825e-06,0.092933750000000009,100.5,0.090514921793708306,1.4129397872417302,0.092933750000000009,100.5,-0.073221805603994827
bestest_hydronic_heat_pump,297,bestest_hydronic_heat_pump:day297,1,zone_bias_positive,tuned_rule_based,192,144,9,a2b94480cb4a2c656f1be066689a09e0d2e007ae63be984c172084b0c7ff1ad2,3222997cdf272905a9a2116e6f76bc470210898dfe4b84c28772619eccf4fa32,6.6743609526916012,3.7254839641737192,26.809288960434777,0.77777777777777779,0,0.22222222222222221,5,4.4449799108748369,0,0.29802707123942906,0.074578750800040325,0.049770520896984666,0.02022938228151042,6.0958415703276967e-06,0.092933750000000009,100.5,0.090514921793708306,1.4129397872417302,0.092933750000000009,100.5,-0.070654639751272216
bestest_hydronic_heat_pump,297,bestest_hydronic_heat_pump:day297,1,zone_drift_negative,constant_zero,192,144,0,a2b94480cb4a2c656f1be066689a09e0d2e007ae63be984c172084b0c7ff1ad2,3222997cdf272905a9a2116e6f76bc470210898dfe4b84c28772619eccf4fa32,9.9170319338296462,0.66319465783837472,39.449632497148613,0,1,0,0,1.4129397872417302,0,0.36016505207631427,0.090514921793708306,0.060147563696744503,0.015364448560465802,6.2788136134388978e-06,0.092933750000000009,100.5,0.090514921793708306,1.4129397872417302,0.092933750000000009,100.5,0
bestest_hydronic_heat_pump,297,bestest_hydronic_heat_pump:day297,1,zone_drift_negative,deterministic_wm,192,144,9,a2b94480cb4a2c656f1be066689a09e0d2e007ae63be984c172084b0c7ff1ad2,3222997cdf272905a9a2116e6f76bc470210898dfe4b84c28772619eccf4fa32,8.2779786999501059,0.38935668983890537,33.089233527464856,0.55555555555555558,0.1111111111111111,0.33333333333333331,6,1.1142142436372253,0,0.32683810996649904,0.081988668205512191,0.054581964364405336,0.018463374143895688,1.5598494622373108e-05,0.092933750000000009,100.5,0.090514921793708306,1.4129397872417302,0.092933750000000009,100.5,-0.047358947958723578
bestest_hydronic_heat_pump,297,bestest_hydronic_heat_pump:day297,1,zone_drift_negative,direct_h8_rssm,192,144,9,a2b94480cb4a2c656f1be066689a09e0d2e007ae63be984c172084b0c7ff1ad2,3222997cdf272905a9a2116e6f76bc470210898dfe4b84c28772619eccf4fa32,6.6743609526916012,3.7254839641737192,26.809288960434777,0.77777777777777779,0,0.22222222222222221,5,4.4449799108748369,0,0.29802707123942906,0.074578750800040325,0.049770520896984666,0.02022938228151042,2.8359390678206044e-05,0.092933750000000009,100.5,0.090514921793708306,1.4129397872417302,0.092933750000000009,100.5,-0.070654639751272216
bestest_hydronic_heat_pump,297,bestest_hydronic_heat_pump:day297,1,zone_drift_negative,legacy_rssm,192,144,9,a2b94480cb4a2c656f1be066689a09e0d2e007ae63be984c172084b0c7ff1ad2,3222997cdf272905a9a2116e6f76bc470210898dfe4b84c28772619eccf4fa32,4.7040531489876987,7.7561105033434075,19.640735398475293,0.88888888888888884,0,0.1111111111111111,3,8.3837925209326603,0,0.25567645782908111,0.063040623420266603,0.042697968457456562,0.02022938228151042,2.9059235892925521e-05,0.092933750000000009,100.5,0.090514921793708306,1.4129397872417302,0.092933750000000009,100.5,-0.1131357216522063
bestest_hydronic_heat_pump,297,bestest_hydronic_heat_pump:day297,1,zone_drift_negative,rc_supervisory_selector,192,144,9,a2b94480cb4a2c656f1be066689a09e0d2e007ae63be984c172084b0c7ff1ad2,3222997cdf272905a9a2116e6f76bc470210898dfe4b84c28772619eccf4fa32,7.3877228639371406,0.63110250768500009,29.09051029650854,0.66666666666666663,0,0.33333333333333331,5,1.3541809241472997,0,0.31019955980954766,0.078423109820748627,0.051803326488194468,0.018463374143895688,7.5942433941426706e-06,0.092933750000000009,100.5,0.090514921793708306,1.4129397872417302,0.092933750000000009,100.5,-0.065348418159143065
bestest_hydronic_heat_pump,297,bestest_hydronic_heat_pump:day297,1,zone_drift_negative,tuned_rule_based,192,144,9,a2b94480cb4a2c656f1be066689a09e0d2e007ae63be984c172084b0c7ff1ad2,3222997cdf272905a9a2116e6f76bc470210898dfe4b84c28772619eccf4fa32,5.9985663280980539,0.67126120935144229,23.877826150407579,0.66666666666666663,0,0.33333333333333331,7,1.3671016642556424,0,0.28201268206266833,0.070814228347240521,0.047096117904465627,0.018463374143895688,6.2880882209924296e-06,0.092933750000000009,100.5,0.090514921793708306,1.4129397872417302,0.092933750000000009,100.5,-0.10622126298214607
bestest_hydronic_heat_pump,297,bestest_hydronic_heat_pump:day297,1,zone_drift_positive,constant_zero,192,144,0,a2b94480cb4a2c656f1be066689a09e0d2e007ae63be984c172084b0c7ff1ad2,3222997cdf272905a9a2116e6f76bc470210898dfe4b84c28772619eccf4fa32,9.9170319338296462,0.66319465783837472,39.449632497148613,0,1,0,0,1.4129397872417302,0,0.36016505207631427,0.090514921793708306,0.060147563696744503,0.015364448560465802,6.0867708460267995e-06,0.092933750000000009,100.5,0.090514921793708306,1.4129397872417302,0.092933750000000009,100.5,0
bestest_hydronic_heat_pump,297,bestest_hydronic_heat_pump:day297,1,zone_drift_positive,deterministic_wm,192,144,9,a2b94480cb4a2c656f1be066689a09e0d2e007ae63be984c172084b0c7ff1ad2,3222997cdf272905a9a2116e6f76bc470210898dfe4b84c28772619eccf4fa32,7.7720111704263068,0.53681276030728498,30.97251919271616,0.66666666666666663,0,0.33333333333333331,6,1.2621646922890428,0,0.31811667367862956,0.079901331281470006,0.053125484504331147,0.018463374143895688,1.5746917469408569e-05,0.092933750000000009,100.5,0.090514921793708306,1.4129397872417302,0.092933750000000009,100.5,-0.057853117639666052
bestest_hydronic_heat_pump,297,bestest_hydronic_heat_pump:day297,1,zone_drift_positive,direct_h8_rssm,192,144,9,a2b94480cb4a2c656f1be066689a09e0d2e007ae63be984c172084b0c7ff1ad2,3222997cdf272905a9a2116e6f76bc470210898dfe4b84c28772619eccf4fa32,6.6743609526916012,3.7254839641737192,26.809288960434777,0.77777777777777779,0,0.22222222222222221,5,4.4449799108748369,0,0.29802707123942906,0.074578750800040325,0.049770520896984666,0.02022938228151042,2.7153428173675449e-05,0.092933750000000009,100.5,0.090514921793708306,1.4129397872417302,0.092933750000000009,100.5,-0.070654639751272216
bestest_hydronic_heat_pump,297,bestest_hydronic_heat_pump:day297,1,zone_drift_positive,legacy_rssm,192,144,9,a2b94480cb4a2c656f1be066689a09e0d2e007ae63be984c172084b0c7ff1ad2,3222997cdf272905a9a2116e6f76bc470210898dfe4b84c28772619eccf4fa32,6.088051656487754,7.5011487929785829,25.073404083105949,0.88888888888888884,0,0.1111111111111111,3,8.160068046456054,0,0.28610405389259858,0.070666204349465911,0.047779377000063968,0.020425525316283895,2.7763689583716801e-05,0.092933750000000009,100.5,0.090514921793708306,1.4129397872417302,0.092933750000000009,100.5,-0.073221805603994827
bestest_hydronic_heat_pump,297,bestest_hydronic_heat_pump:day297,1,zone_drift_positive,rc_supervisory_selector,192,144,9,a2b94480cb4a2c656f1be066689a09e0d2e007ae63be984c172084b0c7ff1ad2,3222997cdf272905a9a2116e6f76bc470210898dfe4b84c28772619eccf4fa32,6.088051656487754,7.5011487929785829,25.073404083105949,0.88888888888888884,0,0.1111111111111111,3,8.160068046456054,0,0.28610405389259858,0.070666204349465911,0.047779377000063968,0.020425525316283895,7.1459193781685751e-06,0.092933750000000009,100.5,0.090514921793708306,1.4129397872417302,0.092933750000000009,100.5,-0.073221805603994827
bestest_hydronic_heat_pump,297,bestest_hydronic_heat_pump:day297,1,zone_drift_positive,tuned_rule_based,192,144,9,a2b94480cb4a2c656f1be066689a09e0d2e007ae63be984c172084b0c7ff1ad2,3222997cdf272905a9a2116e6f76bc470210898dfe4b84c28772619eccf4fa32,6.6743609526916012,3.7254839641737192,26.809288960434777,0.77777777777777779,0,0.22222222222222221,5,4.4449799108748369,0,0.29802707123942906,0.074578750800040325,0.049770520896984666,0.02022938228151042,6.3380146525917257e-06,0.092933750000000009,100.5,0.090514921793708306,1.4129397872417302,0.092933750000000009,100.5,-0.070654639751272216
bestest_hydronic_heat_pump,297,bestest_hydronic_heat_pump:day297,1,zone_stuck,constant_zero,192,144,0,a2b94480cb4a2c656f1be066689a09e0d2e007ae63be984c172084b0c7ff1ad2,3222997cdf272905a9a2116e6f76bc470210898dfe4b84c28772619eccf4fa32,9.9170319338296462,0.66319465783837472,39.449632497148613,0,1,0,0,1.4129397872417302,0,0.36016505207631427,0.090514921793708306,0.060147563696744503,0.015364448560465802,6.3909507893489636e-06,0.092933750000000009,100.5,0.090514921793708306,1.4129397872417302,0.092933750000000009,100.5,0
bestest_hydronic_heat_pump,297,bestest_hydronic_heat_pump:day297,1,zone_stuck,deterministic_wm,192,144,9,a2b94480cb4a2c656f1be066689a09e0d2e007ae63be984c172084b0c7ff1ad2,3222997cdf272905a9a2116e6f76bc470210898dfe4b84c28772619eccf4fa32,7.7720111704263068,0.53681276030728498,30.97251919271616,0.66666666666666663,0,0.33333333333333331,6,1.2621646922890428,0,0.31811667367862956,0.079901331281470006,0.053125484504331147,0.018463374143895688,1.6027166789322832e-05,0.092933750000000009,100.5,0.090514921793708306,1.4129397872417302,0.092933750000000009,100.5,-0.057853117639666052
bestest_hydronic_heat_pump,297,bestest_hydronic_heat_pump:day297,1,zone_stuck,direct_h8_rssm,192,144,9,a2b94480cb4a2c656f1be066689a09e0d2e007ae63be984c172084b0c7ff1ad2,3222997cdf272905a9a2116e6f76bc470210898dfe4b84c28772619eccf4fa32,6.6743609526916012,3.7254839641737192,26.809288960434777,0.77777777777777779,0,0.22222222222222221,5,4.4449799108748369,0,0.29802707123942906,0.074578750800040325,0.049770520896984666,0.02022938228151042,2.7477398662112211e-05,0.092933750000000009,100.5,0.090514921793708306,1.4129397872417302,0.092933750000000009,100.5,-0.070654639751272216
bestest_hydronic_heat_pump,297,bestest_hydronic_heat_pump:day297,1,zone_stuck,legacy_rssm,192,144,9,a2b94480cb4a2c656f1be066689a09e0d2e007ae63be984c172084b0c7ff1ad2,3222997cdf272905a9a2116e6f76bc470210898dfe4b84c28772619eccf4fa32,6.088051656487754,7.5011487929785829,25.073404083105949,0.88888888888888884,0,0.1111111111111111,3,8.160068046456054,0,0.28610405389259858,0.070666204349465911,0.047779377000063968,0.020425525316283895,2.7539677367507196e-05,0.092933750000000009,100.5,0.090514921793708306,1.4129397872417302,0.092933750000000009,100.5,-0.073221805603994827
bestest_hydronic_heat_pump,297,bestest_hydronic_heat_pump:day297,1,zone_stuck,rc_supervisory_selector,192,144,9,a2b94480cb4a2c656f1be066689a09e0d2e007ae63be984c172084b0c7ff1ad2,3222997cdf272905a9a2116e6f76bc470210898dfe4b84c28772619eccf4fa32,7.2063247425032753,0.8256224097269893,28.583061499298296,0.66666666666666663,0.1111111111111111,0.22222222222222221,6,1.5502181836297368,0,0.30773781464219935,0.07749699752566544,0.05139221504524729,0.017094868776897858,7.0016158050128788e-06,0.092933750000000009,100.5,0.090514921793708306,1.4129397872417302,0.092933750000000009,100.5,-0.0693557562380029
bestest_hydronic_heat_pump,297,bestest_hydronic_heat_pump:day297,1,zone_stuck,tuned_rule_based,192,144,9,a2b94480cb4a2c656f1be066689a09e0d2e007ae63be984c172084b0c7ff1ad2,3222997cdf272905a9a2116e6f76bc470210898dfe4b84c28772619eccf4fa32,5.9985663280980539,0.67126120935144229,23.877826150407579,0.66666666666666663,0,0.33333333333333331,7,1.3671016642556424,0,0.28201268206266833,0.070814228347240521,0.047096117904465627,0.018463374143895688,6.0676030463573196e-06,0.092933750000000009,100.5,0.090514921793708306,1.4129397872417302,0.092933750000000009,100.5,-0.10622126298214607
bestest_hydronic_heat_pump,315,bestest_hydronic_heat_pump:day315,0,clean,constant_zero,192,144,0,4292a7ef7275f46d9137dc047a70ec169e49d3eadaa4ff99b45660acafc75ebe,673dfef30d25d559d3a31206ff4b2f79146ff749e3eebc8ba57021a4d33ea56d,15.18024664735354,3.0249643800350441,59.996215722595551,0,1,0,0,3.4393404304336217,0,0.44996564434847275,0.11346268643763691,0.075144262606194959,0.017027424324439069,6.1289455531432649e-06,0.092933750000000009,177,0.11346268643763691,3.4393404304336217,0.092933750000000009,177,0
bestest_hydronic_heat_pump,315,bestest_hydronic_heat_pump:day315,0,clean,deterministic_wm,192,144,9,4292a7ef7275f46d9137dc047a70ec169e49d3eadaa4ff99b45660acafc75ebe,673dfef30d25d559d3a31206ff4b2f79146ff749e3eebc8ba57021a4d33ea56d,13.985221347143113,1.8810871502372208,55.973185382373188,0.55555555555555558,0,0.44444444444444442,4,2.194912889183831,0,0.42951328656321974,0.10742221308695456,0.071728718856057694,0.019063337876944975,1.5065757391964576e-05,0.092933750000000009,177,0.11346268643763691,3.4393404304336217,0.092933750000000009,177,-0.036014146250146706
bestest_hydronic_heat_pump,315,bestest_hydronic_heat_pump:day315,0,clean,direct_h8_rssm,192,144,9,4292a7ef7275f46d9137dc047a70ec169e49d3eadaa4ff99b45660acafc75ebe,673dfef30d25d559d3a31206ff4b2f79146ff749e3eebc8ba57021a4d33ea56d,13.985221347143113,1.8810871502372208,55.973185382373188,0.55555555555555558,0,0.44444444444444442,4,2.194912889183831,0,0.42951328656321974,0.10742221308695456,0.071728718856057694,0.019063337876944975,2.7499728732638888e-05,0.092933750000000009,177,0.11346268643763691,3.4393404304336217,0.092933750000000009,177,-0.036014146250146706
bestest_hydronic_heat_pump,315,bestest_hydronic_heat_pump:day315,0,clean,legacy_rssm,192,144,9,4292a7ef7275f46d9137dc047a70ec169e49d3eadaa4ff99b45660acafc75ebe,673dfef30d25d559d3a31206ff4b2f79146ff749e3eebc8ba57021a4d33ea56d,14.049305389890035,2.8629748964851132,56.464554869017718,0.55555555555555558,0.1111111111111111,0.33333333333333331,5,3.1784655440627607,0,0.43111112203141122,0.10746723887570239,0.071995557379245678,0.019063979741756942,2.9837717629921446e-05,0.092933750000000009,177,0.11346268643763691,3.4393404304336217,0.092933750000000009,177,-0.03299350221871275
bestest_hydronic_heat_pump,315,bestest_hydronic_heat_pump:day315,0,clean,rc_supervisory_selector,192,144,9,4292a7ef7275f46d9137dc047a70ec169e49d3eadaa4ff99b45660acafc75ebe,673dfef30d25d559d3a31206ff4b2f79146ff749e3eebc8ba57021a4d33ea56d,13.90875636001913,4.8379423916969273,54.848286479480493,0.66666666666666663,0,0.33333333333333331,6,5.1876584785709774,0,0.42290123208527314,0.10683434801178418,0.070624505758240627,0.019075580522153256,7.1626974442034282e-06,0.092933750000000009,177,0.11346268643763691,3.4393404304336217,0.092933750000000009,177,-0.030722880667295335
bestest_hydronic_heat_pump,315,bestest_hydronic_heat_pump:day315,0,clean,tuned_rule_based,192,144,9,4292a7ef7275f46d9137dc047a70ec169e49d3eadaa4ff99b45660acafc75ebe,673dfef30d25d559d3a31206ff4b2f79146ff749e3eebc8ba57021a4d33ea56d,13.90875636001913,4.8379423916969273,54.848286479480493,0.66666666666666663,0,0.33333333333333331,6,5.1876584785709774,0,0.42290123208527314,0.10683434801178418,0.070624505758240627,0.019075580522153256,6.2946471590993014e-06,0.092933750000000009,177,0.11346268643763691,3.4393404304336217,0.092933750000000009,177,-0.030722880667295335
bestest_hydronic_heat_pump,315,bestest_hydronic_heat_pump:day315,0,zone_bias_negative,constant_zero,192,144,0,4292a7ef7275f46d9137dc047a70ec169e49d3eadaa4ff99b45660acafc75ebe,673dfef30d25d559d3a31206ff4b2f79146ff749e3eebc8ba57021a4d33ea56d,15.18024664735354,3.0249643800350441,59.996215722595551,0,1,0,0,3.4393404304336217,0,0.44996564434847275,0.11346268643763691,0.075144262606194959,0.017027424324439069,6.1418304199254247e-06,0.092933750000000009,177,0.11346268643763691,3.4393404304336217,0.092933750000000009,177,0
bestest_hydronic_heat_pump,315,bestest_hydronic_heat_pump:day315,0,zone_bias_negative,deterministic_wm,192,144,9,4292a7ef7275f46d9137dc047a70ec169e49d3eadaa4ff99b45660acafc75ebe,673dfef30d25d559d3a31206ff4b2f79146ff749e3eebc8ba57021a4d33ea56d,13.985221347143113,1.8810871502372208,55.973185382373188,0.55555555555555558,0,0.44444444444444442,4,2.194912889183831,0,0.42951328656321974,0.10742221308695456,0.071728718856057694,0.019063337876944975,1.553191217729836e-05,0.092933750000000009,177,0.11346268643763691,3.4393404304336217,0.092933750000000009,177,-0.036014146250146706
bestest_hydronic_heat_pump,315,bestest_hydronic_heat_pump:day315,0,zone_bias_negative,direct_h8_rssm,192,144,9,4292a7ef7275f46d9137dc047a70ec169e49d3eadaa4ff99b45660acafc75ebe,673dfef30d25d559d3a31206ff4b2f79146ff749e3eebc8ba57021a4d33ea56d,13.985221347143113,1.8810871502372208,55.973185382373188,0.55555555555555558,0,0.44444444444444442,4,2.194912889183831,0,0.42951328656321974,0.10742221308695456,0.071728718856057694,0.019063337876944975,2.9257895850802382e-05,0.092933750000000009,177,0.11346268643763691,3.4393404304336217,0.092933750000000009,177,-0.036014146250146706
bestest_hydronic_heat_pump,315,bestest_hydronic_heat_pump:day315,0,zone_bias_negative,legacy_rssm,192,144,9,4292a7ef7275f46d9137dc047a70ec169e49d3eadaa4ff99b45660acafc75ebe,673dfef30d25d559d3a31206ff4b2f79146ff749e3eebc8ba57021a4d33ea56d,13.612825810155192,2.1186851800083559,54.45869332704315,0.55555555555555558,0.1111111111111111,0.33333333333333331,4,2.4331243336760702,0,0.42189610078799777,0.10553540624543553,0.070456648831595664,0.017950860204393522,2.8394548750117875e-05,0.092933750000000009,177,0.11346268643763691,3.4393404304336217,0.092933750000000009,177,-0.045492586844500818
bestest_hydronic_heat_pump,315,bestest_hydronic_heat_pump:day315,0,zone_bias_negative,rc_supervisory_selector,192,144,9,4292a7ef7275f46d9137dc047a70ec169e49d3eadaa4ff99b45660acafc75ebe,673dfef30d25d559d3a31206ff4b2f79146ff749e3eebc8ba57021a4d33ea56d,13.985221347143113,1.8810871502372208,55.973185382373188,0.55555555555555558,0,0.44444444444444442,4,2.194912889183831,0,0.42951328656321974,0.10742221308695456,0.071728718856057694,0.019063337876944975,7.3610356271509642e-06,0.092933750000000009,177,0.11346268643763691,3.4393404304336217,0.092933750000000009,177,-0.036014146250146706
bestest_hydronic_heat_pump,315,bestest_hydronic_heat_pump:day315,0,zone_bias_negative,tuned_rule_based,192,144,9,4292a7ef7275f46d9137dc047a70ec169e49d3eadaa4ff99b45660acafc75ebe,673dfef30d25d559d3a31206ff4b2f79146ff749e3eebc8ba57021a4d33ea56d,13.90875636001913,4.8379423916969273,54.848286479480493,0.66666666666666663,0,0.33333333333333331,6,5.1876584785709774,0,0.42290123208527314,0.10683434801178418,0.070624505758240627,0.019075580522153256,5.7337463006091154e-06,0.092933750000000009,177,0.11346268643763691,3.4393404304336217,0.092933750000000009,177,-0.030722880667295335
bestest_hydronic_heat_pump,315,bestest_hydronic_heat_pump:day315,0,zone_bias_positive,constant_zero,192,144,0,4292a7ef7275f46d9137dc047a70ec169e49d3eadaa4ff99b45660acafc75ebe,673dfef30d25d559d3a31206ff4b2f79146ff749e3eebc8ba57021a4d33ea56d,15.18024664735354,3.0249643800350441,59.996215722595551,0,1,0,0,3.4393404304336217,0,0.44996564434847275,0.11346268643763691,0.075144262606194959,0.017027424324439069,6.3086499163686993e-06,0.092933750000000009,177,0.11346268643763691,3.4393404304336217,0.092933750000000009,177,0
bestest_hydronic_heat_pump,315,bestest_hydronic_heat_pump:day315,0,zone_bias_positive,deterministic_wm,192,144,9,4292a7ef7275f46d9137dc047a70ec169e49d3eadaa4ff99b45660acafc75ebe,673dfef30d25d559d3a31206ff4b2f79146ff749e3eebc8ba57021a4d33ea56d,13.985221347143113,1.8810871502372208,55.973185382373188,0.55555555555555558,0,0.44444444444444442,4,2.194912889183831,0,0.42951328656321974,0.10742221308695456,0.071728718856057694,0.019063337876944975,1.5320040029866394e-05,0.092933750000000009,177,0.11346268643763691,3.4393404304336217,0.092933750000000009,177,-0.036014146250146706
bestest_hydronic_heat_pump,315,bestest_hydronic_heat_pump:day315,0,zone_bias_positive,direct_h8_rssm,192,144,9,4292a7ef7275f46d9137dc047a70ec169e49d3eadaa4ff99b45660acafc75ebe,673dfef30d25d559d3a31206ff4b2f79146ff749e3eebc8ba57021a4d33ea56d,13.985221347143113,1.8810871502372208,55.973185382373188,0.55555555555555558,0,0.44444444444444442,4,2.194912889183831,0,0.42951328656321974,0.10742221308695456,0.071728718856057694,0.019063337876944975,2.836465280786928e-05,0.092933750000000009,177,0.11346268643763691,3.4393404304336217,0.092933750000000009,177,-0.036014146250146706
bestest_hydronic_heat_pump,315,bestest_hydronic_heat_pump:day315,0,zone_bias_positive,legacy_rssm,192,144,9,4292a7ef7275f46d9137dc047a70ec169e49d3eadaa4ff99b45660acafc75ebe,673dfef30d25d559d3a31206ff4b2f79146ff749e3eebc8ba57021a4d33ea56d,14.065851226867485,6.1158828814451596,56.506357346982796,0.66666666666666663,0,0.33333333333333331,4,6.4287794217678558,0,0.4303862224985866,0.10727811007193809,0.071874499157263988,0.019070145326231983,2.7732699329316303e-05,0.092933750000000009,177,0.11346268643763691,3.4393404304336217,0.092933750000000009,177,-0.02482937098872777
bestest_hydronic_heat_pump,315,bestest_hydronic_heat_pump:day315,0,zone_bias_positive,rc_supervisory_selector,192,144,9,4292a7ef7275f46d9137dc047a70ec169e49d3eadaa4ff99b45660acafc75ebe,673dfef30d25d559d3a31206ff4b2f79146ff749e3eebc8ba57021a4d33ea56d,14.128834147941664,10.78124404239891,56.226786901430735,0.77777777777777779,0,0.22222222222222221,4,11.148640971202072,0,0.42767208425557407,0.10728092973416176,0.07142123807068089,0.019085422086969235,7.3221175042330481e-06,0.092933750000000009,177,0.11346268643763691,3.4393404304336217,0.092933750000000009,177,-0.011481258477580553
bestest_hydronic_heat_pump,315,bestest_hydronic_heat_pump:day315,0,zone_bias_positive,tuned_rule_based,192,144,9,4292a7ef7275f46d9137dc047a70ec169e49d3eadaa4ff99b45660acafc75ebe,673dfef30d25d559d3a31206ff4b2f79146ff749e3eebc8ba57021a4d33ea56d,14.065851226867485,6.1158828814451596,56.506357346982796,0.66666666666666663,0,0.33333333333333331,4,6.4287794217678558,0,0.4303862224985866,0.10727811007193809,0.071874499157263988,0.019070145326231983,6.3379009217977375e-06,0.092933750000000009,177,0.11346268643763691,3.4393404304336217,0.092933750000000009,177,-0.02482937098872777
bestest_hydronic_heat_pump,315,bestest_hydronic_heat_pump:day315,0,zone_drift_negative,constant_zero,192,144,0,4292a7ef7275f46d9137dc047a70ec169e49d3eadaa4ff99b45660acafc75ebe,673dfef30d25d559d3a31206ff4b2f79146ff749e3eebc8ba57021a4d33ea56d,15.18024664735354,3.0249643800350441,59.996215722595551,0,1,0,0,3.4393404304336217,0,0.44996564434847275,0.11346268643763691,0.075144262606194959,0.017027424324439069,5.8893952139454423e-06,0.092933750000000009,177,0.11346268643763691,3.4393404304336217,0.092933750000000009,177,0
bestest_hydronic_heat_pump,315,bestest_hydronic_heat_pump:day315,0,zone_drift_negative,deterministic_wm,192,144,9,4292a7ef7275f46d9137dc047a70ec169e49d3eadaa4ff99b45660acafc75ebe,673dfef30d25d559d3a31206ff4b2f79146ff749e3eebc8ba57021a4d33ea56d,13.985221347143113,1.8810871502372208,55.973185382373188,0.55555555555555558,0,0.44444444444444442,4,2.194912889183831,0,0.42951328656321974,0.10742221308695456,0.071728718856057694,0.019063337876944975,1.5084224776378408e-05,0.092933750000000009,177,0.11346268643763691,3.4393404304336217,0.092933750000000009,177,-0.036014146250146706
bestest_hydronic_heat_pump,315,bestest_hydronic_heat_pump:day315,0,zone_drift_negative,direct_h8_rssm,192,144,9,4292a7ef7275f46d9137dc047a70ec169e49d3eadaa4ff99b45660acafc75ebe,673dfef30d25d559d3a31206ff4b2f79146ff749e3eebc8ba57021a4d33ea56d,13.985221347143113,1.8810871502372208,55.973185382373188,0.55555555555555558,0,0.44444444444444442,4,2.194912889183831,0,0.42951328656321974,0.10742221308695456,0.071728718856057694,0.019063337876944975,2.8726589964045006e-05,0.092933750000000009,177,0.11346268643763691,3.4393404304336217,0.092933750000000009,177,-0.036014146250146706
bestest_hydronic_heat_pump,315,bestest_hydronic_heat_pump:day315,0,zone_drift_negative,legacy_rssm,192,144,9,4292a7ef7275f46d9137dc047a70ec169e49d3eadaa4ff99b45660acafc75ebe,673dfef30d25d559d3a31206ff4b2f79146ff749e3eebc8ba57021a4d33ea56d,14.049305389890035,2.8629748964851132,56.464554869017718,0.55555555555555558,0.1111111111111111,0.33333333333333331,5,3.1784655440627607,0,0.43111112203141122,0.10746723887570239,0.071995557379245678,0.019063979741756942,2.8354902472726266e-05,0.092933750000000009,177,0.11346268643763691,3.4393404304336217,0.092933750000000009,177,-0.03299350221871275
bestest_hydronic_heat_pump,315,bestest_hydronic_heat_pump:day315,0,zone_drift_negative,rc_supervisory_selector,192,144,9,4292a7ef7275f46d9137dc047a70ec169e49d3eadaa4ff99b45660acafc75ebe,673dfef30d25d559d3a31206ff4b2f79146ff749e3eebc8ba57021a4d33ea56d,13.985221347143113,1.8810871502372208,55.973185382373188,0.55555555555555558,0,0.44444444444444442,4,2.194912889183831,0,0.42951328656321974,0.10742221308695456,0.071728718856057694,0.019063337876944975,7.3567679484546566e-06,0.092933750000000009,177,0.11346268643763691,3.4393404304336217,0.092933750000000009,177,-0.036014146250146706
bestest_hydronic_heat_pump,315,bestest_hydronic_heat_pump:day315,0,zone_drift_negative,tuned_rule_based,192,144,9,4292a7ef7275f46d9137dc047a70ec169e49d3eadaa4ff99b45660acafc75ebe,673dfef30d25d559d3a31206ff4b2f79146ff749e3eebc8ba57021a4d33ea56d,13.90875636001913,4.8379423916969273,54.848286479480493,0.66666666666666663,0,0.33333333333333331,6,5.1876584785709774,0,0.42290123208527314,0.10683434801178418,0.070624505758240627,0.019075580522153256,6.4394902600459818e-06,0.092933750000000009,177,0.11346268643763691,3.4393404304336217,0.092933750000000009,177,-0.030722880667295335
bestest_hydronic_heat_pump,315,bestest_hydronic_heat_pump:day315,0,zone_drift_positive,constant_zero,192,144,0,4292a7ef7275f46d9137dc047a70ec169e49d3eadaa4ff99b45660acafc75ebe,673dfef30d25d559d3a31206ff4b2f79146ff749e3eebc8ba57021a4d33ea56d,15.18024664735354,3.0249643800350441,59.996215722595551,0,1,0,0,3.4393404304336217,0,0.44996564434847275,0.11346268643763691,0.075144262606194959,0.017027424324439069,6.2923864128285875e-06,0.092933750000000009,177,0.11346268643763691,3.4393404304336217,0.092933750000000009,177,0
bestest_hydronic_heat_pump,315,bestest_hydronic_heat_pump:day315,0,zone_drift_positive,deterministic_wm,192,144,9,4292a7ef7275f46d9137dc047a70ec169e49d3eadaa4ff99b45660acafc75ebe,673dfef30d25d559d3a31206ff4b2f79146ff749e3eebc8ba57021a4d33ea56d,13.985221347143113,1.8810871502372208,55.973185382373188,0.55555555555555558,0,0.44444444444444442,4,2.194912889183831,0,0.42951328656321974,0.10742221308695456,0.071728718856057694,0.019063337876944975,1.5531984299265274e-05,0.092933750000000009,177,0.11346268643763691,3.4393404304336217,0.092933750000000009,177,-0.036014146250146706
bestest_hydronic_heat_pump,315,bestest_hydronic_heat_pump:day315,0,zone_drift_positive,direct_h8_rssm,192,144,9,4292a7ef7275f46d9137dc047a70ec169e49d3eadaa4ff99b45660acafc75ebe,673dfef30d25d559d3a31206ff4b2f79146ff749e3eebc8ba57021a4d33ea56d,13.985221347143113,1.8810871502372208,55.973185382373188,0.55555555555555558,0,0.44444444444444442,4,2.194912889183831,0,0.42951328656321974,0.10742221308695456,0.071728718856057694,0.019063337876944975,2.7568596889280597e-05,0.092933750000000009,177,0.11346268643763691,3.4393404304336217,0.092933750000000009,177,-0.036014146250146706
bestest_hydronic_heat_pump,315,bestest_hydronic_heat_pump:day315,0,zone_drift_positive,legacy_rssm,192,144,9,4292a7ef7275f46d9137dc047a70ec169e49d3eadaa4ff99b45660acafc75ebe,673dfef30d25d559d3a31206ff4b2f79146ff749e3eebc8ba57021a4d33ea56d,14.065851226867485,6.1158828814451596,56.506357346982796,0.66666666666666663,0,0.33333333333333331,4,6.4287794217678558,0,0.4303862224985866,0.10727811007193809,0.071874499157263988,0.019070145326231983,2.8589316895702953e-05,0.092933750000000009,177,0.11346268643763691,3.4393404304336217,0.092933750000000009,177,-0.02482937098872777
bestest_hydronic_heat_pump,315,bestest_hydronic_heat_pump:day315,0,zone_drift_positive,rc_supervisory_selector,192,144,9,4292a7ef7275f46d9137dc047a70ec169e49d3eadaa4ff99b45660acafc75ebe,673dfef30d25d559d3a31206ff4b2f79146ff749e3eebc8ba57021a4d33ea56d,14.128834147941664,10.78124404239891,56.226786901430735,0.77777777777777779,0,0.22222222222222221,4,11.148640971202072,0,0.42767208425557407,0.10728092973416176,0.07142123807068089,0.019085422086969235,7.2394435387700705e-06,0.092933750000000009,177,0.11346268643763691,3.4393404304336217,0.092933750000000009,177,-0.011481258477580553
bestest_hydronic_heat_pump,315,bestest_hydronic_heat_pump:day315,0,zone_drift_positive,tuned_rule_based,192,144,9,4292a7ef7275f46d9137dc047a70ec169e49d3eadaa4ff99b45660acafc75ebe,673dfef30d25d559d3a31206ff4b2f79146ff749e3eebc8ba57021a4d33ea56d,14.065851226867485,6.1158828814451596,56.506357346982796,0.66666666666666663,0,0.33333333333333331,4,6.4287794217678558,0,0.4303862224985866,0.10727811007193809,0.071874499157263988,0.019070145326231983,6.1910522753863636e-06,0.092933750000000009,177,0.11346268643763691,3.4393404304336217,0.092933750000000009,177,-0.02482937098872777
bestest_hydronic_heat_pump,315,bestest_hydronic_heat_pump:day315,0,zone_stuck,constant_zero,192,144,0,4292a7ef7275f46d9137dc047a70ec169e49d3eadaa4ff99b45660acafc75ebe,673dfef30d25d559d3a31206ff4b2f79146ff749e3eebc8ba57021a4d33ea56d,15.18024664735354,3.0249643800350441,59.996215722595551,0,1,0,0,3.4393404304336217,0,0.44996564434847275,0.11346268643763691,0.075144262606194959,0.017027424324439069,6.0335240300274507e-06,0.092933750000000009,177,0.11346268643763691,3.4393404304336217,0.092933750000000009,177,0
bestest_hydronic_heat_pump,315,bestest_hydronic_heat_pump:day315,0,zone_stuck,deterministic_wm,192,144,9,4292a7ef7275f46d9137dc047a70ec169e49d3eadaa4ff99b45660acafc75ebe,673dfef30d25d559d3a31206ff4b2f79146ff749e3eebc8ba57021a4d33ea56d,13.985221347143113,1.8810871502372208,55.973185382373188,0.55555555555555558,0,0.44444444444444442,4,2.194912889183831,0,0.42951328656321974,0.10742221308695456,0.071728718856057694,0.019063337876944975,1.6259567345069411e-05,0.092933750000000009,177,0.11346268643763691,3.4393404304336217,0.092933750000000009,177,-0.036014146250146706
bestest_hydronic_heat_pump,315,bestest_hydronic_heat_pump:day315,0,zone_stuck,direct_h8_rssm,192,144,9,4292a7ef7275f46d9137dc047a70ec169e49d3eadaa4ff99b45660acafc75ebe,673dfef30d25d559d3a31206ff4b2f79146ff749e3eebc8ba57021a4d33ea56d,13.985221347143113,1.8810871502372208,55.973185382373188,0.55555555555555558,0,0.44444444444444442,4,2.194912889183831,0,0.42951328656321974,0.10742221308695456,0.071728718856057694,0.019063337876944975,2.8241783328497393e-05,0.092933750000000009,177,0.11346268643763691,3.4393404304336217,0.092933750000000009,177,-0.036014146250146706
bestest_hydronic_heat_pump,315,bestest_hydronic_heat_pump:day315,0,zone_stuck,legacy_rssm,192,144,9,4292a7ef7275f46d9137dc047a70ec169e49d3eadaa4ff99b45660acafc75ebe,673dfef30d25d559d3a31206ff4b2f79146ff749e3eebc8ba57021a4d33ea56d,14.065851226867485,6.1158828814451596,56.506357346982796,0.66666666666666663,0,0.33333333333333331,4,6.4287794217678558,0,0.4303862224985866,0.10727811007193809,0.071874499157263988,0.019070145326231983,2.9712296142489369e-05,0.092933750000000009,177,0.11346268643763691,3.4393404304336217,0.092933750000000009,177,-0.02482937098872777
bestest_hydronic_heat_pump,315,bestest_hydronic_heat_pump:day315,0,zone_stuck,rc_supervisory_selector,192,144,9,4292a7ef7275f46d9137dc047a70ec169e49d3eadaa4ff99b45660acafc75ebe,673dfef30d25d559d3a31206ff4b2f79146ff749e3eebc8ba57021a4d33ea56d,14.128834147941664,10.78124404239891,56.226786901430735,0.77777777777777779,0,0.22222222222222221,4,11.148640971202072,0,0.42767208425557407,0.10728092973416176,0.07142123807068089,0.019085422086969235,6.479093541649624e-06,0.092933750000000009,177,0.11346268643763691,3.4393404304336217,0.092933750000000009,177,-0.011481258477580553
bestest_hydronic_heat_pump,315,bestest_hydronic_heat_pump:day315,0,zone_stuck,tuned_rule_based,192,144,9,4292a7ef7275f46d9137dc047a70ec169e49d3eadaa4ff99b45660acafc75ebe,673dfef30d25d559d3a31206ff4b2f79146ff749e3eebc8ba57021a4d33ea56d,14.065851226867485,6.1158828814451596,56.506357346982796,0.66666666666666663,0,0.33333333333333331,4,6.4287794217678558,0,0.4303862224985866,0.10727811007193809,0.071874499157263988,0.019070145326231983,6.3314335231104182e-06,0.092933750000000009,177,0.11346268643763691,3.4393404304336217,0.092933750000000009,177,-0.02482937098872777
bestest_hydronic_heat_pump,324,bestest_hydronic_heat_pump:day324,0,clean,constant_zero,192,144,0,9477dec671ccc4f553a7f4a6dcf95ad0c345042ef2e50cf3874631cd45a0b17a,7758ebd2c20e989996d43913ad9b4950f5743681860e5a619b72203c7c0b3690,16.88678795457448,2.2852190480850965,66.335535055043778,0,1,0,0,2.5105852236484112,0,0.49305510078298287,0.12502568290738386,0.082340201830758172,0.014593148155858939,6.5517938712643209e-06,0.092933750000000009,177,0.12502568290738386,2.5105852236484112,0.092933750000000009,177,0
bestest_hydronic_heat_pump,324,bestest_hydronic_heat_pump:day324,0,clean,deterministic_wm,192,144,9,9477dec671ccc4f553a7f4a6dcf95ad0c345042ef2e50cf3874631cd45a0b17a,7758ebd2c20e989996d43913ad9b4950f5743681860e5a619b72203c7c0b3690,15.101845874495957,3.1915675913185595,60.144873181011491,0.55555555555555558,0.1111111111111111,0.33333333333333331,6,3.2712006162016944,0,0.45674673077250288,0.11469278782426703,0.076276704039007992,0.019578314694989878,1.5655659602921394e-05,0.092933750000000009,177,0.12502568290738386,2.5105852236484112,0.092933750000000009,177,-0.05344417071829629
bestest_hydronic_heat_pump,324,bestest_hydronic_heat_pump:day324,0,clean,direct_h8_rssm,192,144,9,9477dec671ccc4f553a7f4a6dcf95ad0c345042ef2e50cf3874631cd45a0b17a,7758ebd2c20e989996d43913ad9b4950f5743681860e5a619b72203c7c0b3690,14.951449795718608,3.0588842325260543,59.727629862184045,0.55555555555555558,0,0.44444444444444442,4,3.1410837154725404,0,0.45550655693447889,0.1141688632110054,0.076069595008057975,0.019578314694989878,2.9731014566826502e-05,0.092933750000000009,177,0.12502568290738386,2.5105852236484112,0.092933750000000009,177,-0.056630539601920916
bestest_hydronic_heat_pump,324,bestest_hydronic_heat_pump:day324,0,clean,legacy_rssm,192,144,9,9477dec671ccc4f553a7f4a6dcf95ad0c345042ef2e50cf3874631cd45a0b17a,7758ebd2c20e989996d43913ad9b4950f5743681860e5a619b72203c7c0b3690,14.951449795718608,3.0588842325260543,59.727629862184045,0.55555555555555558,0,0.44444444444444442,4,3.1410837154725404,0,0.45550655693447889,0.1141688632110054,0.076069595008057975,0.019578314694989878,2.8404353176736081e-05,0.092933750000000009,177,0.12502568290738386,2.5105852236484112,0.092933750000000009,177,-0.056630539601920916
bestest_hydronic_heat_pump,324,bestest_hydronic_heat_pump:day324,0,clean,rc_supervisory_selector,192,144,9,9477dec671ccc4f553a7f4a6dcf95ad0c345042ef2e50cf3874631cd45a0b17a,7758ebd2c20e989996d43913ad9b4950f5743681860e5a619b72203c7c0b3690,15.419909115378516,5.5373418386411259,60.762874751169889,0.66666666666666663,0,0.33333333333333331,6,5.6154823931348874,0,0.46130839936270412,0.11676053474084309,0.077038502693571598,0.019578314694989878,7.3494392470470197e-06,0.092933750000000009,177,0.12502568290738386,2.5105852236484112,0.092933750000000009,177,-0.035697061949405272
bestest_hydronic_heat_pump,324,bestest_hydronic_heat_pump:day324,0,clean,tuned_rule_based,192,144,9,9477dec671ccc4f553a7f4a6dcf95ad0c345042ef2e50cf3874631cd45a0b17a,7758ebd2c20e989996d43913ad9b4950f5743681860e5a619b72203c7c0b3690,15.419909115378516,5.5373418386411259,60.762874751169889,0.66666666666666663,0,0.33333333333333331,6,5.6154823931348874,0,0.46130839936270412,0.11676053474084309,0.077038502693571598,0.019578314694989878,6.1986500472090429e-06,0.092933750000000009,177,0.12502568290738386,2.5105852236484112,0.092933750000000009,177,-0.035697061949405272
bestest_hydronic_heat_pump,324,bestest_hydronic_heat_pump:day324,0,zone_bias_negative,constant_zero,192,144,0,9477dec671ccc4f553a7f4a6dcf95ad0c345042ef2e50cf3874631cd45a0b17a,7758ebd2c20e989996d43913ad9b4950f5743681860e5a619b72203c7c0b3690,16.88678795457448,2.2852190480850965,66.335535055043778,0,1,0,0,2.5105852236484112,0,0.49305510078298287,0.12502568290738386,0.082340201830758172,0.014593148155858939,6.108424079633161e-06,0.092933750000000009,177,0.12502568290738386,2.5105852236484112,0.092933750000000009,177,0
bestest_hydronic_heat_pump,324,bestest_hydronic_heat_pump:day324,0,zone_bias_negative,deterministic_wm,192,144,9,9477dec671ccc4f553a7f4a6dcf95ad0c345042ef2e50cf3874631cd45a0b17a,7758ebd2c20e989996d43913ad9b4950f5743681860e5a619b72203c7c0b3690,14.951449795718608,3.0588842325260543,59.727629862184045,0.55555555555555558,0,0.44444444444444442,4,3.1410837154725404,0,0.45550655693447889,0.1141688632110054,0.076069595008057975,0.019578314694989878,1.5918806307949667e-05,0.092933750000000009,177,0.12502568290738386,2.5105852236484112,0.092933750000000009,177,-0.056630539601920916
bestest_hydronic_heat_pump,324,bestest_hydronic_heat_pump:day324,0,zone_bias_negative,direct_h8_rssm,192,144,9,9477dec671ccc4f553a7f4a6dcf95ad0c345042ef2e50cf3874631cd45a0b17a,7758ebd2c20e989996d43913ad9b4950f5743681860e5a619b72203c7c0b3690,14.951449795718608,3.0588842325260543,59.727629862184045,0.55555555555555558,0,0.44444444444444442,4,3.1410837154725404,0,0.45550655693447889,0.1141688632110054,0.076069595008057975,0.019578314694989878,2.7262561192271179e-05,0.092933750000000009,177,0.12502568290738386,2.5105852236484112,0.092933750000000009,177,-0.056630539601920916
bestest_hydronic_heat_pump,324,bestest_hydronic_heat_pump:day324,0,zone_bias_negative,legacy_rssm,192,144,9,9477dec671ccc4f553a7f4a6dcf95ad0c345042ef2e50cf3874631cd45a0b17a,7758ebd2c20e989996d43913ad9b4950f5743681860e5a619b72203c7c0b3690,14.884324481214941,3.561628669648357,59.595167414045171,0.55555555555555558,0.1111111111111111,0.33333333333333331,5,3.6448435552939595,0,0.45493999925681727,0.11381934414313495,0.075974979875888499,0.01925290409040507,2.9127004189571722e-05,0.092933750000000009,177,0.12502568290738386,2.5105852236484112,0.092933750000000009,177,-0.05708796356567087
bestest_hydronic_heat_pump,324,bestest_hydronic_heat_pump:day324,0,zone_bias_negative,rc_supervisory_selector,192,144,9,9477dec671ccc4f553a7f4a6dcf95ad0c345042ef2e50cf3874631cd45a0b17a,7758ebd2c20e989996d43913ad9b4950f5743681860e5a619b72203c7c0b3690,14.951449795718608,3.0588842325260543,59.727629862184045,0.55555555555555558,0,0.44444444444444442,4,3.1410837154725404,0,0.45550655693447889,0.1141688632110054,0.076069595008057975,0.019578314694989878,7.6779645150868676e-06,0.092933750000000009,177,0.12502568290738386,2.5105852236484112,0.092933750000000009,177,-0.056630539601920916
bestest_hydronic_heat_pump,324,bestest_hydronic_heat_pump:day324,0,zone_bias_negative,tuned_rule_based,192,144,9,9477dec671ccc4f553a7f4a6dcf95ad0c345042ef2e50cf3874631cd45a0b17a,7758ebd2c20e989996d43913ad9b4950f5743681860e5a619b72203c7c0b3690,15.419909115378516,5.5373418386411259,60.762874751169889,0.66666666666666663,0,0.33333333333333331,6,5.6154823931348874,0,0.46130839936270412,0.11676053474084309,0.077038502693571598,0.019578314694989878,6.3271339443133559e-06,0.092933750000000009,177,0.12502568290738386,2.5105852236484112,0.092933750000000009,177,-0.035697061949405272
bestest_hydronic_heat_pump,324,bestest_hydronic_heat_pump:day324,0,zone_bias_positive,constant_zero,192,144,0,9477dec671ccc4f553a7f4a6dcf95ad0c345042ef2e50cf3874631cd45a0b17a,7758ebd2c20e989996d43913ad9b4950f5743681860e5a619b72203c7c0b3690,16.88678795457448,2.2852190480850965,66.335535055043778,0,1,0,0,2.5105852236484112,0,0.49305510078298287,0.12502568290738386,0.082340201830758172,0.014593148155858939,6.080585000402641e-06,0.092933750000000009,177,0.12502568290738386,2.5105852236484112,0.092933750000000009,177,0
bestest_hydronic_heat_pump,324,bestest_hydronic_heat_pump:day324,0,zone_bias_positive,deterministic_wm,192,144,9,9477dec671ccc4f553a7f4a6dcf95ad0c345042ef2e50cf3874631cd45a0b17a,7758ebd2c20e989996d43913ad9b4950f5743681860e5a619b72203c7c0b3690,15.101845874495957,3.1915675913185595,60.144873181011491,0.55555555555555558,0.1111111111111111,0.33333333333333331,6,3.2712006162016944,0,0.45674673077250288,0.11469278782426703,0.076276704039007992,0.019578314694989878,1.6718984274339924e-05,0.092933750000000009,177,0.12502568290738386,2.5105852236484112,0.092933750000000009,177,-0.05344417071829629
bestest_hydronic_heat_pump,324,bestest_hydronic_heat_pump:day324,0,zone_bias_positive,direct_h8_rssm,192,144,9,9477dec671ccc4f553a7f4a6dcf95ad0c345042ef2e50cf3874631cd45a0b17a,7758ebd2c20e989996d43913ad9b4950f5743681860e5a619b72203c7c0b3690,14.951449795718608,3.0588842325260543,59.727629862184045,0.55555555555555558,0,0.44444444444444442,4,3.1410837154725404,0,0.45550655693447889,0.1141688632110054,0.076069595008057975,0.019578314694989878,2.8463193606054323e-05,0.092933750000000009,177,0.12502568290738386,2.5105852236484112,0.092933750000000009,177,-0.056630539601920916
bestest_hydronic_heat_pump,324,bestest_hydronic_heat_pump:day324,0,zone_bias_positive,legacy_rssm,192,144,9,9477dec671ccc4f553a7f4a6dcf95ad0c345042ef2e50cf3874631cd45a0b17a,7758ebd2c20e989996d43913ad9b4950f5743681860e5a619b72203c7c0b3690,14.951449795718608,3.0588842325260543,59.727629862184045,0.55555555555555558,0,0.44444444444444442,4,3.1410837154725404,0,0.45550655693447889,0.1141688632110054,0.076069595008057975,0.019578314694989878,3.023863948313839e-05,0.092933750000000009,177,0.12502568290738386,2.5105852236484112,0.092933750000000009,177,-0.056630539601920916
bestest_hydronic_heat_pump,324,bestest_hydronic_heat_pump:day324,0,zone_bias_positive,rc_supervisory_selector,192,144,9,9477dec671ccc4f553a7f4a6dcf95ad0c345042ef2e50cf3874631cd45a0b17a,7758ebd2c20e989996d43913ad9b4950f5743681860e5a619b72203c7c0b3690,15.962361581394021,11.006930944470852,63.23204541755166,0.77777777777777779,0,0.22222222222222221,4,11.098222484053974,0,0.47399213456680345,0.11943720242486718,0.079156686472656182,0.019235654446846776,7.4235528898211401e-06,0.092933750000000009,177,0.12502568290738386,2.5105852236484112,0.092933750000000009,177,-0.0058081503797770377
bestest_hydronic_heat_pump,324,bestest_hydronic_heat_pump:day324,0,zone_bias_positive,tuned_rule_based,192,144,9,9477dec671ccc4f553a7f4a6dcf95ad0c345042ef2e50cf3874631cd45a0b17a,7758ebd2c20e989996d43913ad9b4950f5743681860e5a619b72203c7c0b3690,14.918204690197397,7.1725792888640996,59.816040901372055,0.66666666666666663,0,0.33333333333333331,4,7.2519158028900268,0,0.45674573146399033,0.11414185572685413,0.076276537154486401,0.019300224778265145,6.1727582610853196e-06,0.092933750000000009,177,0.12502568290738386,2.5105852236484112,0.092933750000000009,177,-0.045163324618971892
bestest_hydronic_heat_pump,324,bestest_hydronic_heat_pump:day324,0,zone_drift_negative,constant_zero,192,144,0,9477dec671ccc4f553a7f4a6dcf95ad0c345042ef2e50cf3874631cd45a0b17a,7758ebd2c20e989996d43913ad9b4950f5743681860e5a619b72203c7c0b3690,16.88678795457448,2.2852190480850965,66.335535055043778,0,1,0,0,2.5105852236484112,0,0.49305510078298287,0.12502568290738386,0.082340201830758172,0.014593148155858939,6.0583700476308572e-06,0.092933750000000009,177,0.12502568290738386,2.5105852236484112,0.092933750000000009,177,0
bestest_hydronic_heat_pump,324,bestest_hydronic_heat_pump:day324,0,zone_drift_negative,deterministic_wm,192,144,9,9477dec671ccc4f553a7f4a6dcf95ad0c345042ef2e50cf3874631cd45a0b17a,7758ebd2c20e989996d43913ad9b4950f5743681860e5a619b72203c7c0b3690,14.951449795718608,3.0588842325260543,59.727629862184045,0.55555555555555558,0,0.44444444444444442,4,3.1410837154725404,0,0.45550655693447889,0.1141688632110054,0.076069595008057975,0.019578314694989878,1.5069586791015766e-05,0.092933750000000009,177,0.12502568290738386,2.5105852236484112,0.092933750000000009,177,-0.056630539601920916
bestest_hydronic_heat_pump,324,bestest_hydronic_heat_pump:day324,0,zone_drift_negative,direct_h8_rssm,192,144,9,9477dec671ccc4f553a7f4a6dcf95ad0c345042ef2e50cf3874631cd45a0b17a,7758ebd2c20e989996d43913ad9b4950f5743681860e5a619b72203c7c0b3690,14.951449795718608,3.0588842325260543,59.727629862184045,0.55555555555555558,0,0.44444444444444442,4,3.1410837154725404,0,0.45550655693447889,0.1141688632110054,0.076069595008057975,0.019578314694989878,2.851658882687021e-05,0.092933750000000009,177,0.12502568290738386,2.5105852236484112,0.092933750000000009,177,-0.056630539601920916
bestest_hydronic_heat_pump,324,bestest_hydronic_heat_pump:day324,0,zone_drift_negative,legacy_rssm,192,144,9,9477dec671ccc4f553a7f4a6dcf95ad0c345042ef2e50cf3874631cd45a0b17a,7758ebd2c20e989996d43913ad9b4950f5743681860e5a619b72203c7c0b3690,14.884324481214941,3.561628669648357,59.595167414045171,0.55555555555555558,0.1111111111111111,0.33333333333333331,5,3.6448435552939595,0,0.45493999925681727,0.11381934414313495,0.075974979875888499,0.01925290409040507,2.8401122944794676e-05,0.092933750000000009,177,0.12502568290738386,2.5105852236484112,0.092933750000000009,177,-0.05708796356567087
bestest_hydronic_heat_pump,324,bestest_hydronic_heat_pump:day324,0,zone_drift_negative,rc_supervisory_selector,192,144,9,9477dec671ccc4f553a7f4a6dcf95ad0c345042ef2e50cf3874631cd45a0b17a,7758ebd2c20e989996d43913ad9b4950f5743681860e5a619b72203c7c0b3690,15.985991432795371,3.1146514442750828,63.330038290049117,0.55555555555555558,0.1111111111111111,0.33333333333333331,5,3.1961301295125124,0,0.4752532042910742,0.11984839008613141,0.079367285116609412,0.019578314694989878,7.4414724246785688e-06,0.092933750000000009,177,0.12502568290738386,2.5105852236484112,0.092933750000000009,177,-0.025918182876199521
bestest_hydronic_heat_pump,324,bestest_hydronic_heat_pump:day324,0,zone_drift_negative,tuned_rule_based,192,144,9,9477dec671ccc4f553a7f4a6dcf95ad0c345042ef2e50cf3874631cd45a0b17a,7758ebd2c20e989996d43913ad9b4950f5743681860e5a619b72203c7c0b3690,15.419909115378516,5.5373418386411259,60.762874751169889,0.66666666666666663,0,0.33333333333333331,6,5.6154823931348874,0,0.46130839936270412,0.11676053474084309,0.077038502693571598,0.019578314694989878,6.2799966910885403e-06,0.092933750000000009,177,0.12502568290738386,2.5105852236484112,0.092933750000000009,177,-0.035697061949405272
bestest_hydronic_heat_pump,324,bestest_hydronic_heat_pump:day324,0,zone_drift_positive,constant_zero,192,144,0,9477dec671ccc4f553a7f4a6dcf95ad0c345042ef2e50cf3874631cd45a0b17a,7758ebd2c20e989996d43913ad9b4950f5743681860e5a619b72203c7c0b3690,16.88678795457448,2.2852190480850965,66.335535055043778,0,1,0,0,2.5105852236484112,0,0.49305510078298287,0.12502568290738386,0.082340201830758172,0.014593148155858939,6.2493642726008325e-06,0.092933750000000009,177,0.12502568290738386,2.5105852236484112,0.092933750000000009,177,0
bestest_hydronic_heat_pump,324,bestest_hydronic_heat_pump:day324,0,zone_drift_positive,deterministic_wm,192,144,9,9477dec671ccc4f553a7f4a6dcf95ad0c345042ef2e50cf3874631cd45a0b17a,7758ebd2c20e989996d43913ad9b4950f5743681860e5a619b72203c7c0b3690,15.101845874495957,3.1915675913185595,60.144873181011491,0.55555555555555558,0.1111111111111111,0.33333333333333331,6,3.2712006162016944,0,0.45674673077250288,0.11469278782426703,0.076276704039007992,0.019578314694989878,1.6193787950357077e-05,0.092933750000000009,177,0.12502568290738386,2.5105852236484112,0.092933750000000009,177,-0.05344417071829629
bestest_hydronic_heat_pump,324,bestest_hydronic_heat_pump:day324,0,zone_drift_positive,direct_h8_rssm,192,144,9,9477dec671ccc4f553a7f4a6dcf95ad0c345042ef2e50cf3874631cd45a0b17a,7758ebd2c20e989996d43913ad9b4950f5743681860e5a619b72203c7c0b3690,14.951449795718608,3.0588842325260543,59.727629862184045,0.55555555555555558,0,0.44444444444444442,4,3.1410837154725404,0,0.45550655693447889,0.1141688632110054,0.076069595008057975,0.019578314694989878,2.7550211335559996e-05,0.092933750000000009,177,0.12502568290738386,2.5105852236484112,0.092933750000000009,177,-0.056630539601920916
bestest_hydronic_heat_pump,324,bestest_hydronic_heat_pump:day324,0,zone_drift_positive,legacy_rssm,192,144,9,9477dec671ccc4f553a7f4a6dcf95ad0c345042ef2e50cf3874631cd45a0b17a,7758ebd2c20e989996d43913ad9b4950f5743681860e5a619b72203c7c0b3690,14.951449795718608,3.0588842325260543,59.727629862184045,0.55555555555555558,0,0.44444444444444442,4,3.1410837154725404,0,0.45550655693447889,0.1141688632110054,0.076069595008057975,0.019578314694989878,2.7356660941647126e-05,0.092933750000000009,177,0.12502568290738386,2.5105852236484112,0.092933750000000009,177,-0.056630539601920916
bestest_hydronic_heat_pump,324,bestest_hydronic_heat_pump:day324,0,zone_drift_positive,rc_supervisory_selector,192,144,9,9477dec671ccc4f553a7f4a6dcf95ad0c345042ef2e50cf3874631cd45a0b17a,7758ebd2c20e989996d43913ad9b4950f5743681860e5a619b72203c7c0b3690,15.962361581394021,11.006930944470852,63.23204541755166,0.77777777777777779,0,0.22222222222222221,4,11.098222484053974,0,0.47399213456680345,0.11943720242486718,0.079156686472656182,0.019235654446846776,7.3760064831301526e-06,0.092933750000000009,177,0.12502568290738386,2.5105852236484112,0.092933750000000009,177,-0.0058081503797770377
bestest_hydronic_heat_pump,324,bestest_hydronic_heat_pump:day324,0,zone_drift_positive,tuned_rule_based,192,144,9,9477dec671ccc4f553a7f4a6dcf95ad0c345042ef2e50cf3874631cd45a0b17a,7758ebd2c20e989996d43913ad9b4950f5743681860e5a619b72203c7c0b3690,14.918204690197397,7.1725792888640996,59.816040901372055,0.66666666666666663,0,0.33333333333333331,4,7.2519158028900268,0,0.45674573146399033,0.11414185572685413,0.076276537154486401,0.019300224778265145,6.2935542339083061e-06,0.092933750000000009,177,0.12502568290738386,2.5105852236484112,0.092933750000000009,177,-0.045163324618971892
bestest_hydronic_heat_pump,324,bestest_hydronic_heat_pump:day324,0,zone_stuck,constant_zero,192,144,0,9477dec671ccc4f553a7f4a6dcf95ad0c345042ef2e50cf3874631cd45a0b17a,7758ebd2c20e989996d43913ad9b4950f5743681860e5a619b72203c7c0b3690,16.88678795457448,2.2852190480850965,66.335535055043778,0,1,0,0,2.5105852236484112,0,0.49305510078298287,0.12502568290738386,0.082340201830758172,0.014593148155858939,6.1104421077459755e-06,0.092933750000000009,177,0.12502568290738386,2.5105852236484112,0.092933750000000009,177,0
bestest_hydronic_heat_pump,324,bestest_hydronic_heat_pump:day324,0,zone_stuck,deterministic_wm,192,144,9,9477dec671ccc4f553a7f4a6dcf95ad0c345042ef2e50cf3874631cd45a0b17a,7758ebd2c20e989996d43913ad9b4950f5743681860e5a619b72203c7c0b3690,15.101845874495957,3.1915675913185595,60.144873181011491,0.55555555555555558,0.1111111111111111,0.33333333333333331,6,3.2712006162016944,0,0.45674673077250288,0.11469278782426703,0.076276704039007992,0.019578314694989878,1.5864624680302189e-05,0.092933750000000009,177,0.12502568290738386,2.5105852236484112,0.092933750000000009,177,-0.05344417071829629
bestest_hydronic_heat_pump,324,bestest_hydronic_heat_pump:day324,0,zone_stuck,direct_h8_rssm,192,144,9,9477dec671ccc4f553a7f4a6dcf95ad0c345042ef2e50cf3874631cd45a0b17a,7758ebd2c20e989996d43913ad9b4950f5743681860e5a619b72203c7c0b3690,14.951449795718608,3.0588842325260543,59.727629862184045,0.55555555555555558,0,0.44444444444444442,4,3.1410837154725404,0,0.45550655693447889,0.1141688632110054,0.076069595008057975,0.019578314694989878,2.8754290347185293e-05,0.092933750000000009,177,0.12502568290738386,2.5105852236484112,0.092933750000000009,177,-0.056630539601920916
bestest_hydronic_heat_pump,324,bestest_hydronic_heat_pump:day324,0,zone_stuck,legacy_rssm,192,144,9,9477dec671ccc4f553a7f4a6dcf95ad0c345042ef2e50cf3874631cd45a0b17a,7758ebd2c20e989996d43913ad9b4950f5743681860e5a619b72203c7c0b3690,14.951449795718608,3.0588842325260543,59.727629862184045,0.55555555555555558,0,0.44444444444444442,4,3.1410837154725404,0,0.45550655693447889,0.1141688632110054,0.076069595008057975,0.019578314694989878,2.6862550572367026e-05,0.092933750000000009,177,0.12502568290738386,2.5105852236484112,0.092933750000000009,177,-0.056630539601920916
bestest_hydronic_heat_pump,324,bestest_hydronic_heat_pump:day324,0,zone_stuck,rc_supervisory_selector,192,144,9,9477dec671ccc4f553a7f4a6dcf95ad0c345042ef2e50cf3874631cd45a0b17a,7758ebd2c20e989996d43913ad9b4950f5743681860e5a619b72203c7c0b3690,15.101845874495957,3.1915675913185595,60.144873181011491,0.55555555555555558,0.1111111111111111,0.33333333333333331,6,3.2712006162016944,0,0.45674673077250288,0.11469278782426703,0.076276704039007992,0.019578314694989878,7.4690313378068307e-06,0.092933750000000009,177,0.12502568290738386,2.5105852236484112,0.092933750000000009,177,-0.05344417071829629
bestest_hydronic_heat_pump,324,bestest_hydronic_heat_pump:day324,0,zone_stuck,tuned_rule_based,192,144,9,9477dec671ccc4f553a7f4a6dcf95ad0c345042ef2e50cf3874631cd45a0b17a,7758ebd2c20e989996d43913ad9b4950f5743681860e5a619b72203c7c0b3690,15.419909115378516,5.5373418386411259,60.762874751169889,0.66666666666666663,0,0.33333333333333331,6,5.6154823931348874,0,0.46130839936270412,0.11676053474084309,0.077038502693571598,0.019578314694989878,6.4523654181018277e-06,0.092933750000000009,177,0.12502568290738386,2.5105852236484112,0.092933750000000009,177,-0.035697061949405272
bestest_hydronic_heat_pump,351,bestest_hydronic_heat_pump:day351,1,clean,constant_zero,192,144,0,ed561897d6a4306967cad2b19c71782c7149db64cdb74ea5e9caaef2fbf7b8e8,e37042591a70d01a15960fb928b8374b9c3792912e6e43147359592bab2c30e7,19.222873838757,0.28627391688969794,74.439277914793365,0,1,0,0,0.82970807069922792,0,0.52490170833105687,0.13454856799769085,0.087658585291286534,0.012168149938462916,6.2811811556990864e-06,0.092933750000000009,177,0.13454856799769085,0.82970807069922792,0.092933750000000009,177,0
bestest_hydronic_heat_pump,351,bestest_hydronic_heat_pump:day351,1,clean,deterministic_wm,192,144,9,ed561897d6a4306967cad2b19c71782c7149db64cdb74ea5e9caaef2fbf7b8e8,e37042591a70d01a15960fb928b8374b9c3792912e6e43147359592bab2c30e7,15.456188170282868,1.9280380734331857,60.184631180814009,0.66666666666666663,0,0.33333333333333331,6,2.2659322800351238,0,0.45138183021113137,0.11516204404131625,0.075380765645258946,0.02034477163051145,1.5571170105637333e-05,0.092933750000000009,177,0.13454856799769085,0.82970807069922792,0.092933750000000009,177,-0.10024579470154223
bestest_hydronic_heat_pump,351,bestest_hydronic_heat_pump:day351,1,clean,direct_h8_rssm,192,144,9,ed561897d6a4306967cad2b19c71782c7149db64cdb74ea5e9caaef2fbf7b8e8,e37042591a70d01a15960fb928b8374b9c3792912e6e43147359592bab2c30e7,14.831267966508296,4.2102342475815533,57.884526080996096,0.66666666666666663,0.22222222222222221,0.1111111111111111,6,4.5485303935756525,0,0.43862030013081466,0.11166943078528528,0.073249590121846064,0.020241469880659307,2.7514316787409047e-05,0.092933750000000009,177,0.13454856799769085,0.82970807069922792,0.092933750000000009,177,-0.11258865402939656
bestest_hydronic_heat_pump,351,bestest_hydronic_heat_pump:day351,1,clean,legacy_rssm,192,144,9,ed561897d6a4306967cad2b19c71782c7149db64cdb74ea5e9caaef2fbf7b8e8,e37042591a70d01a15960fb928b8374b9c3792912e6e43147359592bab2c30e7,15.199523852317057,10.114809364228023,59.753425577704263,0.88888888888888884,0,0.1111111111111111,3,10.360736234581273,0,0.44694454219593238,0.11314635411859526,0.074639738546720721,0.020339957080770084,2.9179191367441726e-05,0.092933750000000009,177,0.13454856799769085,0.82970807069922792,0.092933750000000009,177,-0.088223884898710081
bestest_hydronic_heat_pump,351,bestest_hydronic_heat_pump:day351,1,clean,rc_supervisory_selector,192,144,9,ed561897d6a4306967cad2b19c71782c7149db64cdb74ea5e9caaef2fbf7b8e8,e37042591a70d01a15960fb928b8374b9c3792912e6e43147359592bab2c30e7,15.456188170282868,1.9280380734331857,60.184631180814009,0.66666666666666663,0,0.33333333333333331,6,2.2659322800351238,0,0.45138183021113137,0.11516204404131625,0.075380765645258946,0.02034477163051145,7.3787817918956104e-06,0.092933750000000009,177,0.13454856799769085,0.82970807069922792,0.092933750000000009,177,-0.10024579470154223
bestest_hydronic_heat_pump,351,bestest_hydronic_heat_pump:day351,1,clean,tuned_rule_based,192,144,9,ed561897d6a4306967cad2b19c71782c7149db64cdb74ea5e9caaef2fbf7b8e8,e37042591a70d01a15960fb928b8374b9c3792912e6e43147359592bab2c30e7,15.456188170282868,1.9280380734331857,60.184631180814009,0.66666666666666663,0,0.33333333333333331,6,2.2659322800351238,0,0.45138183021113137,0.11516204404131625,0.075380765645258946,0.02034477163051145,6.3573045048206042e-06,0.092933750000000009,177,0.13454856799769085,0.82970807069922792,0.092933750000000009,177,-0.10024579470154223
bestest_hydronic_heat_pump,351,bestest_hydronic_heat_pump:day351,1,zone_bias_negative,constant_zero,192,144,0,ed561897d6a4306967cad2b19c71782c7149db64cdb74ea5e9caaef2fbf7b8e8,e37042591a70d01a15960fb928b8374b9c3792912e6e43147359592bab2c30e7,19.222873838757,0.28627391688969794,74.439277914793365,0,1,0,0,0.82970807069922792,0,0.52490170833105687,0.13454856799769085,0.087658585291286534,0.012168149938462916,6.2583268139513523e-06,0.092933750000000009,177,0.13454856799769085,0.82970807069922792,0.092933750000000009,177,0
bestest_hydronic_heat_pump,351,bestest_hydronic_heat_pump:day351,1,zone_bias_negative,deterministic_wm,192,144,9,ed561897d6a4306967cad2b19c71782c7149db64cdb74ea5e9caaef2fbf7b8e8,e37042591a70d01a15960fb928b8374b9c3792912e6e43147359592bab2c30e7,15.456188170282868,1.9280380734331857,60.184631180814009,0.66666666666666663,0,0.33333333333333331,6,2.2659322800351238,0,0.45138183021113137,0.11516204404131625,0.075380765645258946,0.02034477163051145,1.5987412328980842e-05,0.092933750000000009,177,0.13454856799769085,0.82970807069922792,0.092933750000000009,177,-0.10024579470154223
bestest_hydronic_heat_pump,351,bestest_hydronic_heat_pump:day351,1,zone_bias_negative,direct_h8_rssm,192,144,9,ed561897d6a4306967cad2b19c71782c7149db64cdb74ea5e9caaef2fbf7b8e8,e37042591a70d01a15960fb928b8374b9c3792912e6e43147359592bab2c30e7,14.831267966508296,4.2102342475815533,57.884526080996096,0.66666666666666663,0.22222222222222221,0.1111111111111111,6,4.5485303935756525,0,0.43862030013081466,0.11166943078528528,0.073249590121846064,0.020241469880659307,2.8825521885204485e-05,0.092933750000000009,177,0.13454856799769085,0.82970807069922792,0.092933750000000009,177,-0.11258865402939656
bestest_hydronic_heat_pump,351,bestest_hydronic_heat_pump:day351,1,zone_bias_negative,legacy_rssm,192,144,9,ed561897d6a4306967cad2b19c71782c7149db64cdb74ea5e9caaef2fbf7b8e8,e37042591a70d01a15960fb928b8374b9c3792912e6e43147359592bab2c30e7,15.199523852317057,10.114809364228023,59.753425577704263,0.88888888888888884,0,0.1111111111111111,3,10.360736234581273,0,0.44694454219593238,0.11314635411859526,0.074639738546720721,0.020339957080770084,3.03123190071501e-05,0.092933750000000009,177,0.13454856799769085,0.82970807069922792,0.092933750000000009,177,-0.088223884898710081
bestest_hydronic_heat_pump,351,bestest_hydronic_heat_pump:day351,1,zone_bias_negative,rc_supervisory_selector,192,144,9,ed561897d6a4306967cad2b19c71782c7149db64cdb74ea5e9caaef2fbf7b8e8,e37042591a70d01a15960fb928b8374b9c3792912e6e43147359592bab2c30e7,17.607033984264504,1.6812481745157868,68.386926423123953,0.55555555555555558,0.1111111111111111,0.33333333333333331,5,2.0416896963278472,0,0.49297719105349869,0.1261253950146613,0.082327190905934294,0.02034477163051145,7.4189426317819677e-06,0.092933750000000009,177,0.13454856799769085,0.82970807069922792,0.092933750000000009,177,-0.041894482441678225
bestest_hydronic_heat_pump,351,bestest_hydronic_heat_pump:day351,1,zone_bias_negative,tuned_rule_based,192,144,9,ed561897d6a4306967cad2b19c71782c7149db64cdb74ea5e9caaef2fbf7b8e8,e37042591a70d01a15960fb928b8374b9c3792912e6e43147359592bab2c30e7,15.456188170282868,1.9280380734331857,60.184631180814009,0.66666666666666663,0,0.33333333333333331,6,2.2659322800351238,0,0.45138183021113137,0.11516204404131625,0.075380765645258946,0.02034477163051145,6.4021338551040298e-06,0.092933750000000009,177,0.13454856799769085,0.82970807069922792,0.092933750000000009,177,-0.10024579470154223
bestest_hydronic_heat_pump,351,bestest_hydronic_heat_pump:day351,1,zone_bias_positive,constant_zero,192,144,0,ed561897d6a4306967cad2b19c71782c7149db64cdb74ea5e9caaef2fbf7b8e8,e37042591a70d01a15960fb928b8374b9c3792912e6e43147359592bab2c30e7,19.222873838757,0.28627391688969794,74.439277914793365,0,1,0,0,0.82970807069922792,0,0.52490170833105687,0.13454856799769085,0.087658585291286534,0.012168149938462916,6.1115364198978735e-06,0.092933750000000009,177,0.13454856799769085,0.82970807069922792,0.092933750000000009,177,0
bestest_hydronic_heat_pump,351,bestest_hydronic_heat_pump:day351,1,zone_bias_positive,deterministic_wm,192,144,9,ed561897d6a4306967cad2b19c71782c7149db64cdb74ea5e9caaef2fbf7b8e8,e37042591a70d01a15960fb928b8374b9c3792912e6e43147359592bab2c30e7,15.456188170282868,1.9280380734331857,60.184631180814009,0.66666666666666663,0,0.33333333333333331,6,2.2659322800351238,0,0.45138183021113137,0.11516204404131625,0.075380765645258946,0.02034477163051145,1.6442761301924977e-05,0.092933750000000009,177,0.13454856799769085,0.82970807069922792,0.092933750000000009,177,-0.10024579470154223
bestest_hydronic_heat_pump,351,bestest_hydronic_heat_pump:day351,1,zone_bias_positive,direct_h8_rssm,192,144,9,ed561897d6a4306967cad2b19c71782c7149db64cdb74ea5e9caaef2fbf7b8e8,e37042591a70d01a15960fb928b8374b9c3792912e6e43147359592bab2c30e7,15.456188170282868,1.9280380734331857,60.184631180814009,0.66666666666666663,0,0.33333333333333331,6,2.2659322800351238,0,0.45138183021113137,0.11516204404131625,0.075380765645258946,0.02034477163051145,2.8723203005521643e-05,0.092933750000000009,177,0.13454856799769085,0.82970807069922792,0.092933750000000009,177,-0.10024579470154223
bestest_hydronic_heat_pump,351,bestest_hydronic_heat_pump:day351,1,zone_bias_positive,legacy_rssm,192,144,9,ed561897d6a4306967cad2b19c71782c7149db64cdb74ea5e9caaef2fbf7b8e8,e37042591a70d01a15960fb928b8374b9c3792912e6e43147359592bab2c30e7,15.779055369131783,6.8552591124524156,61.425951449875619,0.88888888888888884,0,0.1111111111111111,3,7.1292469668225049,0,0.45545897048600581,0.11621095152839196,0.076061648071163016,0.020547914427231331,2.8710567791701888e-05,0.092933750000000009,177,0.13454856799769085,0.82970807069922792,0.092933750000000009,177,-0.080864309957097869
bestest_hydronic_heat_pump,351,bestest_hydronic_heat_pump:day351,1,zone_bias_positive,rc_supervisory_selector,192,144,9,ed561897d6a4306967cad2b19c71782c7149db64cdb74ea5e9caaef2fbf7b8e8,e37042591a70d01a15960fb928b8374b9c3792912e6e43147359592bab2c30e7,16.702337566355432,7.7947477140074568,65.639894615797814,0.77777777777777779,0,0.22222222222222221,4,8.1343077260793279,0,0.47815265566314841,0.12116277783213961,0.079851493495745815,0.020339957080770084,7.1254519961336581e-06,0.092933750000000009,177,0.13454856799769085,0.82970807069922792,0.092933750000000009,177,-0.051383454575901572
bestest_hydronic_heat_pump,351,bestest_hydronic_heat_pump:day351,1,zone_bias_positive,tuned_rule_based,192,144,9,ed561897d6a4306967cad2b19c71782c7149db64cdb74ea5e9caaef2fbf7b8e8,e37042591a70d01a15960fb928b8374b9c3792912e6e43147359592bab2c30e7,17.284356818389572,4.5402186691071051,67.324304540651482,0.77777777777777779,0,0.22222222222222221,4,4.9076761645398514,0,0.48671680796640471,0.12423745440811559,0.081281706930389622,0.020547914427231331,6.3365888567841846e-06,0.092933750000000009,177,0.13454856799769085,0.82970807069922792,0.092933750000000009,177,-0.043955929604912194
bestest_hydronic_heat_pump,351,bestest_hydronic_heat_pump:day351,1,zone_drift_negative,constant_zero,192,144,0,ed561897d6a4306967cad2b19c71782c7149db64cdb74ea5e9caaef2fbf7b8e8,e37042591a70d01a15960fb928b8374b9c3792912e6e43147359592bab2c30e7,19.222873838757,0.28627391688969794,74.439277914793365,0,1,0,0,0.82970807069922792,0,0.52490170833105687,0.13454856799769085,0.087658585291286534,0.012168149938462916,6.2218858032049023e-06,0.092933750000000009,177,0.13454856799769085,0.82970807069922792,0.092933750000000009,177,0
bestest_hydronic_heat_pump,351,bestest_hydronic_heat_pump:day351,1,zone_drift_negative,deterministic_wm,192,144,9,ed561897d6a4306967cad2b19c71782c7149db64cdb74ea5e9caaef2fbf7b8e8,e37042591a70d01a15960fb928b8374b9c3792912e6e43147359592bab2c30e7,15.456188170282868,1.9280380734331857,60.184631180814009,0.66666666666666663,0,0.33333333333333331,6,2.2659322800351238,0,0.45138183021113137,0.11516204404131625,0.075380765645258946,0.02034477163051145,1.6056739569681199e-05,0.092933750000000009,177,0.13454856799769085,0.82970807069922792,0.092933750000000009,177,-0.10024579470154223
bestest_hydronic_heat_pump,351,bestest_hydronic_heat_pump:day351,1,zone_drift_negative,direct_h8_rssm,192,144,9,ed561897d6a4306967cad2b19c71782c7149db64cdb74ea5e9caaef2fbf7b8e8,e37042591a70d01a15960fb928b8374b9c3792912e6e43147359592bab2c30e7,14.831267966508296,4.2102342475815533,57.884526080996096,0.66666666666666663,0.22222222222222221,0.1111111111111111,6,4.5485303935756525,0,0.43862030013081466,0.11166943078528528,0.073249590121846064,0.020241469880659307,2.8042062345530275e-05,0.092933750000000009,177,0.13454856799769085,0.82970807069922792,0.092933750000000009,177,-0.11258865402939656
bestest_hydronic_heat_pump,351,bestest_hydronic_heat_pump:day351,1,zone_drift_negative,legacy_rssm,192,144,9,ed561897d6a4306967cad2b19c71782c7149db64cdb74ea5e9caaef2fbf7b8e8,e37042591a70d01a15960fb928b8374b9c3792912e6e43147359592bab2c30e7,15.199523852317057,10.114809364228023,59.753425577704263,0.88888888888888884,0,0.1111111111111111,3,10.360736234581273,0,0.44694454219593238,0.11314635411859526,0.074639738546720721,0.020339957080770084,2.6773579804407715e-05,0.092933750000000009,177,0.13454856799769085,0.82970807069922792,0.092933750000000009,177,-0.088223884898710081
bestest_hydronic_heat_pump,351,bestest_hydronic_heat_pump:day351,1,zone_drift_negative,rc_supervisory_selector,192,144,9,ed561897d6a4306967cad2b19c71782c7149db64cdb74ea5e9caaef2fbf7b8e8,e37042591a70d01a15960fb928b8374b9c3792912e6e43147359592bab2c30e7,17.520759014362518,1.7642087779649103,67.877490329446942,0.66666666666666663,0,0.33333333333333331,4,2.1487845845601763,0,0.48992510700569192,0.12561312581442169,0.081817492869950548,0.02034477163051145,7.3734045444774792e-06,0.092933750000000009,177,0.13454856799769085,0.82970807069922792,0.092933750000000009,177,-0.044348053343954384
bestest_hydronic_heat_pump,351,bestest_hydronic_heat_pump:day351,1,zone_drift_negative,tuned_rule_based,192,144,9,ed561897d6a4306967cad2b19c71782c7149db64cdb74ea5e9caaef2fbf7b8e8,e37042591a70d01a15960fb928b8374b9c3792912e6e43147359592bab2c30e7,15.456188170282868,1.9280380734331857,60.184631180814009,0.66666666666666663,0,0.33333333333333331,6,2.2659322800351238,0,0.45138183021113137,0.11516204404131625,0.075380765645258946,0.02034477163051145,6.1738137383319519e-06,0.092933750000000009,177,0.13454856799769085,0.82970807069922792,0.092933750000000009,177,-0.10024579470154223
bestest_hydronic_heat_pump,351,bestest_hydronic_heat_pump:day351,1,zone_drift_positive,constant_zero,192,144,0,ed561897d6a4306967cad2b19c71782c7149db64cdb74ea5e9caaef2fbf7b8e8,e37042591a70d01a15960fb928b8374b9c3792912e6e43147359592bab2c30e7,19.222873838757,0.28627391688969794,74.439277914793365,0,1,0,0,0.82970807069922792,0,0.52490170833105687,0.13454856799769085,0.087658585291286534,0.012168149938462916,6.0621744813858043e-06,0.092933750000000009,177,0.13454856799769085,0.82970807069922792,0.092933750000000009,177,0
bestest_hydronic_heat_pump,351,bestest_hydronic_heat_pump:day351,1,zone_drift_positive,deterministic_wm,192,144,9,ed561897d6a4306967cad2b19c71782c7149db64cdb74ea5e9caaef2fbf7b8e8,e37042591a70d01a15960fb928b8374b9c3792912e6e43147359592bab2c30e7,15.456188170282868,1.9280380734331857,60.184631180814009,0.66666666666666663,0,0.33333333333333331,6,2.2659322800351238,0,0.45138183021113137,0.11516204404131625,0.075380765645258946,0.02034477163051145,1.6248464723046674e-05,0.092933750000000009,177,0.13454856799769085,0.82970807069922792,0.092933750000000009,177,-0.10024579470154223
bestest_hydronic_heat_pump,351,bestest_hydronic_heat_pump:day351,1,zone_drift_positive,direct_h8_rssm,192,144,9,ed561897d6a4306967cad2b19c71782c7149db64cdb74ea5e9caaef2fbf7b8e8,e37042591a70d01a15960fb928b8374b9c3792912e6e43147359592bab2c30e7,15.456188170282868,1.9280380734331857,60.184631180814009,0.66666666666666663,0,0.33333333333333331,6,2.2659322800351238,0,0.45138183021113137,0.11516204404131625,0.075380765645258946,0.02034477163051145,2.9621100689242785e-05,0.092933750000000009,177,0.13454856799769085,0.82970807069922792,0.092933750000000009,177,-0.10024579470154223
bestest_hydronic_heat_pump,351,bestest_hydronic_heat_pump:day351,1,zone_drift_positive,legacy_rssm,192,144,9,ed561897d6a4306967cad2b19c71782c7149db64cdb74ea5e9caaef2fbf7b8e8,e37042591a70d01a15960fb928b8374b9c3792912e6e43147359592bab2c30e7,15.779055369131783,6.8552591124524156,61.425951449875619,0.88888888888888884,0,0.1111111111111111,3,7.1292469668225049,0,0.45545897048600581,0.11621095152839196,0.076061648071163016,0.020547914427231331,2.836347527806325e-05,0.092933750000000009,177,0.13454856799769085,0.82970807069922792,0.092933750000000009,177,-0.080864309957097869
bestest_hydronic_heat_pump,351,bestest_hydronic_heat_pump:day351,1,zone_drift_positive,rc_supervisory_selector,192,144,9,ed561897d6a4306967cad2b19c71782c7149db64cdb74ea5e9caaef2fbf7b8e8,e37042591a70d01a15960fb928b8374b9c3792912e6e43147359592bab2c30e7,16.702337566355432,7.7947477140074568,65.639894615797814,0.77777777777777779,0,0.22222222222222221,4,8.1343077260793279,0,0.47815265566314841,0.12116277783213961,0.079851493495745815,0.020339957080770084,7.3312548026572567e-06,0.092933750000000009,177,0.13454856799769085,0.82970807069922792,0.092933750000000009,177,-0.051383454575901572
bestest_hydronic_heat_pump,351,bestest_hydronic_heat_pump:day351,1,zone_drift_positive,tuned_rule_based,192,144,9,ed561897d6a4306967cad2b19c71782c7149db64cdb74ea5e9caaef2fbf7b8e8,e37042591a70d01a15960fb928b8374b9c3792912e6e43147359592bab2c30e7,17.284356818389572,4.5402186691071051,67.324304540651482,0.77777777777777779,0,0.22222222222222221,4,4.9076761645398514,0,0.48671680796640471,0.12423745440811559,0.081281706930389622,0.020547914427231331,6.347258747005408e-06,0.092933750000000009,177,0.13454856799769085,0.82970807069922792,0.092933750000000009,177,-0.043955929604912194
bestest_hydronic_heat_pump,351,bestest_hydronic_heat_pump:day351,1,zone_stuck,constant_zero,192,144,0,ed561897d6a4306967cad2b19c71782c7149db64cdb74ea5e9caaef2fbf7b8e8,e37042591a70d01a15960fb928b8374b9c3792912e6e43147359592bab2c30e7,19.222873838757,0.28627391688969794,74.439277914793365,0,1,0,0,0.82970807069922792,0,0.52490170833105687,0.13454856799769085,0.087658585291286534,0.012168149938462916,6.2213962060063988e-06,0.092933750000000009,177,0.13454856799769085,0.82970807069922792,0.092933750000000009,177,0
bestest_hydronic_heat_pump,351,bestest_hydronic_heat_pump:day351,1,zone_stuck,deterministic_wm,192,144,9,ed561897d6a4306967cad2b19c71782c7149db64cdb74ea5e9caaef2fbf7b8e8,e37042591a70d01a15960fb928b8374b9c3792912e6e43147359592bab2c30e7,15.456188170282868,1.9280380734331857,60.184631180814009,0.66666666666666663,0,0.33333333333333331,6,2.2659322800351238,0,0.45138183021113137,0.11516204404131625,0.075380765645258946,0.02034477163051145,1.501530668914422e-05,0.092933750000000009,177,0.13454856799769085,0.82970807069922792,0.092933750000000009,177,-0.10024579470154223
bestest_hydronic_heat_pump,351,bestest_hydronic_heat_pump:day351,1,zone_stuck,direct_h8_rssm,192,144,9,ed561897d6a4306967cad2b19c71782c7149db64cdb74ea5e9caaef2fbf7b8e8,e37042591a70d01a15960fb928b8374b9c3792912e6e43147359592bab2c30e7,15.456188170282868,1.9280380734331857,60.184631180814009,0.66666666666666663,0,0.33333333333333331,6,2.2659322800351238,0,0.45138183021113137,0.11516204404131625,0.075380765645258946,0.02034477163051145,2.8611749601336397e-05,0.092933750000000009,177,0.13454856799769085,0.82970807069922792,0.092933750000000009,177,-0.10024579470154223
bestest_hydronic_heat_pump,351,bestest_hydronic_heat_pump:day351,1,zone_stuck,legacy_rssm,192,144,9,ed561897d6a4306967cad2b19c71782c7149db64cdb74ea5e9caaef2fbf7b8e8,e37042591a70d01a15960fb928b8374b9c3792912e6e43147359592bab2c30e7,15.779055369131783,6.8552591124524156,61.425951449875619,0.88888888888888884,0,0.1111111111111111,3,7.1292469668225049,0,0.45545897048600581,0.11621095152839196,0.076061648071163016,0.020547914427231331,2.8188166193937134e-05,0.092933750000000009,177,0.13454856799769085,0.82970807069922792,0.092933750000000009,177,-0.080864309957097869
bestest_hydronic_heat_pump,351,bestest_hydronic_heat_pump:day351,1,zone_stuck,rc_supervisory_selector,192,144,9,ed561897d6a4306967cad2b19c71782c7149db64cdb74ea5e9caaef2fbf7b8e8,e37042591a70d01a15960fb928b8374b9c3792912e6e43147359592bab2c30e7,15.456188170282868,1.9280380734331857,60.184631180814009,0.66666666666666663,0,0.33333333333333331,6,2.2659322800351238,0,0.45138183021113137,0.11516204404131625,0.075380765645258946,0.02034477163051145,7.0581150443280687e-06,0.092933750000000009,177,0.13454856799769085,0.82970807069922792,0.092933750000000009,177,-0.10024579470154223
bestest_hydronic_heat_pump,351,bestest_hydronic_heat_pump:day351,1,zone_stuck,tuned_rule_based,192,144,9,ed561897d6a4306967cad2b19c71782c7149db64cdb74ea5e9caaef2fbf7b8e8,e37042591a70d01a15960fb928b8374b9c3792912e6e43147359592bab2c30e7,15.456188170282868,1.9280380734331857,60.184631180814009,0.66666666666666663,0,0.33333333333333331,6,2.2659322800351238,0,0.45138183021113137,0.11516204404131625,0.075380765645258946,0.02034477163051145,6.194963505130787e-06,0.092933750000000009,177,0.13454856799769085,0.82970807069922792,0.092933750000000009,177,-0.10024579470154223
bestest_hydronic_heat_pump,360,bestest_hydronic_heat_pump:day360,2,clean,constant_zero,192,144,0,b644269a30912831a30ddebbe7663311fc9e7e1b74bcb999ea71deefeeea408d,797b3f483351fec624827666fa1d524cbff2bdb4d6992d3d43b22fa3898b6aee,18.27506283830219,0.6067926290282486,70.790324787291709,0,1,0,0,0.64810518388883442,0,0.4890856317623164,0.12556463773287421,0.081677300504306868,0.011945797981776588,6.205661134570057e-06,0.092933750000000009,100.5,0.12556463773287421,0.64810518388883442,0.092933750000000009,100.5,0
bestest_hydronic_heat_pump,360,bestest_hydronic_heat_pump:day360,2,clean,deterministic_wm,192,144,9,b644269a30912831a30ddebbe7663311fc9e7e1b74bcb999ea71deefeeea408d,797b3f483351fec624827666fa1d524cbff2bdb4d6992d3d43b22fa3898b6aee,13.983392016059749,0.98322441114456183,54.327248953571328,0.44444444444444442,0.1111111111111111,0.44444444444444442,8,0.94016234397476717,0,0.40577184400493138,0.10386798508825407,0.067763897948823551,0.020863013816881229,1.5738032597868578e-05,0.092933750000000009,100.5,0.12556463773287421,0.64810518388883442,0.092933750000000009,100.5,-0.11527880517159121
bestest_hydronic_heat_pump,360,bestest_hydronic_heat_pump:day360,2,clean,direct_h8_rssm,192,144,9,b644269a30912831a30ddebbe7663311fc9e7e1b74bcb999ea71deefeeea408d,797b3f483351fec624827666fa1d524cbff2bdb4d6992d3d43b22fa3898b6aee,13.227017073242003,10.45515338622377,51.847232519616369,0.77777777777777779,0,0.22222222222222221,5,10.357160306029895,0,0.39084453292256793,0.099257196322190155,0.065271036998068854,0.020740580252765782,2.8082636499765519e-05,0.092933750000000009,100.5,0.12556463773287421,0.64810518388883442,0.092933750000000009,100.5,-0.09323492750868817
bestest_hydronic_heat_pump,360,bestest_hydronic_heat_pump:day360,2,clean,legacy_rssm,192,144,9,b644269a30912831a30ddebbe7663311fc9e7e1b74bcb999ea71deefeeea408d,797b3f483351fec624827666fa1d524cbff2bdb4d6992d3d43b22fa3898b6aee,15.656701182951348,21.754841348941042,60.894173352967208,1,0,0,1,21.610539460050191,0,0.43701093464061164,0.11178312992072775,0.072980826084982173,0.011945797981776588,2.8629746806004356e-05,0.092933750000000009,100.5,0.12556463773287421,0.64810518388883442,0.092933750000000009,100.5,0.030143770035265804
bestest_hydronic_heat_pump,360,bestest_hydronic_heat_pump:day360,2,clean,rc_supervisory_selector,192,144,9,b644269a30912831a30ddebbe7663311fc9e7e1b74bcb999ea71deefeeea408d,797b3f483351fec624827666fa1d524cbff2bdb4d6992d3d43b22fa3898b6aee,13.460813222795689,1.283252830215531,52.38516368069299,0.55555555555555558,0,0.44444444444444442,8,1.2411836515187096,0,0.39601736106965685,0.10124582610032309,0.066134899298632713,0.020863013816881229,7.1683271185057743e-06,0.092933750000000009,100.5,0.12556463773287421,0.64810518388883442,0.092933750000000009,100.5,-0.12788886551841594
bestest_hydronic_heat_pump,360,bestest_hydronic_heat_pump:day360,2,clean,tuned_rule_based,192,144,9,b644269a30912831a30ddebbe7663311fc9e7e1b74bcb999ea71deefeeea408d,797b3f483351fec624827666fa1d524cbff2bdb4d6992d3d43b22fa3898b6aee,13.460813222795689,1.283252830215531,52.38516368069299,0.55555555555555558,0,0.44444444444444442,8,1.2411836515187096,0,0.39601736106965685,0.10124582610032309,0.066134899298632713,0.020863013816881229,6.4369729260083473e-06,0.092933750000000009,100.5,0.12556463773287421,0.64810518388883442,0.092933750000000009,100.5,-0.12788886551841594
bestest_hydronic_heat_pump,360,bestest_hydronic_heat_pump:day360,2,zone_bias_negative,constant_zero,192,144,0,b644269a30912831a30ddebbe7663311fc9e7e1b74bcb999ea71deefeeea408d,797b3f483351fec624827666fa1d524cbff2bdb4d6992d3d43b22fa3898b6aee,18.27506283830219,0.6067926290282486,70.790324787291709,0,1,0,0,0.64810518388883442,0,0.4890856317623164,0.12556463773287421,0.081677300504306868,0.011945797981776588,6.5262335687962441e-06,0.092933750000000009,100.5,0.12556463773287421,0.64810518388883442,0.092933750000000009,100.5,0
bestest_hydronic_heat_pump,360,bestest_hydronic_heat_pump:day360,2,zone_bias_negative,deterministic_wm,192,144,9,b644269a30912831a30ddebbe7663311fc9e7e1b74bcb999ea71deefeeea408d,797b3f483351fec624827666fa1d524cbff2bdb4d6992d3d43b22fa3898b6aee,13.983392016059749,0.98322441114456183,54.327248953571328,0.44444444444444442,0.1111111111111111,0.44444444444444442,8,0.94016234397476717,0,0.40577184400493138,0.10386798508825407,0.067763897948823551,0.020863013816881229,1.564423520596933e-05,0.092933750000000009,100.5,0.12556463773287421,0.64810518388883442,0.092933750000000009,100.5,-0.11527880517159121
bestest_hydronic_heat_pump,360,bestest_hydronic_heat_pump:day360,2,zone_bias_negative,direct_h8_rssm,192,144,9,b644269a30912831a30ddebbe7663311fc9e7e1b74bcb999ea71deefeeea408d,797b3f483351fec624827666fa1d524cbff2bdb4d6992d3d43b22fa3898b6aee,13.227017073242003,10.45515338622377,51.847232519616369,0.77777777777777779,0,0.22222222222222221,5,10.357160306029895,0,0.39084453292256793,0.099257196322190155,0.065271036998068854,0.020740580252765782,2.8255442119463022e-05,0.092933750000000009,100.5,0.12556463773287421,0.64810518388883442,0.092933750000000009,100.5,-0.09323492750868817
bestest_hydronic_heat_pump,360,bestest_hydronic_heat_pump:day360,2,zone_bias_negative,legacy_rssm,192,144,9,b644269a30912831a30ddebbe7663311fc9e7e1b74bcb999ea71deefeeea408d,797b3f483351fec624827666fa1d524cbff2bdb4d6992d3d43b22fa3898b6aee,15.656701182951348,21.754841348941042,60.894173352967208,1,0,0,1,21.610539460050191,0,0.43701093464061164,0.11178312992072775,0.072980826084982173,0.011945797981776588,2.8784939409203829e-05,0.092933750000000009,100.5,0.12556463773287421,0.64810518388883442,0.092933750000000009,100.5,0.030143770035265804
bestest_hydronic_heat_pump,360,bestest_hydronic_heat_pump:day360,2,zone_bias_negative,rc_supervisory_selector,192,144,9,b644269a30912831a30ddebbe7663311fc9e7e1b74bcb999ea71deefeeea408d,797b3f483351fec624827666fa1d524cbff2bdb4d6992d3d43b22fa3898b6aee,13.429178494625873,1.0787369547836789,51.789368061673976,0.44444444444444442,0.1111111111111111,0.44444444444444442,7,0.9930865754072048,0,0.39021677143103595,0.10035045740100093,0.065166200828983029,0.020863013816881229,7.3364295537836543e-06,0.092933750000000009,100.5,0.12556463773287421,0.64810518388883442,0.092933750000000009,100.5,-0.13394042117866392
bestest_hydronic_heat_pump,360,bestest_hydronic_heat_pump:day360,2,zone_bias_negative,tuned_rule_based,192,144,9,b644269a30912831a30ddebbe7663311fc9e7e1b74bcb999ea71deefeeea408d,797b3f483351fec624827666fa1d524cbff2bdb4d6992d3d43b22fa3898b6aee,13.460813222795689,1.283252830215531,52.38516368069299,0.55555555555555558,0,0.44444444444444442,8,1.2411836515187096,0,0.39601736106965685,0.10124582610032309,0.066134899298632713,0.020863013816881229,6.4058897452273982e-06,0.092933750000000009,100.5,0.12556463773287421,0.64810518388883442,0.092933750000000009,100.5,-0.12788886551841594
bestest_hydronic_heat_pump,360,bestest_hydronic_heat_pump:day360,2,zone_bias_positive,constant_zero,192,144,0,b644269a30912831a30ddebbe7663311fc9e7e1b74bcb999ea71deefeeea408d,797b3f483351fec624827666fa1d524cbff2bdb4d6992d3d43b22fa3898b6aee,18.27506283830219,0.6067926290282486,70.790324787291709,0,1,0,0,0.64810518388883442,0,0.4890856317623164,0.12556463773287421,0.081677300504306868,0.011945797981776588,6.3384196451751903e-06,0.092933750000000009,100.5,0.12556463773287421,0.64810518388883442,0.092933750000000009,100.5,0
bestest_hydronic_heat_pump,360,bestest_hydronic_heat_pump:day360,2,zone_bias_positive,deterministic_wm,192,144,9,b644269a30912831a30ddebbe7663311fc9e7e1b74bcb999ea71deefeeea408d,797b3f483351fec624827666fa1d524cbff2bdb4d6992d3d43b22fa3898b6aee,13.983392016059749,0.98322441114456183,54.327248953571328,0.44444444444444442,0.1111111111111111,0.44444444444444442,8,0.94016234397476717,0,0.40577184400493138,0.10386798508825407,0.067763897948823551,0.020863013816881229,1.5033464781276845e-05,0.092933750000000009,100.5,0.12556463773287421,0.64810518388883442,0.092933750000000009,100.5,-0.11527880517159121
bestest_hydronic_heat_pump,360,bestest_hydronic_heat_pump:day360,2,zone_bias_positive,direct_h8_rssm,192,144,9,b644269a30912831a30ddebbe7663311fc9e7e1b74bcb999ea71deefeeea408d,797b3f483351fec624827666fa1d524cbff2bdb4d6992d3d43b22fa3898b6aee,13.227017073242003,10.45515338622377,51.847232519616369,0.77777777777777779,0,0.22222222222222221,5,10.357160306029895,0,0.39084453292256793,0.099257196322190155,0.065271036998068854,0.020740580252765782,2.8201822210980961e-05,0.092933750000000009,100.5,0.12556463773287421,0.64810518388883442,0.092933750000000009,100.5,-0.09323492750868817
bestest_hydronic_heat_pump,360,bestest_hydronic_heat_pump:day360,2,zone_bias_positive,legacy_rssm,192,144,9,b644269a30912831a30ddebbe7663311fc9e7e1b74bcb999ea71deefeeea408d,797b3f483351fec624827666fa1d524cbff2bdb4d6992d3d43b22fa3898b6aee,15.656701182951348,21.754841348941042,60.894173352967208,1,0,0,1,21.610539460050191,0,0.43701093464061164,0.11178312992072775,0.072980826084982173,0.011945797981776588,2.8267959441606077e-05,0.092933750000000009,100.5,0.12556463773287421,0.64810518388883442,0.092933750000000009,100.5,0.030143770035265804
bestest_hydronic_heat_pump,360,bestest_hydronic_heat_pump:day360,2,zone_bias_positive,rc_supervisory_selector,192,144,9,b644269a30912831a30ddebbe7663311fc9e7e1b74bcb999ea71deefeeea408d,797b3f483351fec624827666fa1d524cbff2bdb4d6992d3d43b22fa3898b6aee,14.668867332426796,7.6014795202719938,57.818469989605191,0.66666666666666663,0,0.33333333333333331,6,7.5526422264739246,0,0.42338420643975294,0.10724821218774953,0.070705162475438746,0.020740580252765782,7.1469290857054307e-06,0.092933750000000009,100.5,0.12556463773287421,0.64810518388883442,0.092933750000000009,100.5,-0.064194676095824577
bestest_hydronic_heat_pump,360,bestest_hydronic_heat_pump:day360,2,zone_bias_positive,tuned_rule_based,192,144,9,b644269a30912831a30ddebbe7663311fc9e7e1b74bcb999ea71deefeeea408d,797b3f483351fec624827666fa1d524cbff2bdb4d6992d3d43b22fa3898b6aee,12.649236562382008,4.2408317686279986,49.187442006006862,0.66666666666666663,0,0.33333333333333331,7,4.1505258993261576,0,0.37854374208296376,0.096746618588061564,0.063216804927854961,0.020761666274697655,6.1983227244361045e-06,0.092933750000000009,100.5,0.12556463773287421,0.64810518388883442,0.092933750000000009,100.5,-0.13762105757761545
bestest_hydronic_heat_pump,360,bestest_hydronic_heat_pump:day360,2,zone_drift_negative,constant_zero,192,144,0,b644269a30912831a30ddebbe7663311fc9e7e1b74bcb999ea71deefeeea408d,797b3f483351fec624827666fa1d524cbff2bdb4d6992d3d43b22fa3898b6aee,18.27506283830219,0.6067926290282486,70.790324787291709,0,1,0,0,0.64810518388883442,0,0.4890856317623164,0.12556463773287421,0.081677300504306868,0.011945797981776588,6.1924239797187177e-06,0.092933750000000009,100.5,0.12556463773287421,0.64810518388883442,0.092933750000000009,100.5,0
bestest_hydronic_heat_pump,360,bestest_hydronic_heat_pump:day360,2,zone_drift_negative,deterministic_wm,192,144,9,b644269a30912831a30ddebbe7663311fc9e7e1b74bcb999ea71deefeeea408d,797b3f483351fec624827666fa1d524cbff2bdb4d6992d3d43b22fa3898b6aee,13.983392016059749,0.98322441114456183,54.327248953571328,0.44444444444444442,0.1111111111111111,0.44444444444444442,8,0.94016234397476717,0,0.40577184400493138,0.10386798508825407,0.067763897948823551,0.020863013816881229,1.6613063457193867e-05,0.092933750000000009,100.5,0.12556463773287421,0.64810518388883442,0.092933750000000009,100.5,-0.11527880517159121
bestest_hydronic_heat_pump,360,bestest_hydronic_heat_pump:day360,2,zone_drift_negative,direct_h8_rssm,192,144,9,b644269a30912831a30ddebbe7663311fc9e7e1b74bcb999ea71deefeeea408d,797b3f483351fec624827666fa1d524cbff2bdb4d6992d3d43b22fa3898b6aee,13.227017073242003,10.45515338622377,51.847232519616369,0.77777777777777779,0,0.22222222222222221,5,10.357160306029895,0,0.39084453292256793,0.099257196322190155,0.065271036998068854,0.020740580252765782,2.9762658079811971e-05,0.092933750000000009,100.5,0.12556463773287421,0.64810518388883442,0.092933750000000009,100.5,-0.09323492750868817
bestest_hydronic_heat_pump,360,bestest_hydronic_heat_pump:day360,2,zone_drift_negative,legacy_rssm,192,144,9,b644269a30912831a30ddebbe7663311fc9e7e1b74bcb999ea71deefeeea408d,797b3f483351fec624827666fa1d524cbff2bdb4d6992d3d43b22fa3898b6aee,15.656701182951348,21.754841348941042,60.894173352967208,1,0,0,1,21.610539460050191,0,0.43701093464061164,0.11178312992072775,0.072980826084982173,0.011945797981776588,2.8098052570194333e-05,0.092933750000000009,100.5,0.12556463773287421,0.64810518388883442,0.092933750000000009,100.5,0.030143770035265804
bestest_hydronic_heat_pump,360,bestest_hydronic_heat_pump:day360,2,zone_drift_negative,rc_supervisory_selector,192,144,9,b644269a30912831a30ddebbe7663311fc9e7e1b74bcb999ea71deefeeea408d,797b3f483351fec624827666fa1d524cbff2bdb4d6992d3d43b22fa3898b6aee,12.790994728088204,1.3373612672647539,49.306310616062746,0.55555555555555558,0,0.44444444444444442,7,1.2509022247921742,0,0.37920804705507066,0.097554849450420061,0.063327743858196811,0.020863013816881229,7.2312452128767066e-06,0.092933750000000009,100.5,0.12556463773287421,0.64810518388883442,0.092933750000000009,100.5,-0.14769862112288656
bestest_hydronic_heat_pump,360,bestest_hydronic_heat_pump:day360,2,zone_drift_negative,tuned_rule_based,192,144,9,b644269a30912831a30ddebbe7663311fc9e7e1b74bcb999ea71deefeeea408d,797b3f483351fec624827666fa1d524cbff2bdb4d6992d3d43b22fa3898b6aee,13.460813222795689,1.283252830215531,52.38516368069299,0.55555555555555558,0,0.44444444444444442,8,1.2411836515187096,0,0.39601736106965685,0.10124582610032309,0.066134899298632713,0.020863013816881229,6.1971243902165364e-06,0.092933750000000009,100.5,0.12556463773287421,0.64810518388883442,0.092933750000000009,100.5,-0.12788886551841594
bestest_hydronic_heat_pump,360,bestest_hydronic_heat_pump:day360,2,zone_drift_positive,constant_zero,192,144,0,b644269a30912831a30ddebbe7663311fc9e7e1b74bcb999ea71deefeeea408d,797b3f483351fec624827666fa1d524cbff2bdb4d6992d3d43b22fa3898b6aee,18.27506283830219,0.6067926290282486,70.790324787291709,0,1,0,0,0.64810518388883442,0,0.4890856317623164,0.12556463773287421,0.081677300504306868,0.011945797981776588,6.257281045431033e-06,0.092933750000000009,100.5,0.12556463773287421,0.64810518388883442,0.092933750000000009,100.5,0
bestest_hydronic_heat_pump,360,bestest_hydronic_heat_pump:day360,2,zone_drift_positive,deterministic_wm,192,144,9,b644269a30912831a30ddebbe7663311fc9e7e1b74bcb999ea71deefeeea408d,797b3f483351fec624827666fa1d524cbff2bdb4d6992d3d43b22fa3898b6aee,13.983392016059749,0.98322441114456183,54.327248953571328,0.44444444444444442,0.1111111111111111,0.44444444444444442,8,0.94016234397476717,0,0.40577184400493138,0.10386798508825407,0.067763897948823551,0.020863013816881229,1.6347536727257285e-05,0.092933750000000009,100.5,0.12556463773287421,0.64810518388883442,0.092933750000000009,100.5,-0.11527880517159121
bestest_hydronic_heat_pump,360,bestest_hydronic_heat_pump:day360,2,zone_drift_positive,direct_h8_rssm,192,144,9,b644269a30912831a30ddebbe7663311fc9e7e1b74bcb999ea71deefeeea408d,797b3f483351fec624827666fa1d524cbff2bdb4d6992d3d43b22fa3898b6aee,13.227017073242003,10.45515338622377,51.847232519616369,0.77777777777777779,0,0.22222222222222221,5,10.357160306029895,0,0.39084453292256793,0.099257196322190155,0.065271036998068854,0.020740580252765782,2.80299611116579e-05,0.092933750000000009,100.5,0.12556463773287421,0.64810518388883442,0.092933750000000009,100.5,-0.09323492750868817
bestest_hydronic_heat_pump,360,bestest_hydronic_heat_pump:day360,2,zone_drift_positive,legacy_rssm,192,144,9,b644269a30912831a30ddebbe7663311fc9e7e1b74bcb999ea71deefeeea408d,797b3f483351fec624827666fa1d524cbff2bdb4d6992d3d43b22fa3898b6aee,15.656701182951348,21.754841348941042,60.894173352967208,1,0,0,1,21.610539460050191,0,0.43701093464061164,0.11178312992072775,0.072980826084982173,0.011945797981776588,2.7452741271191521e-05,0.092933750000000009,100.5,0.12556463773287421,0.64810518388883442,0.092933750000000009,100.5,0.030143770035265804
bestest_hydronic_heat_pump,360,bestest_hydronic_heat_pump:day360,2,zone_drift_positive,rc_supervisory_selector,192,144,9,b644269a30912831a30ddebbe7663311fc9e7e1b74bcb999ea71deefeeea408d,797b3f483351fec624827666fa1d524cbff2bdb4d6992d3d43b22fa3898b6aee,14.668867332426796,7.6014795202719938,57.818469989605191,0.66666666666666663,0,0.33333333333333331,6,7.5526422264739246,0,0.42338420643975294,0.10724821218774953,0.070705162475438746,0.020740580252765782,7.2194754626599753e-06,0.092933750000000009,100.5,0.12556463773287421,0.64810518388883442,0.092933750000000009,100.5,-0.064194676095824577
bestest_hydronic_heat_pump,360,bestest_hydronic_heat_pump:day360,2,zone_drift_positive,tuned_rule_based,192,144,9,b644269a30912831a30ddebbe7663311fc9e7e1b74bcb999ea71deefeeea408d,797b3f483351fec624827666fa1d524cbff2bdb4d6992d3d43b22fa3898b6aee,12.649236562382008,4.2408317686279986,49.187442006006862,0.66666666666666663,0,0.33333333333333331,7,4.1505258993261576,0,0.37854374208296376,0.096746618588061564,0.063216804927854961,0.020761666274697655,6.3375430858849497e-06,0.092933750000000009,100.5,0.12556463773287421,0.64810518388883442,0.092933750000000009,100.5,-0.13762105757761545
bestest_hydronic_heat_pump,360,bestest_hydronic_heat_pump:day360,2,zone_stuck,constant_zero,192,144,0,b644269a30912831a30ddebbe7663311fc9e7e1b74bcb999ea71deefeeea408d,797b3f483351fec624827666fa1d524cbff2bdb4d6992d3d43b22fa3898b6aee,18.27506283830219,0.6067926290282486,70.790324787291709,0,1,0,0,0.64810518388883442,0,0.4890856317623164,0.12556463773287421,0.081677300504306868,0.011945797981776588,6.4110048570349988e-06,0.092933750000000009,100.5,0.12556463773287421,0.64810518388883442,0.092933750000000009,100.5,0
bestest_hydronic_heat_pump,360,bestest_hydronic_heat_pump:day360,2,zone_stuck,deterministic_wm,192,144,9,b644269a30912831a30ddebbe7663311fc9e7e1b74bcb999ea71deefeeea408d,797b3f483351fec624827666fa1d524cbff2bdb4d6992d3d43b22fa3898b6aee,13.983392016059749,0.98322441114456183,54.327248953571328,0.44444444444444442,0.1111111111111111,0.44444444444444442,8,0.94016234397476717,0,0.40577184400493138,0.10386798508825407,0.067763897948823551,0.020863013816881229,1.5404424118121882e-05,0.092933750000000009,100.5,0.12556463773287421,0.64810518388883442,0.092933750000000009,100.5,-0.11527880517159121
bestest_hydronic_heat_pump,360,bestest_hydronic_heat_pump:day360,2,zone_stuck,direct_h8_rssm,192,144,9,b644269a30912831a30ddebbe7663311fc9e7e1b74bcb999ea71deefeeea408d,797b3f483351fec624827666fa1d524cbff2bdb4d6992d3d43b22fa3898b6aee,13.227017073242003,10.45515338622377,51.847232519616369,0.77777777777777779,0,0.22222222222222221,5,10.357160306029895,0,0.39084453292256793,0.099257196322190155,0.065271036998068854,0.020740580252765782,2.9125692124558159e-05,0.092933750000000009,100.5,0.12556463773287421,0.64810518388883442,0.092933750000000009,100.5,-0.09323492750868817
bestest_hydronic_heat_pump,360,bestest_hydronic_heat_pump:day360,2,zone_stuck,legacy_rssm,192,144,9,b644269a30912831a30ddebbe7663311fc9e7e1b74bcb999ea71deefeeea408d,797b3f483351fec624827666fa1d524cbff2bdb4d6992d3d43b22fa3898b6aee,15.656701182951348,21.754841348941042,60.894173352967208,1,0,0,1,21.610539460050191,0,0.43701093464061164,0.11178312992072775,0.072980826084982173,0.011945797981776588,2.7718104339741628e-05,0.092933750000000009,100.5,0.12556463773287421,0.64810518388883442,0.092933750000000009,100.5,0.030143770035265804
bestest_hydronic_heat_pump,360,bestest_hydronic_heat_pump:day360,2,zone_stuck,rc_supervisory_selector,192,144,9,b644269a30912831a30ddebbe7663311fc9e7e1b74bcb999ea71deefeeea408d,797b3f483351fec624827666fa1d524cbff2bdb4d6992d3d43b22fa3898b6aee,12.790994728088204,1.3373612672647539,49.306310616062746,0.55555555555555558,0,0.44444444444444442,7,1.2509022247921742,0,0.37920804705507066,0.097554849450420061,0.063327743858196811,0.020863013816881229,7.221135654860002e-06,0.092933750000000009,100.5,0.12556463773287421,0.64810518388883442,0.092933750000000009,100.5,-0.14769862112288656
bestest_hydronic_heat_pump,360,bestest_hydronic_heat_pump:day360,2,zone_stuck,tuned_rule_based,192,144,9,b644269a30912831a30ddebbe7663311fc9e7e1b74bcb999ea71deefeeea408d,797b3f483351fec624827666fa1d524cbff2bdb4d6992d3d43b22fa3898b6aee,13.460813222795689,1.283252830215531,52.38516368069299,0.55555555555555558,0,0.44444444444444442,8,1.2411836515187096,0,0.39601736106965685,0.10124582610032309,0.066134899298632713,0.020863013816881229,6.4162101213012484e-06,0.092933750000000009,100.5,0.12556463773287421,0.64810518388883442,0.092933750000000009,100.5,-0.12788886551841594
multizone_office_simple_air,27,multizone_office_simple_air:day027,0,clean,constant_zero,192,144,0,a2c6cd6c51e698e8c2dd313c926fcd856086a59bfa1b3617ab64653be67676d3,0a355ba2fc1fd935b99115fbeb1ff95147f1958b2fc27787c05dc48ec5cd0d40,40.475113246800163,0.85069536985713512,368.22561474908218,0,1,0,0,1.7576775744937816,0,0.34353087026648416,0.032232186563263349,0.11714402676087106,0.027856584465591916,8.0606242541035223e-06,0.032884725000000004,185.75,0.032232186563263349,1.7576775744937816,0.032884725000000004,185.75,0
multizone_office_simple_air,27,multizone_office_simple_air:day027,0,clean,deterministic_wm,192,144,9,a2c6cd6c51e698e8c2dd313c926fcd856086a59bfa1b3617ab64653be67676d3,0a355ba2fc1fd935b99115fbeb1ff95147f1958b2fc27787c05dc48ec5cd0d40,40.47444076618244,0.85079522155869824,368.22543555170739,0.66666666666666663,0,0.33333333333333331,4,1.7576675986405419,0,0.34353333223249449,0.032232392645916104,0.11714486629128062,0.027856584465591916,1.7653635035010534e-05,0.032884725000000004,185.75,0.032232186563263349,1.7576775744937816,0.032884725000000004,185.75,3.1065571041551339e-06
multizone_office_simple_air,27,multizone_office_simple_air:day027,0,clean,direct_h8_rssm,192,144,9,a2c6cd6c51e698e8c2dd313c926fcd856086a59bfa1b3617ab64653be67676d3,0a355ba2fc1fd935b99115fbeb1ff95147f1958b2fc27787c05dc48ec5cd0d40,40.481396907829108,0.85079352842868161,368.26746594181691,0.44444444444444442,0,0.55555555555555558,4,1.757673949433701,0,0.34353089827752659,0.032232209583796016,0.11714403631263653,0.027856584465591916,3.2308385981037703e-05,0.032884725000000004,185.75,0.032232186563263349,1.7576775744937816,0.032884725000000004,185.75,3.4026072759684609e-07
multizone_office_simple_air,27,multizone_office_simple_air:day027,0,clean,legacy_rssm,192,144,9,a2c6cd6c51e698e8c2dd313c926fcd856086a59bfa1b3617ab64653be67676d3,0a355ba2fc1fd935b99115fbeb1ff95147f1958b2fc27787c05dc48ec5cd0d40,40.481396907829108,0.85079352842868161,368.26746594181691,0.44444444444444442,0,0.55555555555555558,4,1.757673949433701,0,0.34353089827752659,0.032232209583796016,0.11714403631263653,0.027856584465591916,3.0858391866634033e-05,0.032884725000000004,185.75,0.032232186563263349,1.7576775744937816,0.032884725000000004,185.75,3.4026072759684609e-07
multizone_office_simple_air,27,multizone_office_simple_air:day027,0,clean,rc_supervisory_selector,192,144,9,a2c6cd6c51e698e8c2dd313c926fcd856086a59bfa1b3617ab64653be67676d3,0a355ba2fc1fd935b99115fbeb1ff95147f1958b2fc27787c05dc48ec5cd0d40,40.470833957306283,0.85068011522473341,368.20042000809985,0,0.22222222222222221,0.77777777777777779,3,1.7576702303997962,0,0.34353202630200053,0.032232256138462291,0.11714442096898219,0.027856584465591916,9.1995674208751442e-06,0.032884725000000004,185.75,0.032232186563263349,1.7576775744937816,0.032884725000000004,185.75,1.0380962366691958e-06
multizone_office_simple_air,27,multizone_office_simple_air:day027,0,clean,tuned_rule_based,192,144,9,a2c6cd6c51e698e8c2dd313c926fcd856086a59bfa1b3617ab64653be67676d3,0a355ba2fc1fd935b99115fbeb1ff95147f1958b2fc27787c05dc48ec5cd0d40,40.469898421880274,0.85072637260229556,368.19483886336832,0,0.44444444444444442,0.55555555555555558,4,1.7576655568456956,0,0.3435326624636808,0.032232353415347241,0.11714463790011514,0.027856584465591916,8.1328183429888891e-06,0.032884725000000004,185.75,0.032232186563263349,1.7576775744937816,0.032884725000000004,185.75,2.5045748278694535e-06
multizone_office_simple_air,27,multizone_office_simple_air:day027,0,zone_bias_negative,constant_zero,192,144,0,a2c6cd6c51e698e8c2dd313c926fcd856086a59bfa1b3617ab64653be67676d3,0a355ba2fc1fd935b99115fbeb1ff95147f1958b2fc27787c05dc48ec5cd0d40,40.475113246800163,0.85069536985713512,368.22561474908218,0,1,0,0,1.7576775744937816,0,0.34353087026648416,0.032232186563263349,0.11714402676087106,0.027856584465591916,8.0518669829665398e-06,0.032884725000000004,185.75,0.032232186563263349,1.7576775744937816,0.032884725000000004,185.75,0
multizone_office_simple_air,27,multizone_office_simple_air:day027,0,zone_bias_negative,deterministic_wm,192,144,9,a2c6cd6c51e698e8c2dd313c926fcd856086a59bfa1b3617ab64653be67676d3,0a355ba2fc1fd935b99115fbeb1ff95147f1958b2fc27787c05dc48ec5cd0d40,40.47444076618244,0.85079522155869824,368.22543555170739,0.66666666666666663,0,0.33333333333333331,4,1.7576675986405419,0,0.34353333223249449,0.032232392645916104,0.11714486629128062,0.027856584465591916,1.8125864709096288e-05,0.032884725000000004,185.75,0.032232186563263349,1.7576775744937816,0.032884725000000004,185.75,3.1065571041551339e-06
multizone_office_simple_air,27,multizone_office_simple_air:day027,0,zone_bias_negative,direct_h8_rssm,192,144,9,a2c6cd6c51e698e8c2dd313c926fcd856086a59bfa1b3617ab64653be67676d3,0a355ba2fc1fd935b99115fbeb1ff95147f1958b2fc27787c05dc48ec5cd0d40,40.474336255141296,0.85079105428980029,368.22484214429142,0.55555555555555558,0,0.44444444444444442,4,1.7576682835693946,0,0.34353352755131705,0.032232430183411875,0.11714493289499917,0.027856584465591916,3.2809303554426181e-05,0.032884725000000004,185.75,0.032232186563263349,1.7576775744937816,0.032884725000000004,185.75,3.67914443608193e-06
multizone_office_simple_air,27,multizone_office_simple_air:day027,0,zone_bias_negative,legacy_rssm,192,144,9,a2c6cd6c51e698e8c2dd313c926fcd856086a59bfa1b3617ab64653be67676d3,0a355ba2fc1fd935b99115fbeb1ff95147f1958b2fc27787c05dc48ec5cd0d40,40.474336255141296,0.85079105428980029,368.22484214429142,0.55555555555555558,0,0.44444444444444442,4,1.7576682835693946,0,0.34353352755131705,0.032232430183411875,0.11714493289499917,0.027856584465591916,3.1384507745695088e-05,0.032884725000000004,185.75,0.032232186563263349,1.7576775744937816,0.032884725000000004,185.75,3.67914443608193e-06
multizone_office_simple_air,27,multizone_office_simple_air:day027,0,zone_bias_negative,rc_supervisory_selector,192,144,9,a2c6cd6c51e698e8c2dd313c926fcd856086a59bfa1b3617ab64653be67676d3,0a355ba2fc1fd935b99115fbeb1ff95147f1958b2fc27787c05dc48ec5cd0d40,40.470833957306283,0.85068011522473341,368.20042000809985,0,0.22222222222222221,0.77777777777777779,3,1.7576702303997962,0,0.34353202630200053,0.032232256138462291,0.11714442096898219,0.027856584465591916,8.9015400361154847e-06,0.032884725000000004,185.75,0.032232186563263349,1.7576775744937816,0.032884725000000004,185.75,1.0380962366691958e-06
multizone_office_simple_air,27,multizone_office_simple_air:day027,0,zone_bias_negative,tuned_rule_based,192,144,9,a2c6cd6c51e698e8c2dd313c926fcd856086a59bfa1b3617ab64653be67676d3,0a355ba2fc1fd935b99115fbeb1ff95147f1958b2fc27787c05dc48ec5cd0d40,40.469898421880274,0.85072637260229556,368.19483886336832,0,0.44444444444444442,0.55555555555555558,4,1.7576655568456956,0,0.3435326624636808,0.032232353415347241,0.11714463790011514,0.027856584465591916,8.1338863028836424e-06,0.032884725000000004,185.75,0.032232186563263349,1.7576775744937816,0.032884725000000004,185.75,2.5045748278694535e-06
multizone_office_simple_air,27,multizone_office_simple_air:day027,0,zone_bias_positive,constant_zero,192,144,0,a2c6cd6c51e698e8c2dd313c926fcd856086a59bfa1b3617ab64653be67676d3,0a355ba2fc1fd935b99115fbeb1ff95147f1958b2fc27787c05dc48ec5cd0d40,40.475113246800163,0.85069536985713512,368.22561474908218,0,1,0,0,1.7576775744937816,0,0.34353087026648416,0.032232186563263349,0.11714402676087106,0.027856584465591916,8.0682081563171779e-06,0.032884725000000004,185.75,0.032232186563263349,1.7576775744937816,0.032884725000000004,185.75,0
multizone_office_simple_air,27,multizone_office_simple_air:day027,0,zone_bias_positive,deterministic_wm,192,144,9,a2c6cd6c51e698e8c2dd313c926fcd856086a59bfa1b3617ab64653be67676d3,0a355ba2fc1fd935b99115fbeb1ff95147f1958b2fc27787c05dc48ec5cd0d40,40.47444076618244,0.85079522155869824,368.22543555170739,0.66666666666666663,0,0.33333333333333331,4,1.7576675986405419,0,0.34353333223249449,0.032232392645916104,0.11714486629128062,0.027856584465591916,1.8233533096979219e-05,0.032884725000000004,185.75,0.032232186563263349,1.7576775744937816,0.032884725000000004,185.75,3.1065571041551339e-06
multizone_office_simple_air,27,multizone_office_simple_air:day027,0,zone_bias_positive,direct_h8_rssm,192,144,9,a2c6cd6c51e698e8c2dd313c926fcd856086a59bfa1b3617ab64653be67676d3,0a355ba2fc1fd935b99115fbeb1ff95147f1958b2fc27787c05dc48ec5cd0d40,40.481396907829108,0.85079352842868161,368.26746594181691,0.44444444444444442,0,0.55555555555555558,4,1.757673949433701,0,0.34353089827752659,0.032232209583796016,0.11714403631263653,0.027856584465591916,3.158209003495088e-05,0.032884725000000004,185.75,0.032232186563263349,1.7576775744937816,0.032884725000000004,185.75,3.4026072759684609e-07
multizone_office_simple_air,27,multizone_office_simple_air:day027,0,zone_bias_positive,legacy_rssm,192,144,9,a2c6cd6c51e698e8c2dd313c926fcd856086a59bfa1b3617ab64653be67676d3,0a355ba2fc1fd935b99115fbeb1ff95147f1958b2fc27787c05dc48ec5cd0d40,40.481396907829108,0.85079352842868161,368.26746594181691,0.44444444444444442,0,0.55555555555555558,4,1.757673949433701,0,0.34353089827752659,0.032232209583796016,0.11714403631263653,0.027856584465591916,3.1411344052193265e-05,0.032884725000000004,185.75,0.032232186563263349,1.7576775744937816,0.032884725000000004,185.75,3.4026072759684609e-07
multizone_office_simple_air,27,multizone_office_simple_air:day027,0,zone_bias_positive,rc_supervisory_selector,192,144,9,a2c6cd6c51e698e8c2dd313c926fcd856086a59bfa1b3617ab64653be67676d3,0a355ba2fc1fd935b99115fbeb1ff95147f1958b2fc27787c05dc48ec5cd0d40,40.471188158071854,0.85071728784066636,368.20372588495729,0,0,1,1,1.7576708720139511,0,0.34353300818972865,0.032232389056500388,0.11714475579269749,0.027856584465591916,8.9441502489552649e-06,0.032884725000000004,185.75,0.032232186563263349,1.7576775744937816,0.032884725000000004,185.75,3.0607926085435989e-06
multizone_office_simple_air,27,multizone_office_simple_air:day027,0,zone_bias_positive,tuned_rule_based,192,144,9,a2c6cd6c51e698e8c2dd313c926fcd856086a59bfa1b3617ab64653be67676d3,0a355ba2fc1fd935b99115fbeb1ff95147f1958b2fc27787c05dc48ec5cd0d40,40.469898421880274,0.85072637260229556,368.19483886336832,0,0.44444444444444442,0.55555555555555558,4,1.7576655568456956,0,0.3435326624636808,0.032232353415347241,0.11714463790011514,0.027856584465591916,7.9599752753470245e-06,0.032884725000000004,185.75,0.032232186563263349,1.7576775744937816,0.032884725000000004,185.75,2.5045748278694535e-06
multizone_office_simple_air,27,multizone_office_simple_air:day027,0,zone_drift_negative,constant_zero,192,144,0,a2c6cd6c51e698e8c2dd313c926fcd856086a59bfa1b3617ab64653be67676d3,0a355ba2fc1fd935b99115fbeb1ff95147f1958b2fc27787c05dc48ec5cd0d40,40.475113246800163,0.85069536985713512,368.22561474908218,0,1,0,0,1.7576775744937816,0,0.34353087026648416,0.032232186563263349,0.11714402676087106,0.027856584465591916,8.0276353890428442e-06,0.032884725000000004,185.75,0.032232186563263349,1.7576775744937816,0.032884725000000004,185.75,0
multizone_office_simple_air,27,multizone_office_simple_air:day027,0,zone_drift_negative,deterministic_wm,192,144,9,a2c6cd6c51e698e8c2dd313c926fcd856086a59bfa1b3617ab64653be67676d3,0a355ba2fc1fd935b99115fbeb1ff95147f1958b2fc27787c05dc48ec5cd0d40,40.47444076618244,0.85079522155869824,368.22543555170739,0.66666666666666663,0,0.33333333333333331,4,1.7576675986405419,0,0.34353333223249449,0.032232392645916104,0.11714486629128062,0.027856584465591916,1.7785709773890842e-05,0.032884725000000004,185.75,0.032232186563263349,1.7576775744937816,0.032884725000000004,185.75,3.1065571041551339e-06
multizone_office_simple_air,27,multizone_office_simple_air:day027,0,zone_drift_negative,direct_h8_rssm,192,144,9,a2c6cd6c51e698e8c2dd313c926fcd856086a59bfa1b3617ab64653be67676d3,0a355ba2fc1fd935b99115fbeb1ff95147f1958b2fc27787c05dc48ec5cd0d40,40.481396907829108,0.85079352842868161,368.26746594181691,0.44444444444444442,0,0.55555555555555558,4,1.757673949433701,0,0.34353089827752659,0.032232209583796016,0.11714403631263653,0.027856584465591916,3.2178810545703292e-05,0.032884725000000004,185.75,0.032232186563263349,1.7576775744937816,0.032884725000000004,185.75,3.4026072759684609e-07
multizone_office_simple_air,27,multizone_office_simple_air:day027,0,zone_drift_negative,legacy_rssm,192,144,9,a2c6cd6c51e698e8c2dd313c926fcd856086a59bfa1b3617ab64653be67676d3,0a355ba2fc1fd935b99115fbeb1ff95147f1958b2fc27787c05dc48ec5cd0d40,40.481396907829108,0.85079352842868161,368.26746594181691,0.44444444444444442,0,0.55555555555555558,4,1.757673949433701,0,0.34353089827752659,0.032232209583796016,0.11714403631263653,0.027856584465591916,3.2797205094475601e-05,0.032884725000000004,185.75,0.032232186563263349,1.7576775744937816,0.032884725000000004,185.75,3.4026072759684609e-07
multizone_office_simple_air,27,multizone_office_simple_air:day027,0,zone_drift_negative,rc_supervisory_selector,192,144,9,a2c6cd6c51e698e8c2dd313c926fcd856086a59bfa1b3617ab64653be67676d3,0a355ba2fc1fd935b99115fbeb1ff95147f1958b2fc27787c05dc48ec5cd0d40,40.470833957306283,0.85068011522473341,368.20042000809985,0,0.22222222222222221,0.77777777777777779,3,1.7576702303997962,0,0.34353202630200053,0.032232256138462291,0.11714442096898219,0.027856584465591916,8.8894304804776982e-06,0.032884725000000004,185.75,0.032232186563263349,1.7576775744937816,0.032884725000000004,185.75,1.0380962366691958e-06
multizone_office_simple_air,27,multizone_office_simple_air:day027,0,zone_drift_negative,tuned_rule_based,192,144,9,a2c6cd6c51e698e8c2dd313c926fcd856086a59bfa1b3617ab64653be67676d3,0a355ba2fc1fd935b99115fbeb1ff95147f1958b2fc27787c05dc48ec5cd0d40,40.469898421880274,0.85072637260229556,368.19483886336832,0,0.44444444444444442,0.55555555555555558,4,1.7576655568456956,0,0.3435326624636808,0.032232353415347241,0.11714463790011514,0.027856584465591916,7.9641819277636325e-06,0.032884725000000004,185.75,0.032232186563263349,1.7576775744937816,0.032884725000000004,185.75,2.5045748278694535e-06
multizone_office_simple_air,27,multizone_office_simple_air:day027,0,zone_drift_positive,constant_zero,192,144,0,a2c6cd6c51e698e8c2dd313c926fcd856086a59bfa1b3617ab64653be67676d3,0a355ba2fc1fd935b99115fbeb1ff95147f1958b2fc27787c05dc48ec5cd0d40,40.475113246800163,0.85069536985713512,368.22561474908218,0,1,0,0,1.7576775744937816,0,0.34353087026648416,0.032232186563263349,0.11714402676087106,0.027856584465591916,7.8192153872966492e-06,0.032884725000000004,185.75,0.032232186563263349,1.7576775744937816,0.032884725000000004,185.75,0
multizone_office_simple_air,27,multizone_office_simple_air:day027,0,zone_drift_positive,deterministic_wm,192,144,9,a2c6cd6c51e698e8c2dd313c926fcd856086a59bfa1b3617ab64653be67676d3,0a355ba2fc1fd935b99115fbeb1ff95147f1958b2fc27787c05dc48ec5cd0d40,40.47444076618244,0.85079522155869824,368.22543555170739,0.66666666666666663,0,0.33333333333333331,4,1.7576675986405419,0,0.34353333223249449,0.032232392645916104,0.11714486629128062,0.027856584465591916,1.8238828513704116e-05,0.032884725000000004,185.75,0.032232186563263349,1.7576775744937816,0.032884725000000004,185.75,3.1065571041551339e-06
multizone_office_simple_air,27,multizone_office_simple_air:day027,0,zone_drift_positive,direct_h8_rssm,192,144,9,a2c6cd6c51e698e8c2dd313c926fcd856086a59bfa1b3617ab64653be67676d3,0a355ba2fc1fd935b99115fbeb1ff95147f1958b2fc27787c05dc48ec5cd0d40,40.481396907829108,0.85079352842868161,368.26746594181691,0.44444444444444442,0,0.55555555555555558,4,1.757673949433701,0,0.34353089827752659,0.032232209583796016,0.11714403631263653,0.027856584465591916,3.1341100030336496e-05,0.032884725000000004,185.75,0.032232186563263349,1.7576775744937816,0.032884725000000004,185.75,3.4026072759684609e-07
multizone_office_simple_air,27,multizone_office_simple_air:day027,0,zone_drift_positive,legacy_rssm,192,144,9,a2c6cd6c51e698e8c2dd313c926fcd856086a59bfa1b3617ab64653be67676d3,0a355ba2fc1fd935b99115fbeb1ff95147f1958b2fc27787c05dc48ec5cd0d40,40.481396907829108,0.85079352842868161,368.26746594181691,0.44444444444444442,0,0.55555555555555558,4,1.757673949433701,0,0.34353089827752659,0.032232209583796016,0.11714403631263653,0.027856584465591916,3.242396836782903e-05,0.032884725000000004,185.75,0.032232186563263349,1.7576775744937816,0.032884725000000004,185.75,3.4026072759684609e-07
multizone_office_simple_air,27,multizone_office_simple_air:day027,0,zone_drift_positive,rc_supervisory_selector,192,144,9,a2c6cd6c51e698e8c2dd313c926fcd856086a59bfa1b3617ab64653be67676d3,0a355ba2fc1fd935b99115fbeb1ff95147f1958b2fc27787c05dc48ec5cd0d40,40.471188158071854,0.85071728784066636,368.20372588495729,0,0,1,1,1.7576708720139511,0,0.34353300818972865,0.032232389056500388,0.11714475579269749,0.027856584465591916,8.9734054152670112e-06,0.032884725000000004,185.75,0.032232186563263349,1.7576775744937816,0.032884725000000004,185.75,3.0607926085435989e-06
multizone_office_simple_air,27,multizone_office_simple_air:day027,0,zone_drift_positive,tuned_rule_based,192,144,9,a2c6cd6c51e698e8c2dd313c926fcd856086a59bfa1b3617ab64653be67676d3,0a355ba2fc1fd935b99115fbeb1ff95147f1958b2fc27787c05dc48ec5cd0d40,40.469898421880274,0.85072637260229556,368.19483886336832,0,0.44444444444444442,0.55555555555555558,4,1.7576655568456956,0,0.3435326624636808,0.032232353415347241,0.11714463790011514,0.027856584465591916,7.7461877349090123e-06,0.032884725000000004,185.75,0.032232186563263349,1.7576775744937816,0.032884725000000004,185.75,2.5045748278694535e-06
multizone_office_simple_air,27,multizone_office_simple_air:day027,0,zone_stuck,constant_zero,192,144,0,a2c6cd6c51e698e8c2dd313c926fcd856086a59bfa1b3617ab64653be67676d3,0a355ba2fc1fd935b99115fbeb1ff95147f1958b2fc27787c05dc48ec5cd0d40,40.475113246800163,0.85069536985713512,368.22561474908218,0,1,0,0,1.7576775744937816,0,0.34353087026648416,0.032232186563263349,0.11714402676087106,0.027856584465591916,7.8261099699418722e-06,0.032884725000000004,185.75,0.032232186563263349,1.7576775744937816,0.032884725000000004,185.75,0
multizone_office_simple_air,27,multizone_office_simple_air:day027,0,zone_stuck,deterministic_wm,192,144,9,a2c6cd6c51e698e8c2dd313c926fcd856086a59bfa1b3617ab64653be67676d3,0a355ba2fc1fd935b99115fbeb1ff95147f1958b2fc27787c05dc48ec5cd0d40,40.47444076618244,0.85079522155869824,368.22543555170739,0.66666666666666663,0,0.33333333333333331,4,1.7576675986405419,0,0.34353333223249449,0.032232392645916104,0.11714486629128062,0.027856584465591916,1.7454737906819381e-05,0.032884725000000004,185.75,0.032232186563263349,1.7576775744937816,0.032884725000000004,185.75,3.1065571041551339e-06
multizone_office_simple_air,27,multizone_office_simple_air:day027,0,zone_stuck,direct_h8_rssm,192,144,9,a2c6cd6c51e698e8c2dd313c926fcd856086a59bfa1b3617ab64653be67676d3,0a355ba2fc1fd935b99115fbeb1ff95147f1958b2fc27787c05dc48ec5cd0d40,40.481396907829108,0.85079352842868161,368.26746594181691,0.44444444444444442,0,0.55555555555555558,4,1.757673949433701,0,0.34353089827752659,0.032232209583796016,0.11714403631263653,0.027856584465591916,3.2421310950740254e-05,0.032884725000000004,185.75,0.032232186563263349,1.7576775744937816,0.032884725000000004,185.75,3.4026072759684609e-07
multizone_office_simple_air,27,multizone_office_simple_air:day027,0,zone_stuck,legacy_rssm,192,144,9,a2c6cd6c51e698e8c2dd313c926fcd856086a59bfa1b3617ab64653be67676d3,0a355ba2fc1fd935b99115fbeb1ff95147f1958b2fc27787c05dc48ec5cd0d40,40.481396907829108,0.85079352842868161,368.26746594181691,0.44444444444444442,0,0.55555555555555558,4,1.757673949433701,0,0.34353089827752659,0.032232209583796016,0.11714403631263653,0.027856584465591916,3.1620436729977058e-05,0.032884725000000004,185.75,0.032232186563263349,1.7576775744937816,0.032884725000000004,185.75,3.4026072759684609e-07
multizone_office_simple_air,27,multizone_office_simple_air:day027,0,zone_stuck,rc_supervisory_selector,192,144,9,a2c6cd6c51e698e8c2dd313c926fcd856086a59bfa1b3617ab64653be67676d3,0a355ba2fc1fd935b99115fbeb1ff95147f1958b2fc27787c05dc48ec5cd0d40,40.471188158071854,0.85071728784066636,368.20372588495729,0,0,1,1,1.7576708720139511,0,0.34353300818972865,0.032232389056500388,0.11714475579269749,0.027856584465591916,8.8418188866243038e-06,0.032884725000000004,185.75,0.032232186563263349,1.7576775744937816,0.032884725000000004,185.75,3.0607926085435989e-06
multizone_office_simple_air,27,multizone_office_simple_air:day027,0,zone_stuck,tuned_rule_based,192,144,9,a2c6cd6c51e698e8c2dd313c926fcd856086a59bfa1b3617ab64653be67676d3,0a355ba2fc1fd935b99115fbeb1ff95147f1958b2fc27787c05dc48ec5cd0d40,40.469898421880274,0.85072637260229556,368.19483886336832,0,0.44444444444444442,0.55555555555555558,4,1.7576655568456956,0,0.3435326624636808,0.032232353415347241,0.11714463790011514,0.027856584465591916,7.6918438328359609e-06,0.032884725000000004,185.75,0.032232186563263349,1.7576775744937816,0.032884725000000004,185.75,2.5045748278694535e-06
multizone_office_simple_air,36,multizone_office_simple_air:day036,0,clean,constant_zero,192,144,0,3f9ac2a5464ac7bc9d9d3398a382e3edc7c841215a7740b095cc368e6ef9a8a5,5558d37d8f22ddd3ed96549f50c0eeb1ea77ef1231aab9ee5227a7857c10a134,38.66571326549051,0.74918071074853287,379.95149819135281,0,1,0,0,1.8919021644153311,0,0.34753787119919582,0.030901129947008023,0.11851041407892576,0.030753559677318874,7.7264110594034348e-06,0.032884725000000004,185.75,0.030901129947008023,1.8919021644153311,0.032884725000000004,185.75,0
multizone_office_simple_air,36,multizone_office_simple_air:day036,0,clean,deterministic_wm,192,144,9,3f9ac2a5464ac7bc9d9d3398a382e3edc7c841215a7740b095cc368e6ef9a8a5,5558d37d8f22ddd3ed96549f50c0eeb1ea77ef1231aab9ee5227a7857c10a134,38.668103183659632,0.74908601464571234,379.95641040456644,0.66666666666666663,0,0.33333333333333331,4,1.8919168965460993,0,0.34753579707429277,0.030900836742382868,0.11850970680233384,0.030753559677318874,1.7470916805744448e-05,0.032884725000000004,185.75,0.030901129947008023,1.8919021644153311,0.032884725000000004,185.75,-4.4184113568094273e-06
multizone_office_simple_air,36,multizone_office_simple_air:day036,0,clean,direct_h8_rssm,192,144,9,3f9ac2a5464ac7bc9d9d3398a382e3edc7c841215a7740b095cc368e6ef9a8a5,5558d37d8f22ddd3ed96549f50c0eeb1ea77ef1231aab9ee5227a7857c10a134,38.671076613487848,0.74910498541240145,379.98698913213059,0.44444444444444442,0,0.55555555555555558,4,1.8919116563267162,0,0.3475368126506756,0.030901001241772953,0.11851005311388041,0.030753559677318874,3.1022445763038165e-05,0.032884725000000004,185.75,0.030901129947008023,1.8919021644153311,0.032884725000000004,185.75,-1.9313649472417337e-06
multizone_office_simple_air,36,multizone_office_simple_air:day036,0,clean,legacy_rssm,192,144,9,3f9ac2a5464ac7bc9d9d3398a382e3edc7c841215a7740b095cc368e6ef9a8a5,5558d37d8f22ddd3ed96549f50c0eeb1ea77ef1231aab9ee5227a7857c10a134,38.675464519539375,0.74910498541240145,380.01561818560646,0.33333333333333331,0,0.66666666666666663,4,1.8919144590531805,0,0.34753700738889343,0.030901035834487202,0.11851011951961266,0.030753559677318874,3.2155892403754049e-05,0.032884725000000004,185.75,0.030901129947008023,1.8919021644153311,0.032884725000000004,185.75,-1.3978512554512336e-06
multizone_office_simple_air,36,multizone_office_simple_air:day036,0,clean,rc_supervisory_selector,192,144,9,3f9ac2a5464ac7bc9d9d3398a382e3edc7c841215a7740b095cc368e6ef9a8a5,5558d37d8f22ddd3ed96549f50c0eeb1ea77ef1231aab9ee5227a7857c10a134,38.668858308114089,0.74898612679294274,379.95263992750654,0,0,1,1,1.8919213082423607,0,0.34753528614526658,0.030900809907492558,0.1185095325755359,0.030753559677318874,8.9074165894584367e-06,0.032884725000000004,185.75,0.030901129947008023,1.8919021644153311,0.032884725000000004,185.75,-4.8145505127596891e-06
multizone_office_simple_air,36,multizone_office_simple_air:day036,0,clean,tuned_rule_based,192,144,9,3f9ac2a5464ac7bc9d9d3398a382e3edc7c841215a7740b095cc368e6ef9a8a5,5558d37d8f22ddd3ed96549f50c0eeb1ea77ef1231aab9ee5227a7857c10a134,38.668760159538103,0.74901861077859166,379.96937405821654,0,0.44444444444444442,0.55555555555555558,4,1.8919113211391114,0,0.34753613147612961,0.03090093504771366,0.11850982083336026,0.030753559677318874,7.9865619288827852e-06,0.032884725000000004,185.75,0.030901129947008023,1.8919021644153311,0.032884725000000004,185.75,-2.9387232281060959e-06
multizone_office_simple_air,36,multizone_office_simple_air:day036,0,zone_bias_negative,constant_zero,192,144,0,3f9ac2a5464ac7bc9d9d3398a382e3edc7c841215a7740b095cc368e6ef9a8a5,5558d37d8f22ddd3ed96549f50c0eeb1ea77ef1231aab9ee5227a7857c10a134,38.66571326549051,0.74918071074853287,379.95149819135281,0,1,0,0,1.8919021644153311,0,0.34753787119919582,0.030901129947008023,0.11851041407892576,0.030753559677318874,7.7013209366812271e-06,0.032884725000000004,185.75,0.030901129947008023,1.8919021644153311,0.032884725000000004,185.75,0
multizone_office_simple_air,36,multizone_office_simple_air:day036,0,zone_bias_negative,deterministic_wm,192,144,9,3f9ac2a5464ac7bc9d9d3398a382e3edc7c841215a7740b095cc368e6ef9a8a5,5558d37d8f22ddd3ed96549f50c0eeb1ea77ef1231aab9ee5227a7857c10a134,38.668103183659632,0.74908601464571234,379.95641040456644,0.66666666666666663,0,0.33333333333333331,4,1.8919168965460993,0,0.34753579707429277,0.030900836742382868,0.11850970680233384,0.030753559677318874,1.7348204052954516e-05,0.032884725000000004,185.75,0.030901129947008023,1.8919021644153311,0.032884725000000004,185.75,-4.4184113568094273e-06
multizone_office_simple_air,36,multizone_office_simple_air:day036,0,zone_bias_negative,direct_h8_rssm,192,144,9,3f9ac2a5464ac7bc9d9d3398a382e3edc7c841215a7740b095cc368e6ef9a8a5,5558d37d8f22ddd3ed96549f50c0eeb1ea77ef1231aab9ee5227a7857c10a134,38.668504301049964,0.74908601464571234,379.95896939790231,0.55555555555555558,0,0.44444444444444442,4,1.8919185717786022,0,0.34753583982684133,0.030900843363704987,0.11850972138095291,0.030753559677318874,3.1402005644438227e-05,0.032884725000000004,185.75,0.030901129947008023,1.8919021644153311,0.032884725000000004,185.75,-4.3132272450697685e-06
multizone_office_simple_air,36,multizone_office_simple_air:day036,0,zone_bias_negative,legacy_rssm,192,144,9,3f9ac2a5464ac7bc9d9d3398a382e3edc7c841215a7740b095cc368e6ef9a8a5,5558d37d8f22ddd3ed96549f50c0eeb1ea77ef1231aab9ee5227a7857c10a134,38.675464519539375,0.74910498541240145,380.01561818560646,0.33333333333333331,0,0.66666666666666663,4,1.8919144590531805,0,0.34753700738889343,0.030901035834487202,0.11851011951961266,0.030753559677318874,3.1202165382833517e-05,0.032884725000000004,185.75,0.030901129947008023,1.8919021644153311,0.032884725000000004,185.75,-1.3978512554512336e-06
multizone_office_simple_air,36,multizone_office_simple_air:day036,0,zone_bias_negative,rc_supervisory_selector,192,144,9,3f9ac2a5464ac7bc9d9d3398a382e3edc7c841215a7740b095cc368e6ef9a8a5,5558d37d8f22ddd3ed96549f50c0eeb1ea77ef1231aab9ee5227a7857c10a134,38.668139422232372,0.74895882478048748,379.94798132532719,0,0.1111111111111111,0.88888888888888884,3,1.8919238820332249,0,0.34753500515119573,0.030900804129982914,0.11850943675655776,0.030753559677318874,8.6746609717208734e-06,0.032884725000000004,185.75,0.030901129947008023,1.8919021644153311,0.032884725000000004,185.75,-4.8954672912075282e-06
multizone_office_simple_air,36,multizone_office_simple_air:day036,0,zone_bias_negative,tuned_rule_based,192,144,9,3f9ac2a5464ac7bc9d9d3398a382e3edc7c841215a7740b095cc368e6ef9a8a5,5558d37d8f22ddd3ed96549f50c0eeb1ea77ef1231aab9ee5227a7857c10a134,38.668760159538103,0.74901861077859166,379.96937405821654,0,0.44444444444444442,0.55555555555555558,4,1.8919113211391114,0,0.34753613147612961,0.03090093504771366,0.11850982083336026,0.030753559677318874,7.8899656498827439e-06,0.032884725000000004,185.75,0.030901129947008023,1.8919021644153311,0.032884725000000004,185.75,-2.9387232281060959e-06
multizone_office_simple_air,36,multizone_office_simple_air:day036,0,zone_bias_positive,constant_zero,192,144,0,3f9ac2a5464ac7bc9d9d3398a382e3edc7c841215a7740b095cc368e6ef9a8a5,5558d37d8f22ddd3ed96549f50c0eeb1ea77ef1231aab9ee5227a7857c10a134,38.66571326549051,0.74918071074853287,379.95149819135281,0,1,0,0,1.8919021644153311,0,0.34753787119919582,0.030901129947008023,0.11851041407892576,0.030753559677318874,7.7186884610995508e-06,0.032884725000000004,185.75,0.030901129947008023,1.8919021644153311,0.032884725000000004,185.75,0
multizone_office_simple_air,36,multizone_office_simple_air:day036,0,zone_bias_positive,deterministic_wm,192,144,9,3f9ac2a5464ac7bc9d9d3398a382e3edc7c841215a7740b095cc368e6ef9a8a5,5558d37d8f22ddd3ed96549f50c0eeb1ea77ef1231aab9ee5227a7857c10a134,38.668103183659632,0.74908601464571234,379.95641040456644,0.66666666666666663,0,0.33333333333333331,4,1.8919168965460993,0,0.34753579707429277,0.030900836742382868,0.11850970680233384,0.030753559677318874,1.7639463068511055e-05,0.032884725000000004,185.75,0.030901129947008023,1.8919021644153311,0.032884725000000004,185.75,-4.4184113568094273e-06
multizone_office_simple_air,36,multizone_office_simple_air:day036,0,zone_bias_positive,direct_h8_rssm,192,144,9,3f9ac2a5464ac7bc9d9d3398a382e3edc7c841215a7740b095cc368e6ef9a8a5,5558d37d8f22ddd3ed96549f50c0eeb1ea77ef1231aab9ee5227a7857c10a134,38.671076613487848,0.74910498541240145,379.98698913213059,0.44444444444444442,0,0.55555555555555558,4,1.8919116563267162,0,0.3475368126506756,0.030901001241772953,0.11851005311388041,0.030753559677318874,3.2020591593815041e-05,0.032884725000000004,185.75,0.030901129947008023,1.8919021644153311,0.032884725000000004,185.75,-1.9313649472417337e-06
multizone_office_simple_air,36,multizone_office_simple_air:day036,0,zone_bias_positive,legacy_rssm,192,144,9,3f9ac2a5464ac7bc9d9d3398a382e3edc7c841215a7740b095cc368e6ef9a8a5,5558d37d8f22ddd3ed96549f50c0eeb1ea77ef1231aab9ee5227a7857c10a134,38.675464519539375,0.74910498541240145,380.01561818560646,0.33333333333333331,0,0.66666666666666663,4,1.8919144590531805,0,0.34753700738889343,0.030901035834487202,0.11851011951961266,0.030753559677318874,3.1123129415817215e-05,0.032884725000000004,185.75,0.030901129947008023,1.8919021644153311,0.032884725000000004,185.75,-1.3978512554512336e-06
multizone_office_simple_air,36,multizone_office_simple_air:day036,0,zone_bias_positive,rc_supervisory_selector,192,144,9,3f9ac2a5464ac7bc9d9d3398a382e3edc7c841215a7740b095cc368e6ef9a8a5,5558d37d8f22ddd3ed96549f50c0eeb1ea77ef1231aab9ee5227a7857c10a134,38.668858308114089,0.74898612679294274,379.95263992750654,0,0,1,1,1.8919213082423607,0,0.34753528614526658,0.030900809907492558,0.1185095325755359,0.030753559677318874,8.7838827558143528e-06,0.032884725000000004,185.75,0.030901129947008023,1.8919021644153311,0.032884725000000004,185.75,-4.8145505127596891e-06
multizone_office_simple_air,36,multizone_office_simple_air:day036,0,zone_bias_positive,tuned_rule_based,192,144,9,3f9ac2a5464ac7bc9d9d3398a382e3edc7c841215a7740b095cc368e6ef9a8a5,5558d37d8f22ddd3ed96549f50c0eeb1ea77ef1231aab9ee5227a7857c10a134,38.668760159538103,0.74901861077859166,379.96937405821654,0,0.44444444444444442,0.55555555555555558,4,1.8919113211391114,0,0.34753613147612961,0.03090093504771366,0.11850982083336026,0.030753559677318874,7.7619810587032517e-06,0.032884725000000004,185.75,0.030901129947008023,1.8919021644153311,0.032884725000000004,185.75,-2.9387232281060959e-06
multizone_office_simple_air,36,multizone_office_simple_air:day036,0,zone_drift_negative,constant_zero,192,144,0,3f9ac2a5464ac7bc9d9d3398a382e3edc7c841215a7740b095cc368e6ef9a8a5,5558d37d8f22ddd3ed96549f50c0eeb1ea77ef1231aab9ee5227a7857c10a134,38.66571326549051,0.74918071074853287,379.95149819135281,0,1,0,0,1.8919021644153311,0,0.34753787119919582,0.030901129947008023,0.11851041407892576,0.030753559677318874,7.6155179874227096e-06,0.032884725000000004,185.75,0.030901129947008023,1.8919021644153311,0.032884725000000004,185.75,0
multizone_office_simple_air,36,multizone_office_simple_air:day036,0,zone_drift_negative,deterministic_wm,192,144,9,3f9ac2a5464ac7bc9d9d3398a382e3edc7c841215a7740b095cc368e6ef9a8a5,5558d37d8f22ddd3ed96549f50c0eeb1ea77ef1231aab9ee5227a7857c10a134,38.668103183659632,0.74908601464571234,379.95641040456644,0.66666666666666663,0,0.33333333333333331,4,1.8919168965460993,0,0.34753579707429277,0.030900836742382868,0.11850970680233384,0.030753559677318874,1.7647207858189376e-05,0.032884725000000004,185.75,0.030901129947008023,1.8919021644153311,0.032884725000000004,185.75,-4.4184113568094273e-06
multizone_office_simple_air,36,multizone_office_simple_air:day036,0,zone_drift_negative,direct_h8_rssm,192,144,9,3f9ac2a5464ac7bc9d9d3398a382e3edc7c841215a7740b095cc368e6ef9a8a5,5558d37d8f22ddd3ed96549f50c0eeb1ea77ef1231aab9ee5227a7857c10a134,38.671076613487848,0.74910498541240145,379.98698913213059,0.44444444444444442,0,0.55555555555555558,4,1.8919116563267162,0,0.3475368126506756,0.030901001241772953,0.11851005311388041,0.030753559677318874,3.1866165979994529e-05,0.032884725000000004,185.75,0.030901129947008023,1.8919021644153311,0.032884725000000004,185.75,-1.9313649472417337e-06
multizone_office_simple_air,36,multizone_office_simple_air:day036,0,zone_drift_negative,legacy_rssm,192,144,9,3f9ac2a5464ac7bc9d9d3398a382e3edc7c841215a7740b095cc368e6ef9a8a5,5558d37d8f22ddd3ed96549f50c0eeb1ea77ef1231aab9ee5227a7857c10a134,38.675464519539375,0.74910498541240145,380.01561818560646,0.33333333333333331,0,0.66666666666666663,4,1.8919144590531805,0,0.34753700738889343,0.030901035834487202,0.11851011951961266,0.030753559677318874,3.1207743739582481e-05,0.032884725000000004,185.75,0.030901129947008023,1.8919021644153311,0.032884725000000004,185.75,-1.3978512554512336e-06
multizone_office_simple_air,36,multizone_office_simple_air:day036,0,zone_drift_negative,rc_supervisory_selector,192,144,9,3f9ac2a5464ac7bc9d9d3398a382e3edc7c841215a7740b095cc368e6ef9a8a5,5558d37d8f22ddd3ed96549f50c0eeb1ea77ef1231aab9ee5227a7857c10a134,38.668858308114089,0.74898612679294274,379.95263992750654,0,0,1,1,1.8919213082423607,0,0.34753528614526658,0.030900809907492558,0.1185095325755359,0.030753559677318874,8.7078509461123833e-06,0.032884725000000004,185.75,0.030901129947008023,1.8919021644153311,0.032884725000000004,185.75,-4.8145505127596891e-06
multizone_office_simple_air,36,multizone_office_simple_air:day036,0,zone_drift_negative,tuned_rule_based,192,144,9,3f9ac2a5464ac7bc9d9d3398a382e3edc7c841215a7740b095cc368e6ef9a8a5,5558d37d8f22ddd3ed96549f50c0eeb1ea77ef1231aab9ee5227a7857c10a134,38.668760159538103,0.74901861077859166,379.96937405821654,0,0.44444444444444442,0.55555555555555558,4,1.8919113211391114,0,0.34753613147612961,0.03090093504771366,0.11850982083336026,0.030753559677318874,7.7828478854780224e-06,0.032884725000000004,185.75,0.030901129947008023,1.8919021644153311,0.032884725000000004,185.75,-2.9387232281060959e-06
multizone_office_simple_air,36,multizone_office_simple_air:day036,0,zone_drift_positive,constant_zero,192,144,0,3f9ac2a5464ac7bc9d9d3398a382e3edc7c841215a7740b095cc368e6ef9a8a5,5558d37d8f22ddd3ed96549f50c0eeb1ea77ef1231aab9ee5227a7857c10a134,38.66571326549051,0.74918071074853287,379.95149819135281,0,1,0,0,1.8919021644153311,0,0.34753787119919582,0.030901129947008023,0.11851041407892576,0.030753559677318874,7.7279700034575944e-06,0.032884725000000004,185.75,0.030901129947008023,1.8919021644153311,0.032884725000000004,185.75,0
multizone_office_simple_air,36,multizone_office_simple_air:day036,0,zone_drift_positive,deterministic_wm,192,144,9,3f9ac2a5464ac7bc9d9d3398a382e3edc7c841215a7740b095cc368e6ef9a8a5,5558d37d8f22ddd3ed96549f50c0eeb1ea77ef1231aab9ee5227a7857c10a134,38.668103183659632,0.74908601464571234,379.95641040456644,0.66666666666666663,0,0.33333333333333331,4,1.8919168965460993,0,0.34753579707429277,0.030900836742382868,0.11850970680233384,0.030753559677318874,1.7118266739770382e-05,0.032884725000000004,185.75,0.030901129947008023,1.8919021644153311,0.032884725000000004,185.75,-4.4184113568094273e-06
multizone_office_simple_air,36,multizone_office_simple_air:day036,0,zone_drift_positive,direct_h8_rssm,192,144,9,3f9ac2a5464ac7bc9d9d3398a382e3edc7c841215a7740b095cc368e6ef9a8a5,5558d37d8f22ddd3ed96549f50c0eeb1ea77ef1231aab9ee5227a7857c10a134,38.671076613487848,0.74910498541240145,379.98698913213059,0.44444444444444442,0,0.55555555555555558,4,1.8919116563267162,0,0.3475368126506756,0.030901001241772953,0.11851005311388041,0.030753559677318874,3.2138799497594386e-05,0.032884725000000004,185.75,0.030901129947008023,1.8919021644153311,0.032884725000000004,185.75,-1.9313649472417337e-06
multizone_office_simple_air,36,multizone_office_simple_air:day036,0,zone_drift_positive,legacy_rssm,192,144,9,3f9ac2a5464ac7bc9d9d3398a382e3edc7c841215a7740b095cc368e6ef9a8a5,5558d37d8f22ddd3ed96549f50c0eeb1ea77ef1231aab9ee5227a7857c10a134,38.675464519539375,0.74910498541240145,380.01561818560646,0.33333333333333331,0,0.66666666666666663,4,1.8919144590531805,0,0.34753700738889343,0.030901035834487202,0.11851011951961266,0.030753559677318874,3.1200682721628986e-05,0.032884725000000004,185.75,0.030901129947008023,1.8919021644153311,0.032884725000000004,185.75,-1.3978512554512336e-06
multizone_office_simple_air,36,multizone_office_simple_air:day036,0,zone_drift_positive,rc_supervisory_selector,192,144,9,3f9ac2a5464ac7bc9d9d3398a382e3edc7c841215a7740b095cc368e6ef9a8a5,5558d37d8f22ddd3ed96549f50c0eeb1ea77ef1231aab9ee5227a7857c10a134,38.668858308114089,0.74898612679294274,379.95263992750654,0,0,1,1,1.8919213082423607,0,0.34753528614526658,0.030900809907492558,0.1185095325755359,0.030753559677318874,8.7310131931804246e-06,0.032884725000000004,185.75,0.030901129947008023,1.8919021644153311,0.032884725000000004,185.75,-4.8145505127596891e-06
multizone_office_simple_air,36,multizone_office_simple_air:day036,0,zone_drift_positive,tuned_rule_based,192,144,9,3f9ac2a5464ac7bc9d9d3398a382e3edc7c841215a7740b095cc368e6ef9a8a5,5558d37d8f22ddd3ed96549f50c0eeb1ea77ef1231aab9ee5227a7857c10a134,38.668760159538103,0.74901861077859166,379.96937405821654,0,0.44444444444444442,0.55555555555555558,4,1.8919113211391114,0,0.34753613147612961,0.03090093504771366,0.11850982083336026,0.030753559677318874,7.7047578257970725e-06,0.032884725000000004,185.75,0.030901129947008023,1.8919021644153311,0.032884725000000004,185.75,-2.9387232281060959e-06
multizone_office_simple_air,36,multizone_office_simple_air:day036,0,zone_stuck,constant_zero,192,144,0,3f9ac2a5464ac7bc9d9d3398a382e3edc7c841215a7740b095cc368e6ef9a8a5,5558d37d8f22ddd3ed96549f50c0eeb1ea77ef1231aab9ee5227a7857c10a134,38.66571326549051,0.74918071074853287,379.95149819135281,0,1,0,0,1.8919021644153311,0,0.34753787119919582,0.030901129947008023,0.11851041407892576,0.030753559677318874,7.7794428964629291e-06,0.032884725000000004,185.75,0.030901129947008023,1.8919021644153311,0.032884725000000004,185.75,0
multizone_office_simple_air,36,multizone_office_simple_air:day036,0,zone_stuck,deterministic_wm,192,144,9,3f9ac2a5464ac7bc9d9d3398a382e3edc7c841215a7740b095cc368e6ef9a8a5,5558d37d8f22ddd3ed96549f50c0eeb1ea77ef1231aab9ee5227a7857c10a134,38.668103183659632,0.74908601464571234,379.95641040456644,0.66666666666666663,0,0.33333333333333331,4,1.8919168965460993,0,0.34753579707429277,0.030900836742382868,0.11850970680233384,0.030753559677318874,1.7836847022357828e-05,0.032884725000000004,185.75,0.030901129947008023,1.8919021644153311,0.032884725000000004,185.75,-4.4184113568094273e-06
multizone_office_simple_air,36,multizone_office_simple_air:day036,0,zone_stuck,direct_h8_rssm,192,144,9,3f9ac2a5464ac7bc9d9d3398a382e3edc7c841215a7740b095cc368e6ef9a8a5,5558d37d8f22ddd3ed96549f50c0eeb1ea77ef1231aab9ee5227a7857c10a134,38.671076613487848,0.74910498541240145,379.98698913213059,0.44444444444444442,0,0.55555555555555558,4,1.8919116563267162,0,0.3475368126506756,0.030901001241772953,0.11851005311388041,0.030753559677318874,3.2020142218482713e-05,0.032884725000000004,185.75,0.030901129947008023,1.8919021644153311,0.032884725000000004,185.75,-1.9313649472417337e-06
multizone_office_simple_air,36,multizone_office_simple_air:day036,0,zone_stuck,legacy_rssm,192,144,9,3f9ac2a5464ac7bc9d9d3398a382e3edc7c841215a7740b095cc368e6ef9a8a5,5558d37d8f22ddd3ed96549f50c0eeb1ea77ef1231aab9ee5227a7857c10a134,38.675464519539375,0.74910498541240145,380.01561818560646,0.33333333333333331,0,0.66666666666666663,4,1.8919144590531805,0,0.34753700738889343,0.030901035834487202,0.11851011951961266,0.030753559677318874,3.1571539423367254e-05,0.032884725000000004,185.75,0.030901129947008023,1.8919021644153311,0.032884725000000004,185.75,-1.3978512554512336e-06
multizone_office_simple_air,36,multizone_office_simple_air:day036,0,zone_stuck,rc_supervisory_selector,192,144,9,3f9ac2a5464ac7bc9d9d3398a382e3edc7c841215a7740b095cc368e6ef9a8a5,5558d37d8f22ddd3ed96549f50c0eeb1ea77ef1231aab9ee5227a7857c10a134,38.668858308114089,0.74898612679294274,379.95263992750654,0,0,1,1,1.8919213082423607,0,0.34753528614526658,0.030900809907492558,0.1185095325755359,0.030753559677318874,8.6248385621892499e-06,0.032884725000000004,185.75,0.030901129947008023,1.8919021644153311,0.032884725000000004,185.75,-4.8145505127596891e-06
multizone_office_simple_air,36,multizone_office_simple_air:day036,0,zone_stuck,tuned_rule_based,192,144,9,3f9ac2a5464ac7bc9d9d3398a382e3edc7c841215a7740b095cc368e6ef9a8a5,5558d37d8f22ddd3ed96549f50c0eeb1ea77ef1231aab9ee5227a7857c10a134,38.668760159538103,0.74901861077859166,379.96937405821654,0,0.44444444444444442,0.55555555555555558,4,1.8919113211391114,0,0.34753613147612961,0.03090093504771366,0.11850982083336026,0.030753559677318874,7.9196535479960031e-06,0.032884725000000004,185.75,0.030901129947008023,1.8919021644153311,0.032884725000000004,185.75,-2.9387232281060959e-06
multizone_office_simple_air,54,multizone_office_simple_air:day054,1,clean,constant_zero,192,144,0,41ca3294b5d6c365d55771a89a2e8b50614c1eb87d846794c1f853b7aa072435,2b705e80bca5abe29b8dfb9f9a27afd2129cd8c5d2cc23a7b99253e0656333ac,16.355948609930486,0.73814634497792042,157.23747103726126,0,1,0,0,1.1193960247794406,0,0.13153379269202572,0.012400170464392948,0.044853023307980792,0.019314814464116422,7.7291877551297911e-06,0.032884725000000004,185.75,0.012400170464392948,1.1193960247794406,0.032884725000000004,185.75,0
multizone_office_simple_air,54,multizone_office_simple_air:day054,1,clean,deterministic_wm,192,144,9,41ca3294b5d6c365d55771a89a2e8b50614c1eb87d846794c1f853b7aa072435,2b705e80bca5abe29b8dfb9f9a27afd2129cd8c5d2cc23a7b99253e0656333ac,16.355930426589012,0.73815185516862414,157.2372346655431,0.22222222222222221,0.44444444444444442,0.33333333333333331,8,1.119392600851469,0,0.13153371579338397,0.012400164899177123,0.044852997085543946,0.019314855666669611,1.8047780197258953e-05,0.032884725000000004,185.75,0.012400170464392948,1.1193960247794406,0.032884725000000004,185.75,-9.3833529787990996e-08
multizone_office_simple_air,54,multizone_office_simple_air:day054,1,clean,direct_h8_rssm,192,144,9,41ca3294b5d6c365d55771a89a2e8b50614c1eb87d846794c1f853b7aa072435,2b705e80bca5abe29b8dfb9f9a27afd2129cd8c5d2cc23a7b99253e0656333ac,16.355960556721143,0.73814865472343172,157.23758784437098,0,0,1,1,1.119388708210856,0,0.13153390775861057,0.012400182631279842,0.044853062545686211,0.019314542213336228,3.252738849446828e-05,0.032884725000000004,185.75,0.012400170464392948,1.1193960247794406,0.032884725000000004,185.75,1.6529831880537872e-07
multizone_office_simple_air,54,multizone_office_simple_air:day054,1,clean,legacy_rssm,192,144,9,41ca3294b5d6c365d55771a89a2e8b50614c1eb87d846794c1f853b7aa072435,2b705e80bca5abe29b8dfb9f9a27afd2129cd8c5d2cc23a7b99253e0656333ac,16.355948294362335,0.7381448942199853,157.23743840433809,0.33333333333333331,0,0.66666666666666663,7,1.119392715291504,0,0.1315339061002361,0.012400180167484271,0.044853061980180527,0.019315033864815253,3.160504978572719e-05,0.032884725000000004,185.75,0.012400170464392948,1.1193960247794406,0.032884725000000004,185.75,1.3862344425670994e-07
multizone_office_simple_air,54,multizone_office_simple_air:day054,1,clean,rc_supervisory_selector,192,144,9,41ca3294b5d6c365d55771a89a2e8b50614c1eb87d846794c1f853b7aa072435,2b705e80bca5abe29b8dfb9f9a27afd2129cd8c5d2cc23a7b99253e0656333ac,16.355959167536287,0.73814263820401038,157.23762213164787,0,0.33333333333333331,0.66666666666666663,4,1.1193896677296815,0,0.13153395128256412,0.012400183649550454,0.044853077387354369,0.019314555760675412,8.6444293849339238e-06,0.032884725000000004,185.75,0.012400170464392948,1.1193960247794406,0.032884725000000004,185.75,1.8336356755575549e-07
multizone_office_simple_air,54,multizone_office_simple_air:day054,1,clean,tuned_rule_based,192,144,9,41ca3294b5d6c365d55771a89a2e8b50614c1eb87d846794c1f853b7aa072435,2b705e80bca5abe29b8dfb9f9a27afd2129cd8c5d2cc23a7b99253e0656333ac,16.355938761901296,0.73814444265966017,157.23740201290005,0,0.44444444444444442,0.55555555555555558,4,1.1193901323780011,0,0.13153368008437372,0.01240016227833564,0.044852984908771432,0.019314492979412554,7.6867606211291141e-06,0.032884725000000004,185.75,0.012400170464392948,1.1193960247794406,0.032884725000000004,185.75,-1.4032706104337089e-07
multizone_office_simple_air,54,multizone_office_simple_air:day054,1,zone_bias_negative,constant_zero,192,144,0,41ca3294b5d6c365d55771a89a2e8b50614c1eb87d846794c1f853b7aa072435,2b705e80bca5abe29b8dfb9f9a27afd2129cd8c5d2cc23a7b99253e0656333ac,16.355948609930486,0.73814634497792042,157.23747103726126,0,1,0,0,1.1193960247794406,0,0.13153379269202572,0.012400170464392948,0.044853023307980792,0.019314814464116422,7.639333493075724e-06,0.032884725000000004,185.75,0.012400170464392948,1.1193960247794406,0.032884725000000004,185.75,0
multizone_office_simple_air,54,multizone_office_simple_air:day054,1,zone_bias_negative,deterministic_wm,192,144,9,41ca3294b5d6c365d55771a89a2e8b50614c1eb87d846794c1f853b7aa072435,2b705e80bca5abe29b8dfb9f9a27afd2129cd8c5d2cc23a7b99253e0656333ac,16.355942130179013,0.73813927197807061,157.23738205831813,0.33333333333333331,0.44444444444444442,0.22222222222222221,7,1.1193905836597087,0,0.1315338186414105,0.012400174308011535,0.044853032156720991,0.019314795385155077,1.7276697896676679e-05,0.032884725000000004,185.75,0.012400170464392948,1.1193960247794406,0.032884725000000004,185.75,4.3794437652270438e-08
multizone_office_simple_air,54,multizone_office_simple_air:day054,1,zone_bias_negative,direct_h8_rssm,192,144,9,41ca3294b5d6c365d55771a89a2e8b50614c1eb87d846794c1f853b7aa072435,2b705e80bca5abe29b8dfb9f9a27afd2129cd8c5d2cc23a7b99253e0656333ac,16.355960556721143,0.73814865472343172,157.23758784437098,0,0,1,1,1.119388708210856,0,0.13153390775861057,0.012400182631279842,0.044853062545686211,0.019314542213336228,3.1376238684795702e-05,0.032884725000000004,185.75,0.012400170464392948,1.1193960247794406,0.032884725000000004,185.75,1.6529831880537872e-07
multizone_office_simple_air,54,multizone_office_simple_air:day054,1,zone_bias_negative,legacy_rssm,192,144,9,41ca3294b5d6c365d55771a89a2e8b50614c1eb87d846794c1f853b7aa072435,2b705e80bca5abe29b8dfb9f9a27afd2129cd8c5d2cc23a7b99253e0656333ac,16.355948294362335,0.7381448942199853,157.23743840433809,0.33333333333333331,0,0.66666666666666663,7,1.119392715291504,0,0.1315339061002361,0.012400180167484271,0.044853061980180527,0.019315033864815253,3.1697035806688064e-05,0.032884725000000004,185.75,0.012400170464392948,1.1193960247794406,0.032884725000000004,185.75,1.3862344425670994e-07
multizone_office_simple_air,54,multizone_office_simple_air:day054,1,zone_bias_negative,rc_supervisory_selector,192,144,9,41ca3294b5d6c365d55771a89a2e8b50614c1eb87d846794c1f853b7aa072435,2b705e80bca5abe29b8dfb9f9a27afd2129cd8c5d2cc23a7b99253e0656333ac,16.355959167536287,0.73814263820401038,157.23762213164787,0,0.33333333333333331,0.66666666666666663,4,1.1193896677296815,0,0.13153395128256412,0.012400183649550454,0.044853077387354369,0.019314555760675412,8.6509744534317727e-06,0.032884725000000004,185.75,0.012400170464392948,1.1193960247794406,0.032884725000000004,185.75,1.8336356755575549e-07
multizone_office_simple_air,54,multizone_office_simple_air:day054,1,zone_bias_negative,tuned_rule_based,192,144,9,41ca3294b5d6c365d55771a89a2e8b50614c1eb87d846794c1f853b7aa072435,2b705e80bca5abe29b8dfb9f9a27afd2129cd8c5d2cc23a7b99253e0656333ac,16.355938761901296,0.73814444265966017,157.23740201290005,0,0.44444444444444442,0.55555555555555558,4,1.1193901323780011,0,0.13153368008437372,0.01240016227833564,0.044852984908771432,0.019314492979412554,7.38670966041303e-06,0.032884725000000004,185.75,0.012400170464392948,1.1193960247794406,0.032884725000000004,185.75,-1.4032706104337089e-07
multizone_office_simple_air,54,multizone_office_simple_air:day054,1,zone_bias_positive,constant_zero,192,144,0,41ca3294b5d6c365d55771a89a2e8b50614c1eb87d846794c1f853b7aa072435,2b705e80bca5abe29b8dfb9f9a27afd2129cd8c5d2cc23a7b99253e0656333ac,16.355948609930486,0.73814634497792042,157.23747103726126,0,1,0,0,1.1193960247794406,0,0.13153379269202572,0.012400170464392948,0.044853023307980792,0.019314814464116422,7.5073808067548126e-06,0.032884725000000004,185.75,0.012400170464392948,1.1193960247794406,0.032884725000000004,185.75,0
multizone_office_simple_air,54,multizone_office_simple_air:day054,1,zone_bias_positive,deterministic_wm,192,144,9,41ca3294b5d6c365d55771a89a2e8b50614c1eb87d846794c1f853b7aa072435,2b705e80bca5abe29b8dfb9f9a27afd2129cd8c5d2cc23a7b99253e0656333ac,16.355954603254062,0.73814102550245764,157.23755888789213,0.1111111111111111,0.55555555555555558,0.33333333333333331,7,1.1193913603423398,0,0.13153386194615502,0.012400177299392938,0.044853046923638867,0.019314574920913385,1.6938370975940433e-05,0.032884725000000004,185.75,0.012400170464392948,1.1193960247794406,0.032884725000000004,185.75,9.1367944706128179e-08
multizone_office_simple_air,54,multizone_office_simple_air:day054,1,zone_bias_positive,direct_h8_rssm,192,144,9,41ca3294b5d6c365d55771a89a2e8b50614c1eb87d846794c1f853b7aa072435,2b705e80bca5abe29b8dfb9f9a27afd2129cd8c5d2cc23a7b99253e0656333ac,16.355960556721143,0.73814865472343172,157.23758784437098,0,0,1,1,1.119388708210856,0,0.13153390775861057,0.012400182631279842,0.044853062545686211,0.019314542213336228,2.9958433159012101e-05,0.032884725000000004,185.75,0.012400170464392948,1.1193960247794406,0.032884725000000004,185.75,1.6529831880537872e-07
multizone_office_simple_air,54,multizone_office_simple_air:day054,1,zone_bias_positive,legacy_rssm,192,144,9,41ca3294b5d6c365d55771a89a2e8b50614c1eb87d846794c1f853b7aa072435,2b705e80bca5abe29b8dfb9f9a27afd2129cd8c5d2cc23a7b99253e0656333ac,16.355948294362335,0.7381448942199853,157.23743840433809,0.33333333333333331,0,0.66666666666666663,7,1.119392715291504,0,0.1315339061002361,0.012400180167484271,0.044853061980180527,0.019315033864815253,3.0858691450188923e-05,0.032884725000000004,185.75,0.012400170464392948,1.1193960247794406,0.032884725000000004,185.75,1.3862344425670994e-07
multizone_office_simple_air,54,multizone_office_simple_air:day054,1,zone_bias_positive,rc_supervisory_selector,192,144,9,41ca3294b5d6c365d55771a89a2e8b50614c1eb87d846794c1f853b7aa072435,2b705e80bca5abe29b8dfb9f9a27afd2129cd8c5d2cc23a7b99253e0656333ac,16.355960556721151,0.73814865472343172,157.23758784437103,0,0.1111111111111111,0.88888888888888884,2,1.119388708210856,0,0.1315339077586106,0.012400182631279844,0.044853062545686224,0.019314542213336228,8.4858428884065723e-06,0.032884725000000004,185.75,0.012400170464392948,1.1193960247794406,0.032884725000000004,185.75,1.6529831883175453e-07
multizone_office_simple_air,54,multizone_office_simple_air:day054,1,zone_bias_positive,tuned_rule_based,192,144,9,41ca3294b5d6c365d55771a89a2e8b50614c1eb87d846794c1f853b7aa072435,2b705e80bca5abe29b8dfb9f9a27afd2129cd8c5d2cc23a7b99253e0656333ac,16.355938761901296,0.73814444265966017,157.23740201290005,0,0.44444444444444442,0.55555555555555558,4,1.1193901323780011,0,0.13153368008437372,0.01240016227833564,0.044852984908771432,0.019314492979412554,7.6052655724330726e-06,0.032884725000000004,185.75,0.012400170464392948,1.1193960247794406,0.032884725000000004,185.75,-1.4032706104337089e-07
multizone_office_simple_air,54,multizone_office_simple_air:day054,1,zone_drift_negative,constant_zero,192,144,0,41ca3294b5d6c365d55771a89a2e8b50614c1eb87d846794c1f853b7aa072435,2b705e80bca5abe29b8dfb9f9a27afd2129cd8c5d2cc23a7b99253e0656333ac,16.355948609930486,0.73814634497792042,157.23747103726126,0,1,0,0,1.1193960247794406,0,0.13153379269202572,0.012400170464392948,0.044853023307980792,0.019314814464116422,7.3949398864071477e-06,0.032884725000000004,185.75,0.012400170464392948,1.1193960247794406,0.032884725000000004,185.75,0
multizone_office_simple_air,54,multizone_office_simple_air:day054,1,zone_drift_negative,deterministic_wm,192,144,9,41ca3294b5d6c365d55771a89a2e8b50614c1eb87d846794c1f853b7aa072435,2b705e80bca5abe29b8dfb9f9a27afd2129cd8c5d2cc23a7b99253e0656333ac,16.355942130179013,0.73813927197807061,157.23738205831813,0.33333333333333331,0.44444444444444442,0.22222222222222221,7,1.1193905836597087,0,0.1315338186414105,0.012400174308011535,0.044853032156720991,0.019314795385155077,1.7759874853164115e-05,0.032884725000000004,185.75,0.012400170464392948,1.1193960247794406,0.032884725000000004,185.75,4.3794437652270438e-08
multizone_office_simple_air,54,multizone_office_simple_air:day054,1,zone_drift_negative,direct_h8_rssm,192,144,9,41ca3294b5d6c365d55771a89a2e8b50614c1eb87d846794c1f853b7aa072435,2b705e80bca5abe29b8dfb9f9a27afd2129cd8c5d2cc23a7b99253e0656333ac,16.355960556721143,0.73814865472343172,157.23758784437098,0,0,1,1,1.119388708210856,0,0.13153390775861057,0.012400182631279842,0.044853062545686211,0.019314542213336228,3.1036656564442895e-05,0.032884725000000004,185.75,0.012400170464392948,1.1193960247794406,0.032884725000000004,185.75,1.6529831880537872e-07
multizone_office_simple_air,54,multizone_office_simple_air:day054,1,zone_drift_negative,legacy_rssm,192,144,9,41ca3294b5d6c365d55771a89a2e8b50614c1eb87d846794c1f853b7aa072435,2b705e80bca5abe29b8dfb9f9a27afd2129cd8c5d2cc23a7b99253e0656333ac,16.355948294362335,0.7381448942199853,157.23743840433809,0.33333333333333331,0,0.66666666666666663,7,1.119392715291504,0,0.1315339061002361,0.012400180167484271,0.044853061980180527,0.019315033864815253,3.0766741490211513e-05,0.032884725000000004,185.75,0.012400170464392948,1.1193960247794406,0.032884725000000004,185.75,1.3862344425670994e-07
multizone_office_simple_air,54,multizone_office_simple_air:day054,1,zone_drift_negative,rc_supervisory_selector,192,144,9,41ca3294b5d6c365d55771a89a2e8b50614c1eb87d846794c1f853b7aa072435,2b705e80bca5abe29b8dfb9f9a27afd2129cd8c5d2cc23a7b99253e0656333ac,16.355959167536287,0.73814263820401038,157.23762213164787,0,0.33333333333333331,0.66666666666666663,4,1.1193896677296815,0,0.13153395128256412,0.012400183649550454,0.044853077387354369,0.019314555760675412,8.8692044296397805e-06,0.032884725000000004,185.75,0.012400170464392948,1.1193960247794406,0.032884725000000004,185.75,1.8336356755575549e-07
multizone_office_simple_air,54,multizone_office_simple_air:day054,1,zone_drift_negative,tuned_rule_based,192,144,9,41ca3294b5d6c365d55771a89a2e8b50614c1eb87d846794c1f853b7aa072435,2b705e80bca5abe29b8dfb9f9a27afd2129cd8c5d2cc23a7b99253e0656333ac,16.355938761901296,0.73814444265966017,157.23740201290005,0,0.44444444444444442,0.55555555555555558,4,1.1193901323780011,0,0.13153368008437372,0.01240016227833564,0.044852984908771432,0.019314492979412554,7.6319409914665829e-06,0.032884725000000004,185.75,0.012400170464392948,1.1193960247794406,0.032884725000000004,185.75,-1.4032706104337089e-07
multizone_office_simple_air,54,multizone_office_simple_air:day054,1,zone_drift_positive,constant_zero,192,144,0,41ca3294b5d6c365d55771a89a2e8b50614c1eb87d846794c1f853b7aa072435,2b705e80bca5abe29b8dfb9f9a27afd2129cd8c5d2cc23a7b99253e0656333ac,16.355948609930486,0.73814634497792042,157.23747103726126,0,1,0,0,1.1193960247794406,0,0.13153379269202572,0.012400170464392948,0.044853023307980792,0.019314814464116422,7.5482462227795271e-06,0.032884725000000004,185.75,0.012400170464392948,1.1193960247794406,0.032884725000000004,185.75,0
multizone_office_simple_air,54,multizone_office_simple_air:day054,1,zone_drift_positive,deterministic_wm,192,144,9,41ca3294b5d6c365d55771a89a2e8b50614c1eb87d846794c1f853b7aa072435,2b705e80bca5abe29b8dfb9f9a27afd2129cd8c5d2cc23a7b99253e0656333ac,16.355930426589012,0.73815185516862414,157.2372346655431,0.22222222222222221,0.44444444444444442,0.33333333333333331,8,1.119392600851469,0,0.13153371579338397,0.012400164899177123,0.044852997085543946,0.019314855666669611,1.7822823460674895e-05,0.032884725000000004,185.75,0.012400170464392948,1.1193960247794406,0.032884725000000004,185.75,-9.3833529787990996e-08
multizone_office_simple_air,54,multizone_office_simple_air:day054,1,zone_drift_positive,direct_h8_rssm,192,144,9,41ca3294b5d6c365d55771a89a2e8b50614c1eb87d846794c1f853b7aa072435,2b705e80bca5abe29b8dfb9f9a27afd2129cd8c5d2cc23a7b99253e0656333ac,16.355960556721143,0.73814865472343172,157.23758784437098,0,0,1,1,1.119388708210856,0,0.13153390775861057,0.012400182631279842,0.044853062545686211,0.019314542213336228,3.1799576600115268e-05,0.032884725000000004,185.75,0.012400170464392948,1.1193960247794406,0.032884725000000004,185.75,1.6529831880537872e-07
multizone_office_simple_air,54,multizone_office_simple_air:day054,1,zone_drift_positive,legacy_rssm,192,144,9,41ca3294b5d6c365d55771a89a2e8b50614c1eb87d846794c1f853b7aa072435,2b705e80bca5abe29b8dfb9f9a27afd2129cd8c5d2cc23a7b99253e0656333ac,16.355948294362335,0.7381448942199853,157.23743840433809,0.33333333333333331,0,0.66666666666666663,7,1.119392715291504,0,0.1315339061002361,0.012400180167484271,0.044853061980180527,0.019315033864815253,3.0884960489678065e-05,0.032884725000000004,185.75,0.012400170464392948,1.1193960247794406,0.032884725000000004,185.75,1.3862344425670994e-07
multizone_office_simple_air,54,multizone_office_simple_air:day054,1,zone_drift_positive,rc_supervisory_selector,192,144,9,41ca3294b5d6c365d55771a89a2e8b50614c1eb87d846794c1f853b7aa072435,2b705e80bca5abe29b8dfb9f9a27afd2129cd8c5d2cc23a7b99253e0656333ac,16.355960556721151,0.73814865472343172,157.23758784437103,0,0.1111111111111111,0.88888888888888884,2,1.119388708210856,0,0.1315339077586106,0.012400182631279844,0.044853062545686224,0.019314542213336228,8.5577235241280252e-06,0.032884725000000004,185.75,0.012400170464392948,1.1193960247794406,0.032884725000000004,185.75,1.6529831883175453e-07
multizone_office_simple_air,54,multizone_office_simple_air:day054,1,zone_drift_positive,tuned_rule_based,192,144,9,41ca3294b5d6c365d55771a89a2e8b50614c1eb87d846794c1f853b7aa072435,2b705e80bca5abe29b8dfb9f9a27afd2129cd8c5d2cc23a7b99253e0656333ac,16.355938761901296,0.73814444265966017,157.23740201290005,0,0.44444444444444442,0.55555555555555558,4,1.1193901323780011,0,0.13153368008437372,0.01240016227833564,0.044852984908771432,0.019314492979412554,7.2547625219357294e-06,0.032884725000000004,185.75,0.012400170464392948,1.1193960247794406,0.032884725000000004,185.75,-1.4032706104337089e-07
multizone_office_simple_air,54,multizone_office_simple_air:day054,1,zone_stuck,constant_zero,192,144,0,41ca3294b5d6c365d55771a89a2e8b50614c1eb87d846794c1f853b7aa072435,2b705e80bca5abe29b8dfb9f9a27afd2129cd8c5d2cc23a7b99253e0656333ac,16.355948609930486,0.73814634497792042,157.23747103726126,0,1,0,0,1.1193960247794406,0,0.13153379269202572,0.012400170464392948,0.044853023307980792,0.019314814464116422,7.3447443843928101e-06,0.032884725000000004,185.75,0.012400170464392948,1.1193960247794406,0.032884725000000004,185.75,0
multizone_office_simple_air,54,multizone_office_simple_air:day054,1,zone_stuck,deterministic_wm,192,144,9,41ca3294b5d6c365d55771a89a2e8b50614c1eb87d846794c1f853b7aa072435,2b705e80bca5abe29b8dfb9f9a27afd2129cd8c5d2cc23a7b99253e0656333ac,16.355930426589012,0.73815185516862414,157.2372346655431,0.22222222222222221,0.44444444444444442,0.33333333333333331,8,1.119392600851469,0,0.13153371579338397,0.012400164899177123,0.044852997085543946,0.019314855666669611,1.7821421243202691e-05,0.032884725000000004,185.75,0.012400170464392948,1.1193960247794406,0.032884725000000004,185.75,-9.3833529787990996e-08
multizone_office_simple_air,54,multizone_office_simple_air:day054,1,zone_stuck,direct_h8_rssm,192,144,9,41ca3294b5d6c365d55771a89a2e8b50614c1eb87d846794c1f853b7aa072435,2b705e80bca5abe29b8dfb9f9a27afd2129cd8c5d2cc23a7b99253e0656333ac,16.355960556721143,0.73814865472343172,157.23758784437098,0,0,1,1,1.119388708210856,0,0.13153390775861057,0.012400182631279842,0.044853062545686211,0.019314542213336228,3.2196512327699065e-05,0.032884725000000004,185.75,0.012400170464392948,1.1193960247794406,0.032884725000000004,185.75,1.6529831880537872e-07
multizone_office_simple_air,54,multizone_office_simple_air:day054,1,zone_stuck,legacy_rssm,192,144,9,41ca3294b5d6c365d55771a89a2e8b50614c1eb87d846794c1f853b7aa072435,2b705e80bca5abe29b8dfb9f9a27afd2129cd8c5d2cc23a7b99253e0656333ac,16.355948294362335,0.7381448942199853,157.23743840433809,0.33333333333333331,0,0.66666666666666663,7,1.119392715291504,0,0.1315339061002361,0.012400180167484271,0.044853061980180527,0.019315033864815253,3.2045400163474096e-05,0.032884725000000004,185.75,0.012400170464392948,1.1193960247794406,0.032884725000000004,185.75,1.3862344425670994e-07
multizone_office_simple_air,54,multizone_office_simple_air:day054,1,zone_stuck,rc_supervisory_selector,192,144,9,41ca3294b5d6c365d55771a89a2e8b50614c1eb87d846794c1f853b7aa072435,2b705e80bca5abe29b8dfb9f9a27afd2129cd8c5d2cc23a7b99253e0656333ac,16.355959167536287,0.73814263820401038,157.23762213164787,0,0.33333333333333331,0.66666666666666663,4,1.1193896677296815,0,0.13153395128256412,0.012400183649550454,0.044853077387354369,0.019314555760675412,8.6441339622617401e-06,0.032884725000000004,185.75,0.012400170464392948,1.1193960247794406,0.032884725000000004,185.75,1.8336356755575549e-07
multizone_office_simple_air,54,multizone_office_simple_air:day054,1,zone_stuck,tuned_rule_based,192,144,9,41ca3294b5d6c365d55771a89a2e8b50614c1eb87d846794c1f853b7aa072435,2b705e80bca5abe29b8dfb9f9a27afd2129cd8c5d2cc23a7b99253e0656333ac,16.355938761901296,0.73814444265966017,157.23740201290005,0,0.44444444444444442,0.55555555555555558,4,1.1193901323780011,0,0.13153368008437372,0.01240016227833564,0.044852984908771432,0.019314492979412554,7.7535219841602583e-06,0.032884725000000004,185.75,0.012400170464392948,1.1193960247794406,0.032884725000000004,185.75,-1.4032706104337089e-07
multizone_office_simple_air,135,multizone_office_simple_air:day135,2,clean,constant_zero,192,144,0,46ada96f7787a335e022d8b8a7f1a4c121912ea072033073d060b29e9e18f587,f478f488a6ca3cf1f10218eb247b170eec77ef3f3ed112dc3e9676b665138382,2.1060106014214313,0,18.874586639664997,0,1,0,0,0.23105377376613148,0,0.022768283045440846,0.0020454811406701904,0.007763984518495329,0.003345396954084924,7.5795277389695017e-06,0.032884725000000004,185.75,0.0020454811406701904,0.23105377376613148,0.032884725000000004,185.75,0
multizone_office_simple_air,135,multizone_office_simple_air:day135,2,clean,deterministic_wm,192,144,9,46ada96f7787a335e022d8b8a7f1a4c121912ea072033073d060b29e9e18f587,f478f488a6ca3cf1f10218eb247b170eec77ef3f3ed112dc3e9676b665138382,2.1060102249891246,0,18.874587390016845,0,0.33333333333333331,0.66666666666666663,4,0.23105358985288682,0,0.022768176948011403,0.0020454738363350935,0.007763948339271888,0.003345396954084924,1.7773845710332759e-05,0.032884725000000004,185.75,0.0020454811406701904,0.23105377376613148,0.032884725000000004,185.75,-1.1155475144117559e-07
multizone_office_simple_air,135,multizone_office_simple_air:day135,2,clean,direct_h8_rssm,192,144,9,46ada96f7787a335e022d8b8a7f1a4c121912ea072033073d060b29e9e18f587,f478f488a6ca3cf1f10218eb247b170eec77ef3f3ed112dc3e9676b665138382,2.106011488557356,0,18.874604732369797,0,0,1,1,0.23105404007422048,0,0.022768202123346685,0.0020454754472637921,0.0077639569240612188,0.003345396954084924,3.1048193305228044e-05,0.032884725000000004,185.75,0.0020454811406701904,0.23105377376613148,0.032884725000000004,185.75,-8.5849279057309346e-08
multizone_office_simple_air,135,multizone_office_simple_air:day135,2,clean,legacy_rssm,192,144,9,46ada96f7787a335e022d8b8a7f1a4c121912ea072033073d060b29e9e18f587,f478f488a6ca3cf1f10218eb247b170eec77ef3f3ed112dc3e9676b665138382,2.106011488557356,0,18.874604732369797,0,0,1,1,0.23105404007422048,0,0.022768202123346685,0.0020454754472637921,0.0077639569240612188,0.003345396954084924,3.0978896577667544e-05,0.032884725000000004,185.75,0.0020454811406701904,0.23105377376613148,0.032884725000000004,185.75,-8.5849279057309346e-08
multizone_office_simple_air,135,multizone_office_simple_air:day135,2,clean,rc_supervisory_selector,192,144,9,46ada96f7787a335e022d8b8a7f1a4c121912ea072033073d060b29e9e18f587,f478f488a6ca3cf1f10218eb247b170eec77ef3f3ed112dc3e9676b665138382,2.106011488557356,0,18.874604732369797,0,0,1,1,0.23105404007422048,0,0.022768202123346685,0.0020454754472637921,0.0077639569240612188,0.003345396954084924,8.4894240214562536e-06,0.032884725000000004,185.75,0.0020454811406701904,0.23105377376613148,0.032884725000000004,185.75,-8.5849279057309346e-08
multizone_office_simple_air,135,multizone_office_simple_air:day135,2,clean,tuned_rule_based,192,144,9,46ada96f7787a335e022d8b8a7f1a4c121912ea072033073d060b29e9e18f587,f478f488a6ca3cf1f10218eb247b170eec77ef3f3ed112dc3e9676b665138382,2.106010832372859,0,18.874589692474991,0,0.44444444444444442,0.55555555555555558,4,0.23105361266515234,0,0.022768195139011953,0.0020454751265412546,0.0077639545424030773,0.003345396954084924,7.6749118141409555e-06,0.032884725000000004,185.75,0.0020454811406701904,0.23105377376613148,0.032884725000000004,185.75,-9.1876241301570923e-08
multizone_office_simple_air,135,multizone_office_simple_air:day135,2,zone_bias_negative,constant_zero,192,144,0,46ada96f7787a335e022d8b8a7f1a4c121912ea072033073d060b29e9e18f587,f478f488a6ca3cf1f10218eb247b170eec77ef3f3ed112dc3e9676b665138382,2.1060106014214313,0,18.874586639664997,0,1,0,0,0.23105377376613148,0,0.022768283045440846,0.0020454811406701904,0.007763984518495329,0.003345396954084924,7.5215056165836107e-06,0.032884725000000004,185.75,0.0020454811406701904,0.23105377376613148,0.032884725000000004,185.75,0
multizone_office_simple_air,135,multizone_office_simple_air:day135,2,zone_bias_negative,deterministic_wm,192,144,9,46ada96f7787a335e022d8b8a7f1a4c121912ea072033073d060b29e9e18f587,f478f488a6ca3cf1f10218eb247b170eec77ef3f3ed112dc3e9676b665138382,2.1060102249891246,0,18.874587390016845,0,0.33333333333333331,0.66666666666666663,4,0.23105358985288682,0,0.022768176948011403,0.0020454738363350935,0.007763948339271888,0.003345396954084924,1.7185380390870704e-05,0.032884725000000004,185.75,0.0020454811406701904,0.23105377376613148,0.032884725000000004,185.75,-1.1155475144117559e-07
multizone_office_simple_air,135,multizone_office_simple_air:day135,2,zone_bias_negative,direct_h8_rssm,192,144,9,46ada96f7787a335e022d8b8a7f1a4c121912ea072033073d060b29e9e18f587,f478f488a6ca3cf1f10218eb247b170eec77ef3f3ed112dc3e9676b665138382,2.106011488557356,0,18.874604732369797,0,0,1,1,0.23105404007422048,0,0.022768202123346685,0.0020454754472637921,0.0077639569240612188,0.003345396954084924,3.1261237434622437e-05,0.032884725000000004,185.75,0.0020454811406701904,0.23105377376613148,0.032884725000000004,185.75,-8.5849279057309346e-08
multizone_office_simple_air,135,multizone_office_simple_air:day135,2,zone_bias_negative,legacy_rssm,192,144,9,46ada96f7787a335e022d8b8a7f1a4c121912ea072033073d060b29e9e18f587,f478f488a6ca3cf1f10218eb247b170eec77ef3f3ed112dc3e9676b665138382,2.106011488557356,0,18.874604732369797,0,0,1,1,0.23105404007422048,0,0.022768202123346685,0.0020454754472637921,0.0077639569240612188,0.003345396954084924,3.0509698800114157e-05,0.032884725000000004,185.75,0.0020454811406701904,0.23105377376613148,0.032884725000000004,185.75,-8.5849279057309346e-08
multizone_office_simple_air,135,multizone_office_simple_air:day135,2,zone_bias_negative,rc_supervisory_selector,192,144,9,46ada96f7787a335e022d8b8a7f1a4c121912ea072033073d060b29e9e18f587,f478f488a6ca3cf1f10218eb247b170eec77ef3f3ed112dc3e9676b665138382,2.1060102249890988,0,18.87458739001644,0,0.22222222222222221,0.77777777777777779,3,0.23105358985288682,0,0.022768176948011167,0.0020454738363350788,0.0077639483392718082,0.003345396954084924,8.7798356039015072e-06,0.032884725000000004,185.75,0.0020454811406701904,0.23105377376613148,0.032884725000000004,185.75,-1.115547516653701e-07
multizone_office_simple_air,135,multizone_office_simple_air:day135,2,zone_bias_negative,tuned_rule_based,192,144,9,46ada96f7787a335e022d8b8a7f1a4c121912ea072033073d060b29e9e18f587,f478f488a6ca3cf1f10218eb247b170eec77ef3f3ed112dc3e9676b665138382,2.106010832372859,0,18.874589692474991,0,0.44444444444444442,0.55555555555555558,4,0.23105361266515234,0,0.022768195139011953,0.0020454751265412546,0.0077639545424030773,0.003345396954084924,7.64585220931643e-06,0.032884725000000004,185.75,0.0020454811406701904,0.23105377376613148,0.032884725000000004,185.75,-9.1876241301570923e-08
multizone_office_simple_air,135,multizone_office_simple_air:day135,2,zone_bias_positive,constant_zero,192,144,0,46ada96f7787a335e022d8b8a7f1a4c121912ea072033073d060b29e9e18f587,f478f488a6ca3cf1f10218eb247b170eec77ef3f3ed112dc3e9676b665138382,2.1060106014214313,0,18.874586639664997,0,1,0,0,0.23105377376613148,0,0.022768283045440846,0.0020454811406701904,0.007763984518495329,0.003345396954084924,7.7647938154130699e-06,0.032884725000000004,185.75,0.0020454811406701904,0.23105377376613148,0.032884725000000004,185.75,0
multizone_office_simple_air,135,multizone_office_simple_air:day135,2,zone_bias_positive,deterministic_wm,192,144,9,46ada96f7787a335e022d8b8a7f1a4c121912ea072033073d060b29e9e18f587,f478f488a6ca3cf1f10218eb247b170eec77ef3f3ed112dc3e9676b665138382,2.1060114885573791,0,18.874604732370187,0,0.1111111111111111,0.88888888888888884,2,0.23105404007422048,0,0.022768202123346907,0.002045475447263806,0.0077639569240612952,0.003345396954084924,1.7293417710353633e-05,0.032884725000000004,185.75,0.0020454811406701904,0.23105377376613148,0.032884725000000004,185.75,-8.5849278846302758e-08
multizone_office_simple_air,135,multizone_office_simple_air:day135,2,zone_bias_positive,direct_h8_rssm,192,144,9,46ada96f7787a335e022d8b8a7f1a4c121912ea072033073d060b29e9e18f587,f478f488a6ca3cf1f10218eb247b170eec77ef3f3ed112dc3e9676b665138382,2.106011488557356,0,18.874604732369797,0,0,1,1,0.23105404007422048,0,0.022768202123346685,0.0020454754472637921,0.0077639569240612188,0.003345396954084924,3.2246627385981074e-05,0.032884725000000004,185.75,0.0020454811406701904,0.23105377376613148,0.032884725000000004,185.75,-8.5849279057309346e-08
multizone_office_simple_air,135,multizone_office_simple_air:day135,2,zone_bias_positive,legacy_rssm,192,144,9,46ada96f7787a335e022d8b8a7f1a4c121912ea072033073d060b29e9e18f587,f478f488a6ca3cf1f10218eb247b170eec77ef3f3ed112dc3e9676b665138382,2.106011488557356,0,18.874604732369797,0,0,1,1,0.23105404007422048,0,0.022768202123346685,0.0020454754472637921,0.0077639569240612188,0.003345396954084924,3.0665785993095606e-05,0.032884725000000004,185.75,0.0020454811406701904,0.23105377376613148,0.032884725000000004,185.75,-8.5849279057309346e-08
multizone_office_simple_air,135,multizone_office_simple_air:day135,2,zone_bias_positive,rc_supervisory_selector,192,144,9,46ada96f7787a335e022d8b8a7f1a4c121912ea072033073d060b29e9e18f587,f478f488a6ca3cf1f10218eb247b170eec77ef3f3ed112dc3e9676b665138382,2.106011488557356,0,18.874604732369797,0,0,1,1,0.23105404007422048,0,0.022768202123346685,0.0020454754472637921,0.0077639569240612188,0.003345396954084924,8.5879606587585841e-06,0.032884725000000004,185.75,0.0020454811406701904,0.23105377376613148,0.032884725000000004,185.75,-8.5849279057309346e-08
multizone_office_simple_air,135,multizone_office_simple_air:day135,2,zone_bias_positive,tuned_rule_based,192,144,9,46ada96f7787a335e022d8b8a7f1a4c121912ea072033073d060b29e9e18f587,f478f488a6ca3cf1f10218eb247b170eec77ef3f3ed112dc3e9676b665138382,2.106008994702683,0,18.874571235503101,0.1111111111111111,0.44444444444444442,0.44444444444444442,5,0.23105350302419347,0,0.022768219771938544,0.0020454763984598624,0.0077639629422310442,0.003345396954084924,7.4335833910664132e-06,0.032884725000000004,185.75,0.0020454811406701904,0.23105377376613148,0.032884725000000004,185.75,-7.2832322871750007e-08
multizone_office_simple_air,135,multizone_office_simple_air:day135,2,zone_drift_negative,constant_zero,192,144,0,46ada96f7787a335e022d8b8a7f1a4c121912ea072033073d060b29e9e18f587,f478f488a6ca3cf1f10218eb247b170eec77ef3f3ed112dc3e9676b665138382,2.1060106014214313,0,18.874586639664997,0,1,0,0,0.23105377376613148,0,0.022768283045440846,0.0020454811406701904,0.007763984518495329,0.003345396954084924,7.4674183022774816e-06,0.032884725000000004,185.75,0.0020454811406701904,0.23105377376613148,0.032884725000000004,185.75,0
multizone_office_simple_air,135,multizone_office_simple_air:day135,2,zone_drift_negative,deterministic_wm,192,144,9,46ada96f7787a335e022d8b8a7f1a4c121912ea072033073d060b29e9e18f587,f478f488a6ca3cf1f10218eb247b170eec77ef3f3ed112dc3e9676b665138382,2.1060102249891246,0,18.874587390016845,0,0.33333333333333331,0.66666666666666663,4,0.23105358985288682,0,0.022768176948011403,0.0020454738363350935,0.007763948339271888,0.003345396954084924,1.781135884185667e-05,0.032884725000000004,185.75,0.0020454811406701904,0.23105377376613148,0.032884725000000004,185.75,-1.1155475144117559e-07
multizone_office_simple_air,135,multizone_office_simple_air:day135,2,zone_drift_negative,direct_h8_rssm,192,144,9,46ada96f7787a335e022d8b8a7f1a4c121912ea072033073d060b29e9e18f587,f478f488a6ca3cf1f10218eb247b170eec77ef3f3ed112dc3e9676b665138382,2.106011488557356,0,18.874604732369797,0,0,1,1,0.23105404007422048,0,0.022768202123346685,0.0020454754472637921,0.0077639569240612188,0.003345396954084924,3.187127554395852e-05,0.032884725000000004,185.75,0.0020454811406701904,0.23105377376613148,0.032884725000000004,185.75,-8.5849279057309346e-08
multizone_office_simple_air,135,multizone_office_simple_air:day135,2,zone_drift_negative,legacy_rssm,192,144,9,46ada96f7787a335e022d8b8a7f1a4c121912ea072033073d060b29e9e18f587,f478f488a6ca3cf1f10218eb247b170eec77ef3f3ed112dc3e9676b665138382,2.106011488557356,0,18.874604732369797,0,0,1,1,0.23105404007422048,0,0.022768202123346685,0.0020454754472637921,0.0077639569240612188,0.003345396954084924,3.1658798681573162e-05,0.032884725000000004,185.75,0.0020454811406701904,0.23105377376613148,0.032884725000000004,185.75,-8.5849279057309346e-08
multizone_office_simple_air,135,multizone_office_simple_air:day135,2,zone_drift_negative,rc_supervisory_selector,192,144,9,46ada96f7787a335e022d8b8a7f1a4c121912ea072033073d060b29e9e18f587,f478f488a6ca3cf1f10218eb247b170eec77ef3f3ed112dc3e9676b665138382,2.1060102249890988,0,18.87458739001644,0,0.22222222222222221,0.77777777777777779,3,0.23105358985288682,0,0.022768176948011167,0.0020454738363350788,0.0077639483392718082,0.003345396954084924,8.6594584932710064e-06,0.032884725000000004,185.75,0.0020454811406701904,0.23105377376613148,0.032884725000000004,185.75,-1.115547516653701e-07
multizone_office_simple_air,135,multizone_office_simple_air:day135,2,zone_drift_negative,tuned_rule_based,192,144,9,46ada96f7787a335e022d8b8a7f1a4c121912ea072033073d060b29e9e18f587,f478f488a6ca3cf1f10218eb247b170eec77ef3f3ed112dc3e9676b665138382,2.106010832372859,0,18.874589692474991,0,0.44444444444444442,0.55555555555555558,4,0.23105361266515234,0,0.022768195139011953,0.0020454751265412546,0.0077639545424030773,0.003345396954084924,7.7106593444362648e-06,0.032884725000000004,185.75,0.0020454811406701904,0.23105377376613148,0.032884725000000004,185.75,-9.1876241301570923e-08
multizone_office_simple_air,135,multizone_office_simple_air:day135,2,zone_drift_positive,constant_zero,192,144,0,46ada96f7787a335e022d8b8a7f1a4c121912ea072033073d060b29e9e18f587,f478f488a6ca3cf1f10218eb247b170eec77ef3f3ed112dc3e9676b665138382,2.1060106014214313,0,18.874586639664997,0,1,0,0,0.23105377376613148,0,0.022768283045440846,0.0020454811406701904,0.007763984518495329,0.003345396954084924,7.5831671243770798e-06,0.032884725000000004,185.75,0.0020454811406701904,0.23105377376613148,0.032884725000000004,185.75,0
multizone_office_simple_air,135,multizone_office_simple_air:day135,2,zone_drift_positive,deterministic_wm,192,144,9,46ada96f7787a335e022d8b8a7f1a4c121912ea072033073d060b29e9e18f587,f478f488a6ca3cf1f10218eb247b170eec77ef3f3ed112dc3e9676b665138382,2.1060114885573791,0,18.874604732370187,0,0.1111111111111111,0.88888888888888884,2,0.23105404007422048,0,0.022768202123346907,0.002045475447263806,0.0077639569240612952,0.003345396954084924,1.7759394964691927e-05,0.032884725000000004,185.75,0.0020454811406701904,0.23105377376613148,0.032884725000000004,185.75,-8.5849278846302758e-08
multizone_office_simple_air,135,multizone_office_simple_air:day135,2,zone_drift_positive,direct_h8_rssm,192,144,9,46ada96f7787a335e022d8b8a7f1a4c121912ea072033073d060b29e9e18f587,f478f488a6ca3cf1f10218eb247b170eec77ef3f3ed112dc3e9676b665138382,2.106011488557356,0,18.874604732369797,0,0,1,1,0.23105404007422048,0,0.022768202123346685,0.0020454754472637921,0.0077639569240612188,0.003345396954084924,3.1331205451259645e-05,0.032884725000000004,185.75,0.0020454811406701904,0.23105377376613148,0.032884725000000004,185.75,-8.5849279057309346e-08
multizone_office_simple_air,135,multizone_office_simple_air:day135,2,zone_drift_positive,legacy_rssm,192,144,9,46ada96f7787a335e022d8b8a7f1a4c121912ea072033073d060b29e9e18f587,f478f488a6ca3cf1f10218eb247b170eec77ef3f3ed112dc3e9676b665138382,2.106011488557356,0,18.874604732369797,0,0,1,1,0.23105404007422048,0,0.022768202123346685,0.0020454754472637921,0.0077639569240612188,0.003345396954084924,3.143650907080419e-05,0.032884725000000004,185.75,0.0020454811406701904,0.23105377376613148,0.032884725000000004,185.75,-8.5849279057309346e-08
multizone_office_simple_air,135,multizone_office_simple_air:day135,2,zone_drift_positive,rc_supervisory_selector,192,144,9,46ada96f7787a335e022d8b8a7f1a4c121912ea072033073d060b29e9e18f587,f478f488a6ca3cf1f10218eb247b170eec77ef3f3ed112dc3e9676b665138382,2.106011488557356,0,18.874604732369797,0,0,1,1,0.23105404007422048,0,0.022768202123346685,0.0020454754472637921,0.0077639569240612188,0.003345396954084924,8.7546109459717791e-06,0.032884725000000004,185.75,0.0020454811406701904,0.23105377376613148,0.032884725000000004,185.75,-8.5849279057309346e-08
multizone_office_simple_air,135,multizone_office_simple_air:day135,2,zone_drift_positive,tuned_rule_based,192,144,9,46ada96f7787a335e022d8b8a7f1a4c121912ea072033073d060b29e9e18f587,f478f488a6ca3cf1f10218eb247b170eec77ef3f3ed112dc3e9676b665138382,2.106010832372859,0,18.874589692474991,0,0.44444444444444442,0.55555555555555558,4,0.23105361266515234,0,0.022768195139011953,0.0020454751265412546,0.0077639545424030773,0.003345396954084924,7.8018090279730615e-06,0.032884725000000004,185.75,0.0020454811406701904,0.23105377376613148,0.032884725000000004,185.75,-9.1876241301570923e-08
multizone_office_simple_air,135,multizone_office_simple_air:day135,2,zone_stuck,constant_zero,192,144,0,46ada96f7787a335e022d8b8a7f1a4c121912ea072033073d060b29e9e18f587,f478f488a6ca3cf1f10218eb247b170eec77ef3f3ed112dc3e9676b665138382,2.1060106014214313,0,18.874586639664997,0,1,0,0,0.23105377376613148,0,0.022768283045440846,0.0020454811406701904,0.007763984518495329,0.003345396954084924,7.7013528367819809e-06,0.032884725000000004,185.75,0.0020454811406701904,0.23105377376613148,0.032884725000000004,185.75,0
multizone_office_simple_air,135,multizone_office_simple_air:day135,2,zone_stuck,deterministic_wm,192,144,9,46ada96f7787a335e022d8b8a7f1a4c121912ea072033073d060b29e9e18f587,f478f488a6ca3cf1f10218eb247b170eec77ef3f3ed112dc3e9676b665138382,2.1060102249891246,0,18.874587390016845,0,0.33333333333333331,0.66666666666666663,4,0.23105358985288682,0,0.022768176948011403,0.0020454738363350935,0.007763948339271888,0.003345396954084924,1.7375671426663219e-05,0.032884725000000004,185.75,0.0020454811406701904,0.23105377376613148,0.032884725000000004,185.75,-1.1155475144117559e-07
multizone_office_simple_air,135,multizone_office_simple_air:day135,2,zone_stuck,direct_h8_rssm,192,144,9,46ada96f7787a335e022d8b8a7f1a4c121912ea072033073d060b29e9e18f587,f478f488a6ca3cf1f10218eb247b170eec77ef3f3ed112dc3e9676b665138382,2.106011488557356,0,18.874604732369797,0,0,1,1,0.23105404007422048,0,0.022768202123346685,0.0020454754472637921,0.0077639569240612188,0.003345396954084924,3.1126703614062386e-05,0.032884725000000004,185.75,0.0020454811406701904,0.23105377376613148,0.032884725000000004,185.75,-8.5849279057309346e-08
multizone_office_simple_air,135,multizone_office_simple_air:day135,2,zone_stuck,legacy_rssm,192,144,9,46ada96f7787a335e022d8b8a7f1a4c121912ea072033073d060b29e9e18f587,f478f488a6ca3cf1f10218eb247b170eec77ef3f3ed112dc3e9676b665138382,2.106011488557356,0,18.874604732369797,0,0,1,1,0.23105404007422048,0,0.022768202123346685,0.0020454754472637921,0.0077639569240612188,0.003345396954084924,3.1925649959171428e-05,0.032884725000000004,185.75,0.0020454811406701904,0.23105377376613148,0.032884725000000004,185.75,-8.5849279057309346e-08
multizone_office_simple_air,135,multizone_office_simple_air:day135,2,zone_stuck,rc_supervisory_selector,192,144,9,46ada96f7787a335e022d8b8a7f1a4c121912ea072033073d060b29e9e18f587,f478f488a6ca3cf1f10218eb247b170eec77ef3f3ed112dc3e9676b665138382,2.1060107973275555,0,18.874593598356078,0,0.1111111111111111,0.88888888888888884,3,0.23105389275797153,0,0.022768204544612553,0.0020454755583171492,0.0077639577497128787,0.003345396954084924,8.437607162147154e-06,0.032884725000000004,185.75,0.0020454811406701904,0.23105377376613148,0.032884725000000004,185.75,-8.4557298522427571e-08
multizone_office_simple_air,135,multizone_office_simple_air:day135,2,zone_stuck,tuned_rule_based,192,144,9,46ada96f7787a335e022d8b8a7f1a4c121912ea072033073d060b29e9e18f587,f478f488a6ca3cf1f10218eb247b170eec77ef3f3ed112dc3e9676b665138382,2.106010832372859,0,18.874589692474991,0,0.44444444444444442,0.55555555555555558,4,0.23105361266515234,0,0.022768195139011953,0.0020454751265412546,0.0077639545424030773,0.003345396954084924,7.5811934790131393e-06,0.032884725000000004,185.75,0.0020454811406701904,0.23105377376613148,0.032884725000000004,185.75,-9.1876241301570923e-08
multizone_office_simple_air,153,multizone_office_simple_air:day153,4,clean,constant_zero,192,144,0,5e8aae2eb309faa769860b0d840fbda4da306504ebf81ea9a1b710023afc4e4e,27a4f4d05f75f57dde8058f94666adc535080b80c0c0186d823005c9a4c928b9,17.085918488678377,0,143.72574969457241,0,1,0,0,0.035600640061803787,1496.3576071855516,0.10311306688033881,0.011423923986751995,0.035161555806195531,0.0057291640105975733,7.5897607365065084e-06,0.034138899999999993,185.75,0.011423923986751995,0.035600640061803787,0.034138899999999993,185.75,0
multizone_office_simple_air,153,multizone_office_simple_air:day153,4,clean,deterministic_wm,192,144,9,5e8aae2eb309faa769860b0d840fbda4da306504ebf81ea9a1b710023afc4e4e,27a4f4d05f75f57dde8058f94666adc535080b80c0c0186d823005c9a4c928b9,15.701865082043119,0.53484120823831915,130.46967335642461,0,0.1111111111111111,0.88888888888888884,3,1.3596920729386672,1910.6625943568113,0.094518972663615988,0.010553630832895955,0.032230969678293045,0.0049383019355266128,1.7429726840868602e-05,0.034138899999999993,185.75,0.011423923986751995,0.035600640061803787,0.034138899999999993,185.75,-0.0091821799879343788
multizone_office_simple_air,153,multizone_office_simple_air:day153,4,clean,direct_h8_rssm,192,144,9,5e8aae2eb309faa769860b0d840fbda4da306504ebf81ea9a1b710023afc4e4e,27a4f4d05f75f57dde8058f94666adc535080b80c0c0186d823005c9a4c928b9,17.642891265522138,0,145.79663726504299,0.22222222222222221,0,0.77777777777777779,5,0.18800194830151479,938.4806840195871,0.10384369559675094,0.011686762481469543,0.035410700198492073,0.0071862819872051927,3.2315793739216767e-05,0.034138899999999993,185.75,0.011423923986751995,0.035600640061803787,0.034138899999999993,185.75,0.0042597777793945387
multizone_office_simple_air,153,multizone_office_simple_air:day153,4,clean,legacy_rssm,192,144,9,5e8aae2eb309faa769860b0d840fbda4da306504ebf81ea9a1b710023afc4e4e,27a4f4d05f75f57dde8058f94666adc535080b80c0c0186d823005c9a4c928b9,15.701895599361144,0.5350986294803306,130.46993733424131,0,0,1,1,1.3600950862203878,1910.6492048988589,0.094519112090948376,0.010553647728312378,0.032231017223013393,0.0049383184132243355,3.155185012639852e-05,0.034138899999999993,185.75,0.011423923986751995,0.035600640061803787,0.034138899999999993,185.75,-0.0091808477097007814
multizone_office_simple_air,153,multizone_office_simple_air:day153,4,clean,rc_supervisory_selector,192,144,9,5e8aae2eb309faa769860b0d840fbda4da306504ebf81ea9a1b710023afc4e4e,27a4f4d05f75f57dde8058f94666adc535080b80c0c0186d823005c9a4c928b9,18.128739972094095,0.26886252103523134,150.72653491274872,0.1111111111111111,0,0.88888888888888884,3,0.82904334800962265,1505.0766159277218,0.1063061727559942,0.01200728274941849,0.036250404909794018,0.0086576479595975638,8.6826068707300241e-06,0.034138899999999993,185.75,0.011423923986751995,0.035600640061803787,0.034138899999999993,185.75,0.010679682163759035
multizone_office_simple_air,153,multizone_office_simple_air:day153,4,clean,tuned_rule_based,192,144,9,5e8aae2eb309faa769860b0d840fbda4da306504ebf81ea9a1b710023afc4e4e,27a4f4d05f75f57dde8058f94666adc535080b80c0c0186d823005c9a4c928b9,17.517444138300771,0,144.31570754934413,0.1111111111111111,0.22222222222222221,0.66666666666666663,5,0.26672941523486338,1226.3798194498224,0.10273775590944673,0.011592300824535096,0.035033574765121332,0.007368998130429444,7.6110422645910584e-06,0.034138899999999993,185.75,0.011423923986751995,0.035600640061803787,0.034138899999999993,185.75,0.0030882055408109638
multizone_office_simple_air,153,multizone_office_simple_air:day153,4,zone_bias_negative,constant_zero,192,144,0,5e8aae2eb309faa769860b0d840fbda4da306504ebf81ea9a1b710023afc4e4e,27a4f4d05f75f57dde8058f94666adc535080b80c0c0186d823005c9a4c928b9,17.085918488678377,0,143.72574969457241,0,1,0,0,0.035600640061803787,1496.3576071855516,0.10311306688033881,0.011423923986751995,0.035161555806195531,0.0057291640105975733,7.6019368662676037e-06,0.034138899999999993,185.75,0.011423923986751995,0.035600640061803787,0.034138899999999993,185.75,0
multizone_office_simple_air,153,multizone_office_simple_air:day153,4,zone_bias_negative,deterministic_wm,192,144,9,5e8aae2eb309faa769860b0d840fbda4da306504ebf81ea9a1b710023afc4e4e,27a4f4d05f75f57dde8058f94666adc535080b80c0c0186d823005c9a4c928b9,15.701875583155552,0.53494168525713803,130.46975991673784,0,0.1111111111111111,0.88888888888888884,3,1.3598445193171447,1910.646192555206,0.094519018191525472,0.010553636755653878,0.032230985203310178,0.004938308790879576,1.8079117191885019e-05,0.034138899999999993,185.75,0.011423923986751995,0.035600640061803787,0.034138899999999993,185.75,-0.0091816828892887295
multizone_office_simple_air,153,multizone_office_simple_air:day153,4,zone_bias_negative,direct_h8_rssm,192,144,9,5e8aae2eb309faa769860b0d840fbda4da306504ebf81ea9a1b710023afc4e4e,27a4f4d05f75f57dde8058f94666adc535080b80c0c0186d823005c9a4c928b9,17.642891265522138,0,145.79663726504299,0.22222222222222221,0,0.77777777777777779,5,0.18800194830151479,938.4806840195871,0.10384369559675094,0.011686762481469543,0.035410700198492073,0.0071862819872051927,3.3157559728261828e-05,0.034138899999999993,185.75,0.011423923986751995,0.035600640061803787,0.034138899999999993,185.75,0.0042597777793945387
multizone_office_simple_air,153,multizone_office_simple_air:day153,4,zone_bias_negative,legacy_rssm,192,144,9,5e8aae2eb309faa769860b0d840fbda4da306504ebf81ea9a1b710023afc4e4e,27a4f4d05f75f57dde8058f94666adc535080b80c0c0186d823005c9a4c928b9,15.701895599361144,0.5350986294803306,130.46993733424131,0,0,1,1,1.3600950862203878,1910.6492048988589,0.094519112090948376,0.010553647728312378,0.032231017223013393,0.0049383184132243355,3.1469353691931029e-05,0.034138899999999993,185.75,0.011423923986751995,0.035600640061803787,0.034138899999999993,185.75,-0.0091808477097007814
multizone_office_simple_air,153,multizone_office_simple_air:day153,4,zone_bias_negative,rc_supervisory_selector,192,144,9,5e8aae2eb309faa769860b0d840fbda4da306504ebf81ea9a1b710023afc4e4e,27a4f4d05f75f57dde8058f94666adc535080b80c0c0186d823005c9a4c928b9,18.128501181327998,0.26872132755843836,150.72484657538723,0.1111111111111111,0.1111111111111111,0.77777777777777779,5,0.82876696066296318,1505.0915427837235,0.10630502957878306,0.012007126045099382,0.036250015086365016,0.0086572520221325673,8.7102281970988883e-06,0.034138899999999993,185.75,0.011423923986751995,0.035600640061803787,0.034138899999999993,185.75,0.010676643087925975
multizone_office_simple_air,153,multizone_office_simple_air:day153,4,zone_bias_negative,tuned_rule_based,192,144,9,5e8aae2eb309faa769860b0d840fbda4da306504ebf81ea9a1b710023afc4e4e,27a4f4d05f75f57dde8058f94666adc535080b80c0c0186d823005c9a4c928b9,17.517444138300771,0,144.31570754934413,0.1111111111111111,0.22222222222222221,0.66666666666666663,5,0.26672941523486338,1226.3798194498224,0.10273775590944673,0.011592300824535096,0.035033574765121332,0.007368998130429444,7.6759645174657841e-06,0.034138899999999993,185.75,0.011423923986751995,0.035600640061803787,0.034138899999999993,185.75,0.0030882055408109638
multizone_office_simple_air,153,multizone_office_simple_air:day153,4,zone_bias_positive,constant_zero,192,144,0,5e8aae2eb309faa769860b0d840fbda4da306504ebf81ea9a1b710023afc4e4e,27a4f4d05f75f57dde8058f94666adc535080b80c0c0186d823005c9a4c928b9,17.085918488678377,0,143.72574969457241,0,1,0,0,0.035600640061803787,1496.3576071855516,0.10311306688033881,0.011423923986751995,0.035161555806195531,0.0057291640105975733,7.6281851013432137e-06,0.034138899999999993,185.75,0.011423923986751995,0.035600640061803787,0.034138899999999993,185.75,0
multizone_office_simple_air,153,multizone_office_simple_air:day153,4,zone_bias_positive,deterministic_wm,192,144,9,5e8aae2eb309faa769860b0d840fbda4da306504ebf81ea9a1b710023afc4e4e,27a4f4d05f75f57dde8058f94666adc535080b80c0c0186d823005c9a4c928b9,15.701895599361144,0.5350986294803306,130.46993733424131,0,0,1,1,1.3600950862203878,1910.6492048988589,0.094519112090948376,0.010553647728312378,0.032231017223013393,0.0049383184132243355,1.7995957790106242e-05,0.034138899999999993,185.75,0.011423923986751995,0.035600640061803787,0.034138899999999993,185.75,-0.0091808477097007814
multizone_office_simple_air,153,multizone_office_simple_air:day153,4,zone_bias_positive,direct_h8_rssm,192,144,9,5e8aae2eb309faa769860b0d840fbda4da306504ebf81ea9a1b710023afc4e4e,27a4f4d05f75f57dde8058f94666adc535080b80c0c0186d823005c9a4c928b9,17.535329435871184,0,144.40964397910778,0.22222222222222221,0.1111111111111111,0.66666666666666663,5,0.26405868346867489,1203.5233118193955,0.10278658223162533,0.011601791723464492,0.035050224540984241,0.0073641752425721843,3.2289822896321615e-05,0.034138899999999993,185.75,0.011423923986751995,0.035600640061803787,0.034138899999999993,185.75,0.0032200206618028778
multizone_office_simple_air,153,multizone_office_simple_air:day153,4,zone_bias_positive,legacy_rssm,192,144,9,5e8aae2eb309faa769860b0d840fbda4da306504ebf81ea9a1b710023afc4e4e,27a4f4d05f75f57dde8058f94666adc535080b80c0c0186d823005c9a4c928b9,15.701895599361144,0.5350986294803306,130.46993733424131,0,0,1,1,1.3600950862203878,1910.6492048988589,0.094519112090948376,0.010553647728312378,0.032231017223013393,0.0049383184132243355,3.1860916332979408e-05,0.034138899999999993,185.75,0.011423923986751995,0.035600640061803787,0.034138899999999993,185.75,-0.0091808477097007814
multizone_office_simple_air,153,multizone_office_simple_air:day153,4,zone_bias_positive,rc_supervisory_selector,192,144,9,5e8aae2eb309faa769860b0d840fbda4da306504ebf81ea9a1b710023afc4e4e,27a4f4d05f75f57dde8058f94666adc535080b80c0c0186d823005c9a4c928b9,18.223998630748081,0.15462091506176989,152.15196132366304,0.22222222222222221,0,0.77777777777777779,5,0.64293400905275488,1197.7636754245336,0.10737129363327995,0.012076023854043204,0.036613611128948474,0.0083722886797304632,8.7493502032694398e-06,0.034138899999999993,185.75,0.011423923986751995,0.035600640061803787,0.034138899999999993,185.75,0.011185500480939369
multizone_office_simple_air,153,multizone_office_simple_air:day153,4,zone_bias_positive,tuned_rule_based,192,144,9,5e8aae2eb309faa769860b0d840fbda4da306504ebf81ea9a1b710023afc4e4e,27a4f4d05f75f57dde8058f94666adc535080b80c0c0186d823005c9a4c928b9,17.659090084534455,0,145.8805259660009,0.33333333333333331,0.22222222222222221,0.44444444444444442,6,0.18601417965880757,926.5179134156275,0.10388693820369876,0.011695403755184247,0.035425445927461288,0.0071821810955086246,7.6404805097419063e-06,0.034138899999999993,185.75,0.011423923986751995,0.035600640061803787,0.034138899999999993,185.75,0.004380987641249081
multizone_office_simple_air,153,multizone_office_simple_air:day153,4,zone_drift_negative,constant_zero,192,144,0,5e8aae2eb309faa769860b0d840fbda4da306504ebf81ea9a1b710023afc4e4e,27a4f4d05f75f57dde8058f94666adc535080b80c0c0186d823005c9a4c928b9,17.085918488678377,0,143.72574969457241,0,1,0,0,0.035600640061803787,1496.3576071855516,0.10311306688033881,0.011423923986751995,0.035161555806195531,0.0057291640105975733,7.6571323623346562e-06,0.034138899999999993,185.75,0.011423923986751995,0.035600640061803787,0.034138899999999993,185.75,0
multizone_office_simple_air,153,multizone_office_simple_air:day153,4,zone_drift_negative,deterministic_wm,192,144,9,5e8aae2eb309faa769860b0d840fbda4da306504ebf81ea9a1b710023afc4e4e,27a4f4d05f75f57dde8058f94666adc535080b80c0c0186d823005c9a4c928b9,15.701875583155552,0.53494168525713803,130.46975991673784,0,0.1111111111111111,0.88888888888888884,3,1.3598445193171447,1910.646192555206,0.094519018191525472,0.010553636755653878,0.032230985203310178,0.004938308790879576,1.7138721639157174e-05,0.034138899999999993,185.75,0.011423923986751995,0.035600640061803787,0.034138899999999993,185.75,-0.0091816828892887295
multizone_office_simple_air,153,multizone_office_simple_air:day153,4,zone_drift_negative,direct_h8_rssm,192,144,9,5e8aae2eb309faa769860b0d840fbda4da306504ebf81ea9a1b710023afc4e4e,27a4f4d05f75f57dde8058f94666adc535080b80c0c0186d823005c9a4c928b9,17.642891265522138,0,145.79663726504299,0.22222222222222221,0,0.77777777777777779,5,0.18800194830151479,938.4806840195871,0.10384369559675094,0.011686762481469543,0.035410700198492073,0.0071862819872051927,3.0574811066632498e-05,0.034138899999999993,185.75,0.011423923986751995,0.035600640061803787,0.034138899999999993,185.75,0.0042597777793945387
multizone_office_simple_air,153,multizone_office_simple_air:day153,4,zone_drift_negative,legacy_rssm,192,144,9,5e8aae2eb309faa769860b0d840fbda4da306504ebf81ea9a1b710023afc4e4e,27a4f4d05f75f57dde8058f94666adc535080b80c0c0186d823005c9a4c928b9,15.701895599361144,0.5350986294803306,130.46993733424131,0,0,1,1,1.3600950862203878,1910.6492048988589,0.094519112090948376,0.010553647728312378,0.032231017223013393,0.0049383184132243355,3.2478722810329151e-05,0.034138899999999993,185.75,0.011423923986751995,0.035600640061803787,0.034138899999999993,185.75,-0.0091808477097007814
multizone_office_simple_air,153,multizone_office_simple_air:day153,4,zone_drift_negative,rc_supervisory_selector,192,144,9,5e8aae2eb309faa769860b0d840fbda4da306504ebf81ea9a1b710023afc4e4e,27a4f4d05f75f57dde8058f94666adc535080b80c0c0186d823005c9a4c928b9,18.128578382277155,0.26876591512451853,150.72537326532881,0.1111111111111111,0.22222222222222221,0.66666666666666663,5,0.82885252788169417,1505.0831802643688,0.10630555431019549,0.012007188379836008,0.036250194019776652,0.0086573967613218193,8.6253073549742179e-06,0.034138899999999993,185.75,0.011423923986751995,0.035600640061803787,0.034138899999999993,185.75,0.010677786374516135
multizone_office_simple_air,153,multizone_office_simple_air:day153,4,zone_drift_negative,tuned_rule_based,192,144,9,5e8aae2eb309faa769860b0d840fbda4da306504ebf81ea9a1b710023afc4e4e,27a4f4d05f75f57dde8058f94666adc535080b80c0c0186d823005c9a4c928b9,17.517444138300771,0,144.31570754934413,0.1111111111111111,0.22222222222222221,0.66666666666666663,5,0.26672941523486338,1226.3798194498224,0.10273775590944673,0.011592300824535096,0.035033574765121332,0.007368998130429444,7.5431283370501236e-06,0.034138899999999993,185.75,0.011423923986751995,0.035600640061803787,0.034138899999999993,185.75,0.0030882055408109638
multizone_office_simple_air,153,multizone_office_simple_air:day153,4,zone_drift_positive,constant_zero,192,144,0,5e8aae2eb309faa769860b0d840fbda4da306504ebf81ea9a1b710023afc4e4e,27a4f4d05f75f57dde8058f94666adc535080b80c0c0186d823005c9a4c928b9,17.085918488678377,0,143.72574969457241,0,1,0,0,0.035600640061803787,1496.3576071855516,0.10311306688033881,0.011423923986751995,0.035161555806195531,0.0057291640105975733,7.6451462462171684e-06,0.034138899999999993,185.75,0.011423923986751995,0.035600640061803787,0.034138899999999993,185.75,0
multizone_office_simple_air,153,multizone_office_simple_air:day153,4,zone_drift_positive,deterministic_wm,192,144,9,5e8aae2eb309faa769860b0d840fbda4da306504ebf81ea9a1b710023afc4e4e,27a4f4d05f75f57dde8058f94666adc535080b80c0c0186d823005c9a4c928b9,15.701895599361144,0.5350986294803306,130.46993733424131,0,0,1,1,1.3600950862203878,1910.6492048988589,0.094519112090948376,0.010553647728312378,0.032231017223013393,0.0049383184132243355,1.7557981889424038e-05,0.034138899999999993,185.75,0.011423923986751995,0.035600640061803787,0.034138899999999993,185.75,-0.0091808477097007814
multizone_office_simple_air,153,multizone_office_simple_air:day153,4,zone_drift_positive,direct_h8_rssm,192,144,9,5e8aae2eb309faa769860b0d840fbda4da306504ebf81ea9a1b710023afc4e4e,27a4f4d05f75f57dde8058f94666adc535080b80c0c0186d823005c9a4c928b9,17.642891265522138,0,145.79663726504299,0.22222222222222221,0,0.77777777777777779,5,0.18800194830151479,938.4806840195871,0.10384369559675094,0.011686762481469543,0.035410700198492073,0.0071862819872051927,3.1179494119924882e-05,0.034138899999999993,185.75,0.011423923986751995,0.035600640061803787,0.034138899999999993,185.75,0.0042597777793945387
multizone_office_simple_air,153,multizone_office_simple_air:day153,4,zone_drift_positive,legacy_rssm,192,144,9,5e8aae2eb309faa769860b0d840fbda4da306504ebf81ea9a1b710023afc4e4e,27a4f4d05f75f57dde8058f94666adc535080b80c0c0186d823005c9a4c928b9,15.701895599361144,0.5350986294803306,130.46993733424131,0,0,1,1,1.3600950862203878,1910.6492048988589,0.094519112090948376,0.010553647728312378,0.032231017223013393,0.0049383184132243355,3.3116996669713814e-05,0.034138899999999993,185.75,0.011423923986751995,0.035600640061803787,0.034138899999999993,185.75,-0.0091808477097007814
multizone_office_simple_air,153,multizone_office_simple_air:day153,4,zone_drift_positive,rc_supervisory_selector,192,144,9,5e8aae2eb309faa769860b0d840fbda4da306504ebf81ea9a1b710023afc4e4e,27a4f4d05f75f57dde8058f94666adc535080b80c0c0186d823005c9a4c928b9,18.128739972094095,0.26886252103523134,150.72653491274872,0.1111111111111111,0,0.88888888888888884,3,0.82904334800962265,1505.0766159277218,0.1063061727559942,0.01200728274941849,0.036250404909794018,0.0086576479595975638,8.7816025920910086e-06,0.034138899999999993,185.75,0.011423923986751995,0.035600640061803787,0.034138899999999993,185.75,0.010679682163759035
multizone_office_simple_air,153,multizone_office_simple_air:day153,4,zone_drift_positive,tuned_rule_based,192,144,9,5e8aae2eb309faa769860b0d840fbda4da306504ebf81ea9a1b710023afc4e4e,27a4f4d05f75f57dde8058f94666adc535080b80c0c0186d823005c9a4c928b9,17.642674023433138,0,145.79480754723772,0.22222222222222221,0.22222222222222221,0.55555555555555558,7,0.18790054247990329,938.49580046635242,0.10384262372277593,0.011686638235997355,0.03541033468946659,0.0071860310924745418,7.5372850707688265e-06,0.034138899999999993,185.75,0.011423923986751995,0.035600640061803787,0.034138899999999993,185.75,0.0042576851109482183
multizone_office_simple_air,153,multizone_office_simple_air:day153,4,zone_stuck,constant_zero,192,144,0,5e8aae2eb309faa769860b0d840fbda4da306504ebf81ea9a1b710023afc4e4e,27a4f4d05f75f57dde8058f94666adc535080b80c0c0186d823005c9a4c928b9,17.085918488678377,0,143.72574969457241,0,1,0,0,0.035600640061803787,1496.3576071855516,0.10311306688033881,0.011423923986751995,0.035161555806195531,0.0057291640105975733,7.6290991085778146e-06,0.034138899999999993,185.75,0.011423923986751995,0.035600640061803787,0.034138899999999993,185.75,0
multizone_office_simple_air,153,multizone_office_simple_air:day153,4,zone_stuck,deterministic_wm,192,144,9,5e8aae2eb309faa769860b0d840fbda4da306504ebf81ea9a1b710023afc4e4e,27a4f4d05f75f57dde8058f94666adc535080b80c0c0186d823005c9a4c928b9,15.701895599361144,0.5350986294803306,130.46993733424131,0,0,1,1,1.3600950862203878,1910.6492048988589,0.094519112090948376,0.010553647728312378,0.032231017223013393,0.0049383184132243355,1.7521529782990373e-05,0.034138899999999993,185.75,0.011423923986751995,0.035600640061803787,0.034138899999999993,185.75,-0.0091808477097007814
multizone_office_simple_air,153,multizone_office_simple_air:day153,4,zone_stuck,direct_h8_rssm,192,144,9,5e8aae2eb309faa769860b0d840fbda4da306504ebf81ea9a1b710023afc4e4e,27a4f4d05f75f57dde8058f94666adc535080b80c0c0186d823005c9a4c928b9,17.642891265522138,0,145.79663726504299,0.22222222222222221,0,0.77777777777777779,5,0.18800194830151479,938.4806840195871,0.10384369559675094,0.011686762481469543,0.035410700198492073,0.0071862819872051927,3.2067316919651888e-05,0.034138899999999993,185.75,0.011423923986751995,0.035600640061803787,0.034138899999999993,185.75,0.0042597777793945387
multizone_office_simple_air,153,multizone_office_simple_air:day153,4,zone_stuck,legacy_rssm,192,144,9,5e8aae2eb309faa769860b0d840fbda4da306504ebf81ea9a1b710023afc4e4e,27a4f4d05f75f57dde8058f94666adc535080b80c0c0186d823005c9a4c928b9,15.701895599361144,0.5350986294803306,130.46993733424131,0,0,1,1,1.3600950862203878,1910.6492048988589,0.094519112090948376,0.010553647728312378,0.032231017223013393,0.0049383184132243355,3.1089065656057271e-05,0.034138899999999993,185.75,0.011423923986751995,0.035600640061803787,0.034138899999999993,185.75,-0.0091808477097007814
multizone_office_simple_air,153,multizone_office_simple_air:day153,4,zone_stuck,rc_supervisory_selector,192,144,9,5e8aae2eb309faa769860b0d840fbda4da306504ebf81ea9a1b710023afc4e4e,27a4f4d05f75f57dde8058f94666adc535080b80c0c0186d823005c9a4c928b9,18.128501181327998,0.26872132755843836,150.72484657538723,0.1111111111111111,0.1111111111111111,0.77777777777777779,5,0.82876696066296318,1505.0915427837235,0.10630502957878306,0.012007126045099382,0.036250015086365016,0.0086572520221325673,8.7122795122733568e-06,0.034138899999999993,185.75,0.011423923986751995,0.035600640061803787,0.034138899999999993,185.75,0.010676643087925975
multizone_office_simple_air,153,multizone_office_simple_air:day153,4,zone_stuck,tuned_rule_based,192,144,9,5e8aae2eb309faa769860b0d840fbda4da306504ebf81ea9a1b710023afc4e4e,27a4f4d05f75f57dde8058f94666adc535080b80c0c0186d823005c9a4c928b9,17.517444138300771,0,144.31570754934413,0.1111111111111111,0.22222222222222221,0.66666666666666663,5,0.26672941523486338,1226.3798194498224,0.10273775590944673,0.011592300824535096,0.035033574765121332,0.007368998130429444,7.7649713464085623e-06,0.034138899999999993,185.75,0.011423923986751995,0.035600640061803787,0.034138899999999993,185.75,0.0030882055408109638
multizone_office_simple_air,225,multizone_office_simple_air:day225,4,clean,constant_zero,192,144,0,17f7a58afcb23d8f6c04ea90bbeaa109c154c6ebbb00be4ea87a3efaba38b8f4,bee36ba59b98ab4a825c0377c0db9bc8857a6d90a75ae596cc10022e0f316c29,18.075776630755307,0,149.86305372460379,0,1,0,0,0,825.3340212964838,0.11400589417522648,0.012567385711837686,0.038876009913752216,0.0054121197270184281,7.7174998356062974e-06,0.034138899999999993,185.75,0.012567385711837686,0,0.034138899999999993,185.75,0
multizone_office_simple_air,225,multizone_office_simple_air:day225,4,clean,deterministic_wm,192,144,9,17f7a58afcb23d8f6c04ea90bbeaa109c154c6ebbb00be4ea87a3efaba38b8f4,bee36ba59b98ab4a825c0377c0db9bc8857a6d90a75ae596cc10022e0f316c29,18.075776040561887,0,149.86304132171537,0,0.1111111111111111,0.88888888888888884,2,0,825.32760063616558,0.11400588263637013,0.012567384982833676,0.038876005979002211,0.0054121197455901365,1.8499971060228599e-05,0.034138899999999993,185.75,0.012567385711837686,0,0.034138899999999993,185.75,-1.0677028403612019e-08
multizone_office_simple_air,225,multizone_office_simple_air:day225,4,clean,direct_h8_rssm,192,144,9,17f7a58afcb23d8f6c04ea90bbeaa109c154c6ebbb00be4ea87a3efaba38b8f4,bee36ba59b98ab4a825c0377c0db9bc8857a6d90a75ae596cc10022e0f316c29,18.232954078474027,0,150.84182994236315,0.22222222222222221,0.22222222222222221,0.55555555555555558,6,0,780.8673584375116,0.11456067134755347,0.0126538721345851,0.039065188929515736,0.0054121197456867267,3.1931282407395574e-05,0.034138899999999993,185.75,0.012567385711837686,0,0.034138899999999993,185.75,0.0012666843798044706
multizone_office_simple_air,225,multizone_office_simple_air:day225,4,clean,legacy_rssm,192,144,9,17f7a58afcb23d8f6c04ea90bbeaa109c154c6ebbb00be4ea87a3efaba38b8f4,bee36ba59b98ab4a825c0377c0db9bc8857a6d90a75ae596cc10022e0f316c29,18.075776040561891,0,149.8630413217154,0,0,1,1,0,825.32760063616558,0.11400588263637018,0.01256738498283368,0.038876005979002225,0.0054121197455901365,3.1305170808162982e-05,0.034138899999999993,185.75,0.012567385711837686,0,0.034138899999999993,185.75,-1.0677028352798329e-08
multizone_office_simple_air,225,multizone_office_simple_air:day225,4,clean,rc_supervisory_selector,192,144,9,17f7a58afcb23d8f6c04ea90bbeaa109c154c6ebbb00be4ea87a3efaba38b8f4,bee36ba59b98ab4a825c0377c0db9bc8857a6d90a75ae596cc10022e0f316c29,18.075776040561891,0,149.8630413217154,0,0,1,1,0,825.32760063616558,0.11400588263637018,0.01256738498283368,0.038876005979002225,0.0054121197455901365,8.6745444670050832e-06,0.034138899999999993,185.75,0.012567385711837686,0,0.034138899999999993,185.75,-1.0677028352798329e-08
multizone_office_simple_air,225,multizone_office_simple_air:day225,4,clean,tuned_rule_based,192,144,9,17f7a58afcb23d8f6c04ea90bbeaa109c154c6ebbb00be4ea87a3efaba38b8f4,bee36ba59b98ab4a825c0377c0db9bc8857a6d90a75ae596cc10022e0f316c29,18.075775852201282,0,149.86304067649422,0,0.22222222222222221,0.77777777777777779,3,0,825.34978542234762,0.11400588466482725,0.012567385162491064,0.038876006670706093,0.0054121198336890145,7.5736428638611377e-06,0.034138899999999993,185.75,0.012567385711837686,0,0.034138899999999993,185.75,-8.0457575084630372e-09
multizone_office_simple_air,225,multizone_office_simple_air:day225,4,zone_bias_negative,constant_zero,192,144,0,17f7a58afcb23d8f6c04ea90bbeaa109c154c6ebbb00be4ea87a3efaba38b8f4,bee36ba59b98ab4a825c0377c0db9bc8857a6d90a75ae596cc10022e0f316c29,18.075776630755307,0,149.86305372460379,0,1,0,0,0,825.3340212964838,0.11400589417522648,0.012567385711837686,0.038876009913752216,0.0054121197270184281,7.5137996618105566e-06,0.034138899999999993,185.75,0.012567385711837686,0,0.034138899999999993,185.75,0
multizone_office_simple_air,225,multizone_office_simple_air:day225,4,zone_bias_negative,deterministic_wm,192,144,9,17f7a58afcb23d8f6c04ea90bbeaa109c154c6ebbb00be4ea87a3efaba38b8f4,bee36ba59b98ab4a825c0377c0db9bc8857a6d90a75ae596cc10022e0f316c29,18.075773767460085,0,149.86301262352771,0,0.33333333333333331,0.66666666666666663,4,0,825.35173708729928,0.11400586551258729,0.012567383629087568,0.038876000139792262,0.0054121197269533907,1.6985701016730664e-05,0.034138899999999993,185.75,0.012567385711837686,0,0.034138899999999993,185.75,-3.0504060151383547e-08
multizone_office_simple_air,225,multizone_office_simple_air:day225,4,zone_bias_negative,direct_h8_rssm,192,144,9,17f7a58afcb23d8f6c04ea90bbeaa109c154c6ebbb00be4ea87a3efaba38b8f4,bee36ba59b98ab4a825c0377c0db9bc8857a6d90a75ae596cc10022e0f316c29,18.232954078474027,0,150.84182994236315,0.22222222222222221,0.22222222222222221,0.55555555555555558,6,0,780.8673584375116,0.11456067134755347,0.0126538721345851,0.039065188929515736,0.0054121197456867267,3.1236459378103242e-05,0.034138899999999993,185.75,0.012567385711837686,0,0.034138899999999993,185.75,0.0012666843798044706
multizone_office_simple_air,225,multizone_office_simple_air:day225,4,zone_bias_negative,legacy_rssm,192,144,9,17f7a58afcb23d8f6c04ea90bbeaa109c154c6ebbb00be4ea87a3efaba38b8f4,bee36ba59b98ab4a825c0377c0db9bc8857a6d90a75ae596cc10022e0f316c29,18.075776040561891,0,149.8630413217154,0,0,1,1,0,825.32760063616558,0.11400588263637018,0.01256738498283368,0.038876005979002225,0.0054121197455901365,3.08882059781894e-05,0.034138899999999993,185.75,0.012567385711837686,0,0.034138899999999993,185.75,-1.0677028352798329e-08
multizone_office_simple_air,225,multizone_office_simple_air:day225,4,zone_bias_negative,rc_supervisory_selector,192,144,9,17f7a58afcb23d8f6c04ea90bbeaa109c154c6ebbb00be4ea87a3efaba38b8f4,bee36ba59b98ab4a825c0377c0db9bc8857a6d90a75ae596cc10022e0f316c29,18.075773767460085,0,149.86301262352771,0,0.22222222222222221,0.77777777777777779,3,0,825.35173708729928,0.11400586551258729,0.012567383629087568,0.038876000139792262,0.0054121197269533907,8.5247346590673454e-06,0.034138899999999993,185.75,0.012567385711837686,0,0.034138899999999993,185.75,-3.0504060151383547e-08
multizone_office_simple_air,225,multizone_office_simple_air:day225,4,zone_bias_negative,tuned_rule_based,192,144,9,17f7a58afcb23d8f6c04ea90bbeaa109c154c6ebbb00be4ea87a3efaba38b8f4,bee36ba59b98ab4a825c0377c0db9bc8857a6d90a75ae596cc10022e0f316c29,18.075775852201282,0,149.86304067649422,0,0.22222222222222221,0.77777777777777779,3,0,825.34978542234762,0.11400588466482725,0.012567385162491064,0.038876006670706093,0.0054121198336890145,7.6213903798829543e-06,0.034138899999999993,185.75,0.012567385711837686,0,0.034138899999999993,185.75,-8.0457575084630372e-09
multizone_office_simple_air,225,multizone_office_simple_air:day225,4,zone_bias_positive,constant_zero,192,144,0,17f7a58afcb23d8f6c04ea90bbeaa109c154c6ebbb00be4ea87a3efaba38b8f4,bee36ba59b98ab4a825c0377c0db9bc8857a6d90a75ae596cc10022e0f316c29,18.075776630755307,0,149.86305372460379,0,1,0,0,0,825.3340212964838,0.11400589417522648,0.012567385711837686,0.038876009913752216,0.0054121197270184281,7.7539838421407178e-06,0.034138899999999993,185.75,0.012567385711837686,0,0.034138899999999993,185.75,0
multizone_office_simple_air,225,multizone_office_simple_air:day225,4,zone_bias_positive,deterministic_wm,192,144,9,17f7a58afcb23d8f6c04ea90bbeaa109c154c6ebbb00be4ea87a3efaba38b8f4,bee36ba59b98ab4a825c0377c0db9bc8857a6d90a75ae596cc10022e0f316c29,18.075776040561887,0,149.86304132171537,0,0.1111111111111111,0.88888888888888884,2,0,825.32760063616558,0.11400588263637013,0.012567384982833676,0.038876005979002211,0.0054121197455901365,1.767154070025894e-05,0.034138899999999993,185.75,0.012567385711837686,0,0.034138899999999993,185.75,-1.0677028403612019e-08
multizone_office_simple_air,225,multizone_office_simple_air:day225,4,zone_bias_positive,direct_h8_rssm,192,144,9,17f7a58afcb23d8f6c04ea90bbeaa109c154c6ebbb00be4ea87a3efaba38b8f4,bee36ba59b98ab4a825c0377c0db9bc8857a6d90a75ae596cc10022e0f316c29,18.232951114114829,0,150.84177959647076,0.33333333333333331,0.1111111111111111,0.55555555555555558,5,0,780.86179546016729,0.11456064080829644,0.012653870261308956,0.03906517851562908,0.00541211972694082,3.2842554555097381e-05,0.034138899999999993,185.75,0.012567385711837686,0,0.034138899999999993,185.75,0.0012666569437104023
multizone_office_simple_air,225,multizone_office_simple_air:day225,4,zone_bias_positive,legacy_rssm,192,144,9,17f7a58afcb23d8f6c04ea90bbeaa109c154c6ebbb00be4ea87a3efaba38b8f4,bee36ba59b98ab4a825c0377c0db9bc8857a6d90a75ae596cc10022e0f316c29,18.075776040561891,0,149.8630413217154,0,0,1,1,0,825.32760063616558,0.11400588263637018,0.01256738498283368,0.038876005979002225,0.0054121197455901365,3.0919140754153802e-05,0.034138899999999993,185.75,0.012567385711837686,0,0.034138899999999993,185.75,-1.0677028352798329e-08
multizone_office_simple_air,225,multizone_office_simple_air:day225,4,zone_bias_positive,rc_supervisory_selector,192,144,9,17f7a58afcb23d8f6c04ea90bbeaa109c154c6ebbb00be4ea87a3efaba38b8f4,bee36ba59b98ab4a825c0377c0db9bc8857a6d90a75ae596cc10022e0f316c29,18.075775006525731,0,149.86303034069553,0.1111111111111111,0,0.88888888888888884,3,0,825.34201238214962,0.11400588596454857,0.012567385023379824,0.038876007113911051,0.0054121197269437604,8.7269341411668252e-06,0.034138899999999993,185.75,0.012567385711837686,0,0.034138899999999993,185.75,-1.0083187535331551e-08
multizone_office_simple_air,225,multizone_office_simple_air:day225,4,zone_bias_positive,tuned_rule_based,192,144,9,17f7a58afcb23d8f6c04ea90bbeaa109c154c6ebbb00be4ea87a3efaba38b8f4,bee36ba59b98ab4a825c0377c0db9bc8857a6d90a75ae596cc10022e0f316c29,18.075776618769645,0,149.8630514048242,0.22222222222222221,0.22222222222222221,0.55555555555555558,4,0,825.34545156454305,0.11400589567979234,0.01256738584992537,0.038876010426809195,0.0054121197455174247,7.6130159099550006e-06,0.034138899999999993,185.75,0.012567385711837686,0,0.034138899999999993,185.75,2.0224389720927989e-09
multizone_office_simple_air,225,multizone_office_simple_air:day225,4,zone_drift_negative,constant_zero,192,144,0,17f7a58afcb23d8f6c04ea90bbeaa109c154c6ebbb00be4ea87a3efaba38b8f4,bee36ba59b98ab4a825c0377c0db9bc8857a6d90a75ae596cc10022e0f316c29,18.075776630755307,0,149.86305372460379,0,1,0,0,0,825.3340212964838,0.11400589417522648,0.012567385711837686,0.038876009913752216,0.0054121197270184281,7.4882532289514985e-06,0.034138899999999993,185.75,0.012567385711837686,0,0.034138899999999993,185.75,0
multizone_office_simple_air,225,multizone_office_simple_air:day225,4,zone_drift_negative,deterministic_wm,192,144,9,17f7a58afcb23d8f6c04ea90bbeaa109c154c6ebbb00be4ea87a3efaba38b8f4,bee36ba59b98ab4a825c0377c0db9bc8857a6d90a75ae596cc10022e0f316c29,18.07577553993719,0,149.86303605980686,0,0.22222222222222221,0.77777777777777779,4,0,825.34534632238876,0.1140058749140517,0.012567384420798383,0.03887600334569162,0.0054121197269313649,1.7682383960592946e-05,0.034138899999999993,185.75,0.012567385711837686,0,0.034138899999999993,185.75,-1.8908624812775216e-08
multizone_office_simple_air,225,multizone_office_simple_air:day225,4,zone_drift_negative,direct_h8_rssm,192,144,9,17f7a58afcb23d8f6c04ea90bbeaa109c154c6ebbb00be4ea87a3efaba38b8f4,bee36ba59b98ab4a825c0377c0db9bc8857a6d90a75ae596cc10022e0f316c29,18.232954078474027,0,150.84182994236315,0.22222222222222221,0.22222222222222221,0.55555555555555558,6,0,780.8673584375116,0.11456067134755347,0.0126538721345851,0.039065188929515736,0.0054121197456867267,3.2273663414849173e-05,0.034138899999999993,185.75,0.012567385711837686,0,0.034138899999999993,185.75,0.0012666843798044706
multizone_office_simple_air,225,multizone_office_simple_air:day225,4,zone_drift_negative,legacy_rssm,192,144,9,17f7a58afcb23d8f6c04ea90bbeaa109c154c6ebbb00be4ea87a3efaba38b8f4,bee36ba59b98ab4a825c0377c0db9bc8857a6d90a75ae596cc10022e0f316c29,18.075776040561891,0,149.8630413217154,0,0,1,1,0,825.32760063616558,0.11400588263637018,0.01256738498283368,0.038876005979002225,0.0054121197455901365,3.188730326414525e-05,0.034138899999999993,185.75,0.012567385711837686,0,0.034138899999999993,185.75,-1.0677028352798329e-08
multizone_office_simple_air,225,multizone_office_simple_air:day225,4,zone_drift_negative,rc_supervisory_selector,192,144,9,17f7a58afcb23d8f6c04ea90bbeaa109c154c6ebbb00be4ea87a3efaba38b8f4,bee36ba59b98ab4a825c0377c0db9bc8857a6d90a75ae596cc10022e0f316c29,18.075773767460085,0,149.86301262352771,0,0.22222222222222221,0.77777777777777779,3,0,825.35173708729928,0.11400586551258729,0.012567383629087568,0.038876000139792262,0.0054121197269533907,8.4911632704277111e-06,0.034138899999999993,185.75,0.012567385711837686,0,0.034138899999999993,185.75,-3.0504060151383547e-08
multizone_office_simple_air,225,multizone_office_simple_air:day225,4,zone_drift_negative,tuned_rule_based,192,144,9,17f7a58afcb23d8f6c04ea90bbeaa109c154c6ebbb00be4ea87a3efaba38b8f4,bee36ba59b98ab4a825c0377c0db9bc8857a6d90a75ae596cc10022e0f316c29,18.075775852201282,0,149.86304067649422,0,0.22222222222222221,0.77777777777777779,3,0,825.34978542234762,0.11400588466482725,0.012567385162491064,0.038876006670706093,0.0054121198336890145,7.6016289609473007e-06,0.034138899999999993,185.75,0.012567385711837686,0,0.034138899999999993,185.75,-8.0457575084630372e-09
multizone_office_simple_air,225,multizone_office_simple_air:day225,4,zone_drift_positive,constant_zero,192,144,0,17f7a58afcb23d8f6c04ea90bbeaa109c154c6ebbb00be4ea87a3efaba38b8f4,bee36ba59b98ab4a825c0377c0db9bc8857a6d90a75ae596cc10022e0f316c29,18.075776630755307,0,149.86305372460379,0,1,0,0,0,825.3340212964838,0.11400589417522648,0.012567385711837686,0.038876009913752216,0.0054121197270184281,7.6362627616380784e-06,0.034138899999999993,185.75,0.012567385711837686,0,0.034138899999999993,185.75,0
multizone_office_simple_air,225,multizone_office_simple_air:day225,4,zone_drift_positive,deterministic_wm,192,144,9,17f7a58afcb23d8f6c04ea90bbeaa109c154c6ebbb00be4ea87a3efaba38b8f4,bee36ba59b98ab4a825c0377c0db9bc8857a6d90a75ae596cc10022e0f316c29,18.075776040561887,0,149.86304132171537,0,0.1111111111111111,0.88888888888888884,2,0,825.32760063616558,0.11400588263637013,0.012567384982833676,0.038876005979002211,0.0054121197455901365,1.7059133661701763e-05,0.034138899999999993,185.75,0.012567385711837686,0,0.034138899999999993,185.75,-1.0677028403612019e-08
multizone_office_simple_air,225,multizone_office_simple_air:day225,4,zone_drift_positive,direct_h8_rssm,192,144,9,17f7a58afcb23d8f6c04ea90bbeaa109c154c6ebbb00be4ea87a3efaba38b8f4,bee36ba59b98ab4a825c0377c0db9bc8857a6d90a75ae596cc10022e0f316c29,18.232951114114829,0,150.84177959647076,0.33333333333333331,0.1111111111111111,0.55555555555555558,5,0,780.86179546016729,0.11456064080829644,0.012653870261308956,0.03906517851562908,0.00541211972694082,3.0582829087608571e-05,0.034138899999999993,185.75,0.012567385711837686,0,0.034138899999999993,185.75,0.0012666569437104023
multizone_office_simple_air,225,multizone_office_simple_air:day225,4,zone_drift_positive,legacy_rssm,192,144,9,17f7a58afcb23d8f6c04ea90bbeaa109c154c6ebbb00be4ea87a3efaba38b8f4,bee36ba59b98ab4a825c0377c0db9bc8857a6d90a75ae596cc10022e0f316c29,18.075776040561891,0,149.8630413217154,0,0,1,1,0,825.32760063616558,0.11400588263637018,0.01256738498283368,0.038876005979002225,0.0054121197455901365,3.1441685208891491e-05,0.034138899999999993,185.75,0.012567385711837686,0,0.034138899999999993,185.75,-1.0677028352798329e-08
multizone_office_simple_air,225,multizone_office_simple_air:day225,4,zone_drift_positive,rc_supervisory_selector,192,144,9,17f7a58afcb23d8f6c04ea90bbeaa109c154c6ebbb00be4ea87a3efaba38b8f4,bee36ba59b98ab4a825c0377c0db9bc8857a6d90a75ae596cc10022e0f316c29,18.075776040561891,0,149.8630413217154,0,0,1,1,0,825.32760063616558,0.11400588263637018,0.01256738498283368,0.038876005979002225,0.0054121197455901365,8.9925080277740842e-06,0.034138899999999993,185.75,0.012567385711837686,0,0.034138899999999993,185.75,-1.0677028352798329e-08
multizone_office_simple_air,225,multizone_office_simple_air:day225,4,zone_drift_positive,tuned_rule_based,192,144,9,17f7a58afcb23d8f6c04ea90bbeaa109c154c6ebbb00be4ea87a3efaba38b8f4,bee36ba59b98ab4a825c0377c0db9bc8857a6d90a75ae596cc10022e0f316c29,18.075775852201282,0,149.86304067649422,0,0.22222222222222221,0.77777777777777779,3,0,825.34978542234762,0.11400588466482725,0.012567385162491064,0.038876006670706093,0.0054121198336890145,7.9504829149318337e-06,0.034138899999999993,185.75,0.012567385711837686,0,0.034138899999999993,185.75,-8.0457575084630372e-09
multizone_office_simple_air,225,multizone_office_simple_air:day225,4,zone_stuck,constant_zero,192,144,0,17f7a58afcb23d8f6c04ea90bbeaa109c154c6ebbb00be4ea87a3efaba38b8f4,bee36ba59b98ab4a825c0377c0db9bc8857a6d90a75ae596cc10022e0f316c29,18.075776630755307,0,149.86305372460379,0,1,0,0,0,825.3340212964838,0.11400589417522648,0.012567385711837686,0.038876009913752216,0.0054121197270184281,7.6396164330997884e-06,0.034138899999999993,185.75,0.012567385711837686,0,0.034138899999999993,185.75,0
multizone_office_simple_air,225,multizone_office_simple_air:day225,4,zone_stuck,deterministic_wm,192,144,9,17f7a58afcb23d8f6c04ea90bbeaa109c154c6ebbb00be4ea87a3efaba38b8f4,bee36ba59b98ab4a825c0377c0db9bc8857a6d90a75ae596cc10022e0f316c29,18.075776040561887,0,149.86304132171537,0,0.1111111111111111,0.88888888888888884,2,0,825.32760063616558,0.11400588263637013,0.012567384982833676,0.038876005979002211,0.0054121197455901365,1.8376183412739398e-05,0.034138899999999993,185.75,0.012567385711837686,0,0.034138899999999993,185.75,-1.0677028403612019e-08
multizone_office_simple_air,225,multizone_office_simple_air:day225,4,zone_stuck,direct_h8_rssm,192,144,9,17f7a58afcb23d8f6c04ea90bbeaa109c154c6ebbb00be4ea87a3efaba38b8f4,bee36ba59b98ab4a825c0377c0db9bc8857a6d90a75ae596cc10022e0f316c29,18.232954078474027,0,150.84182994236315,0.22222222222222221,0.22222222222222221,0.55555555555555558,6,0,780.8673584375116,0.11456067134755347,0.0126538721345851,0.039065188929515736,0.0054121197456867267,3.1758367217786788e-05,0.034138899999999993,185.75,0.012567385711837686,0,0.034138899999999993,185.75,0.0012666843798044706
multizone_office_simple_air,225,multizone_office_simple_air:day225,4,zone_stuck,legacy_rssm,192,144,9,17f7a58afcb23d8f6c04ea90bbeaa109c154c6ebbb00be4ea87a3efaba38b8f4,bee36ba59b98ab4a825c0377c0db9bc8857a6d90a75ae596cc10022e0f316c29,18.075776040561891,0,149.8630413217154,0,0,1,1,0,825.32760063616558,0.11400588263637018,0.01256738498283368,0.038876005979002225,0.0054121197455901365,3.1573644830016915e-05,0.034138899999999993,185.75,0.012567385711837686,0,0.034138899999999993,185.75,-1.0677028352798329e-08
multizone_office_simple_air,225,multizone_office_simple_air:day225,4,zone_stuck,rc_supervisory_selector,192,144,9,17f7a58afcb23d8f6c04ea90bbeaa109c154c6ebbb00be4ea87a3efaba38b8f4,bee36ba59b98ab4a825c0377c0db9bc8857a6d90a75ae596cc10022e0f316c29,18.075777136665703,0,149.86306178182872,0,0.1111111111111111,0.88888888888888884,3,0,825.34487821514563,0.11400589237067024,0.012567385424399873,0.038876009298398545,0.0054121197269900393,8.9565052966727562e-06,0.034138899999999993,185.75,0.012567385711837686,0,0.034138899999999993,185.75,-4.2098282770470234e-09
multizone_office_simple_air,225,multizone_office_simple_air:day225,4,zone_stuck,tuned_rule_based,192,144,9,17f7a58afcb23d8f6c04ea90bbeaa109c154c6ebbb00be4ea87a3efaba38b8f4,bee36ba59b98ab4a825c0377c0db9bc8857a6d90a75ae596cc10022e0f316c29,18.075775852201282,0,149.86304067649422,0,0.22222222222222221,0.77777777777777779,3,0,825.34978542234762,0.11400588466482725,0.012567385162491064,0.038876006670706093,0.0054121198336890145,8.0207172280622819e-06,0.034138899999999993,185.75,0.012567385711837686,0,0.034138899999999993,185.75,-8.0457575084630372e-09
multizone_office_simple_air,252,multizone_office_simple_air:day252,3,clean,constant_zero,192,144,0,8347f31977e1555778e910323cdb09b583fdc593857881628c2c2ddaf85720e9,80bd949c7f83db601992cea6e4f26ede000514ec8c7c3dff1e5f81fc263a8660,18.088153755468085,0,149.4366704549544,0,1,0,0,0.046451340762124566,1912.3512131895657,0.10832350598486763,0.01215099231501569,0.036938315540839865,0.0064880324777672436,7.9369836244699638e-06,0.034138899999999993,185.75,0.01215099231501569,0.046451340762124566,0.034138899999999993,185.75,0
multizone_office_simple_air,252,multizone_office_simple_air:day252,3,clean,deterministic_wm,192,144,9,8347f31977e1555778e910323cdb09b583fdc593857881628c2c2ddaf85720e9,80bd949c7f83db601992cea6e4f26ede000514ec8c7c3dff1e5f81fc263a8660,16.589058198974882,0.0083578876506464894,136.32645827349279,0,0,1,1,1.1246639232612929,2509.4902729678511,0.10061697534364229,0.011272568864046963,0.034310388592182023,0.0055587326992959443,1.7634056694913976e-05,0.034138899999999993,185.75,0.01215099231501569,0.046451340762124566,0.034138899999999993,185.75,-0.009963110957891954
multizone_office_simple_air,252,multizone_office_simple_air:day252,3,clean,direct_h8_rssm,192,144,9,8347f31977e1555778e910323cdb09b583fdc593857881628c2c2ddaf85720e9,80bd949c7f83db601992cea6e4f26ede000514ec8c7c3dff1e5f81fc263a8660,19.248699513154509,0,157.82101205133301,0.22222222222222221,0.1111111111111111,0.66666666666666663,5,0.58793381748855544,1949.4398049785036,0.11307950333151082,0.01284366896919706,0.038560110636045197,0.0094359909387558109,3.2027777438249747e-05,0.034138899999999993,185.75,0.01215099231501569,0.046451340762124566,0.034138899999999993,185.75,0.011602533311425538
multizone_office_simple_air,252,multizone_office_simple_air:day252,3,clean,legacy_rssm,192,144,9,8347f31977e1555778e910323cdb09b583fdc593857881628c2c2ddaf85720e9,80bd949c7f83db601992cea6e4f26ede000514ec8c7c3dff1e5f81fc263a8660,16.589058198974882,0.0083578876506464894,136.32645827349279,0,0,1,1,1.1246639232612929,2509.4902729678511,0.10061697534364229,0.011272568864046963,0.034310388592182023,0.0055587326992959443,3.2607803100621441e-05,0.034138899999999993,185.75,0.01215099231501569,0.046451340762124566,0.034138899999999993,185.75,-0.009963110957891954
multizone_office_simple_air,252,multizone_office_simple_air:day252,3,clean,rc_supervisory_selector,192,144,9,8347f31977e1555778e910323cdb09b583fdc593857881628c2c2ddaf85720e9,80bd949c7f83db601992cea6e4f26ede000514ec8c7c3dff1e5f81fc263a8660,16.589058198974882,0.0083578876506464894,136.32645827349279,0,0,1,1,1.1246639232612929,2509.4902729678511,0.10061697534364229,0.011272568864046963,0.034310388592182023,0.0055587326992959443,8.9920752959725748e-06,0.034138899999999993,185.75,0.01215099231501569,0.046451340762124566,0.034138899999999993,185.75,-0.009963110957891954
multizone_office_simple_air,252,multizone_office_simple_air:day252,3,clean,tuned_rule_based,192,144,9,8347f31977e1555778e910323cdb09b583fdc593857881628c2c2ddaf85720e9,80bd949c7f83db601992cea6e4f26ede000514ec8c7c3dff1e5f81fc263a8660,19.055526431293949,0,156.13246435056737,0.1111111111111111,0.22222222222222221,0.66666666666666663,5,0.60911428680056179,2054.9439557545688,0.11212737981735349,0.012743156299225461,0.038235436517717533,0.0095706853239482925,7.8165302309898395e-06,0.034138899999999993,185.75,0.01215099231501569,0.046451340762124566,0.034138899999999993,185.75,0.010187433204740488
multizone_office_simple_air,252,multizone_office_simple_air:day252,3,zone_bias_negative,constant_zero,192,144,0,8347f31977e1555778e910323cdb09b583fdc593857881628c2c2ddaf85720e9,80bd949c7f83db601992cea6e4f26ede000514ec8c7c3dff1e5f81fc263a8660,18.088153755468085,0,149.4366704549544,0,1,0,0,0.046451340762124566,1912.3512131895657,0.10832350598486763,0.01215099231501569,0.036938315540839865,0.0064880324777672436,7.4120494360976473e-06,0.034138899999999993,185.75,0.01215099231501569,0.046451340762124566,0.034138899999999993,185.75,0
multizone_office_simple_air,252,multizone_office_simple_air:day252,3,zone_bias_negative,deterministic_wm,192,144,9,8347f31977e1555778e910323cdb09b583fdc593857881628c2c2ddaf85720e9,80bd949c7f83db601992cea6e4f26ede000514ec8c7c3dff1e5f81fc263a8660,16.589050414324941,0.0083597747854895488,136.32631677662198,0,0.22222222222222221,0.77777777777777779,3,1.1246693160851886,2509.4894773680016,0.10061700220990617,0.011272572085565626,0.034310397753578005,0.0055587366143685785,1.7779093970386977e-05,0.034138899999999993,185.75,0.01215099231501569,0.046451340762124566,0.034138899999999993,185.75,-0.0099630492590223173
multizone_office_simple_air,252,multizone_office_simple_air:day252,3,zone_bias_negative,direct_h8_rssm,192,144,9,8347f31977e1555778e910323cdb09b583fdc593857881628c2c2ddaf85720e9,80bd949c7f83db601992cea6e4f26ede000514ec8c7c3dff1e5f81fc263a8660,19.248699513154509,0,157.82101205133301,0.22222222222222221,0.1111111111111111,0.66666666666666663,5,0.58793381748855544,1949.4398049785036,0.11307950333151082,0.01284366896919706,0.038560110636045197,0.0094359909387558109,3.1544758595305172e-05,0.034138899999999993,185.75,0.01215099231501569,0.046451340762124566,0.034138899999999993,185.75,0.011602533311425538
multizone_office_simple_air,252,multizone_office_simple_air:day252,3,zone_bias_negative,legacy_rssm,192,144,9,8347f31977e1555778e910323cdb09b583fdc593857881628c2c2ddaf85720e9,80bd949c7f83db601992cea6e4f26ede000514ec8c7c3dff1e5f81fc263a8660,16.589058198974882,0.0083578876506464894,136.32645827349279,0,0,1,1,1.1246639232612929,2509.4902729678511,0.10061697534364229,0.011272568864046963,0.034310388592182023,0.0055587326992959443,3.2876374209738529e-05,0.034138899999999993,185.75,0.01215099231501569,0.046451340762124566,0.034138899999999993,185.75,-0.009963110957891954
multizone_office_simple_air,252,multizone_office_simple_air:day252,3,zone_bias_negative,rc_supervisory_selector,192,144,9,8347f31977e1555778e910323cdb09b583fdc593857881628c2c2ddaf85720e9,80bd949c7f83db601992cea6e4f26ede000514ec8c7c3dff1e5f81fc263a8660,16.58910181155569,0.0083582488795741483,136.32707157065826,0,0.1111111111111111,0.88888888888888884,3,1.1246646397410263,2509.4939734549484,0.1006170593903486,0.011272574847873045,0.034310417252108871,0.0055587326598499527,8.9495663312786618e-06,0.034138899999999993,185.75,0.01215099231501569,0.046451340762124566,0.034138899999999993,185.75,-0.0099630213898693216
multizone_office_simple_air,252,multizone_office_simple_air:day252,3,zone_bias_negative,tuned_rule_based,192,144,9,8347f31977e1555778e910323cdb09b583fdc593857881628c2c2ddaf85720e9,80bd949c7f83db601992cea6e4f26ede000514ec8c7c3dff1e5f81fc263a8660,19.055526431293949,0,156.13246435056737,0.1111111111111111,0.22222222222222221,0.66666666666666663,5,0.60911428680056179,2054.9439557545688,0.11212737981735349,0.012743156299225461,0.038235436517717533,0.0095706853239482925,7.833874177072824e-06,0.034138899999999993,185.75,0.01215099231501569,0.046451340762124566,0.034138899999999993,185.75,0.010187433204740488
multizone_office_simple_air,252,multizone_office_simple_air:day252,3,zone_bias_positive,constant_zero,192,144,0,8347f31977e1555778e910323cdb09b583fdc593857881628c2c2ddaf85720e9,80bd949c7f83db601992cea6e4f26ede000514ec8c7c3dff1e5f81fc263a8660,18.088153755468085,0,149.4366704549544,0,1,0,0,0.046451340762124566,1912.3512131895657,0.10832350598486763,0.01215099231501569,0.036938315540839865,0.0064880324777672436,7.8974385952242184e-06,0.034138899999999993,185.75,0.01215099231501569,0.046451340762124566,0.034138899999999993,185.75,0
multizone_office_simple_air,252,multizone_office_simple_air:day252,3,zone_bias_positive,deterministic_wm,192,144,9,8347f31977e1555778e910323cdb09b583fdc593857881628c2c2ddaf85720e9,80bd949c7f83db601992cea6e4f26ede000514ec8c7c3dff1e5f81fc263a8660,16.589058198974882,0.0083578876506464894,136.32645827349279,0,0,1,1,1.1246639232612929,2509.4902729678511,0.10061697534364229,0.011272568864046963,0.034310388592182023,0.0055587326992959443,1.7814006550219117e-05,0.034138899999999993,185.75,0.01215099231501569,0.046451340762124566,0.034138899999999993,185.75,-0.009963110957891954
multizone_office_simple_air,252,multizone_office_simple_air:day252,3,zone_bias_positive,direct_h8_rssm,192,144,9,8347f31977e1555778e910323cdb09b583fdc593857881628c2c2ddaf85720e9,80bd949c7f83db601992cea6e4f26ede000514ec8c7c3dff1e5f81fc263a8660,19.248699513154509,0,157.82101205133301,0.22222222222222221,0.1111111111111111,0.66666666666666663,5,0.58793381748855544,1949.4398049785036,0.11307950333151082,0.01284366896919706,0.038560110636045197,0.0094359909387558109,3.1608002625488138e-05,0.034138899999999993,185.75,0.01215099231501569,0.046451340762124566,0.034138899999999993,185.75,0.011602533311425538
multizone_office_simple_air,252,multizone_office_simple_air:day252,3,zone_bias_positive,legacy_rssm,192,144,9,8347f31977e1555778e910323cdb09b583fdc593857881628c2c2ddaf85720e9,80bd949c7f83db601992cea6e4f26ede000514ec8c7c3dff1e5f81fc263a8660,16.589058198974882,0.0083578876506464894,136.32645827349279,0,0,1,1,1.1246639232612929,2509.4902729678511,0.10061697534364229,0.011272568864046963,0.034310388592182023,0.0055587326992959443,3.0928187900119352e-05,0.034138899999999993,185.75,0.01215099231501569,0.046451340762124566,0.034138899999999993,185.75,-0.009963110957891954
multizone_office_simple_air,252,multizone_office_simple_air:day252,3,zone_bias_positive,rc_supervisory_selector,192,144,9,8347f31977e1555778e910323cdb09b583fdc593857881628c2c2ddaf85720e9,80bd949c7f83db601992cea6e4f26ede000514ec8c7c3dff1e5f81fc263a8660,16.656798783633651,0.0060362127191098125,136.71187640820364,0.1111111111111111,0,0.88888888888888884,3,1.1145556792866167,2507.4090378384235,0.10085481272802371,0.011314819231645712,0.034391491140256088,0.0055482035778393691,8.6563627965371239e-06,0.034138899999999993,185.75,0.01215099231501569,0.046451340762124566,0.034138899999999993,185.75,-0.0093715192769596688
multizone_office_simple_air,252,multizone_office_simple_air:day252,3,zone_bias_positive,tuned_rule_based,192,144,9,8347f31977e1555778e910323cdb09b583fdc593857881628c2c2ddaf85720e9,80bd949c7f83db601992cea6e4f26ede000514ec8c7c3dff1e5f81fc263a8660,19.287581010248338,0,158.03187918476181,0.33333333333333331,0.22222222222222221,0.44444444444444442,6,0.58394380921872113,1947.2071242144557,0.11322199756533512,0.012869962296443691,0.038608701169779276,0.0094087863250595458,7.5764916815544161e-06,0.034138899999999993,185.75,0.01215099231501569,0.046451340762124566,0.034138899999999993,185.75,0.01197688640443186
multizone_office_simple_air,252,multizone_office_simple_air:day252,3,zone_drift_negative,constant_zero,192,144,0,8347f31977e1555778e910323cdb09b583fdc593857881628c2c2ddaf85720e9,80bd949c7f83db601992cea6e4f26ede000514ec8c7c3dff1e5f81fc263a8660,18.088153755468085,0,149.4366704549544,0,1,0,0,0.046451340762124566,1912.3512131895657,0.10832350598486763,0.01215099231501569,0.036938315540839865,0.0064880324777672436,7.6217440549130348e-06,0.034138899999999993,185.75,0.01215099231501569,0.046451340762124566,0.034138899999999993,185.75,0
multizone_office_simple_air,252,multizone_office_simple_air:day252,3,zone_drift_negative,deterministic_wm,192,144,9,8347f31977e1555778e910323cdb09b583fdc593857881628c2c2ddaf85720e9,80bd949c7f83db601992cea6e4f26ede000514ec8c7c3dff1e5f81fc263a8660,16.589064909864163,0.0083581782879775801,136.32655205962431,0,0.1111111111111111,0.88888888888888884,3,1.1246642056290395,2509.4903807060259,0.10061697563734966,0.011272568913509988,0.03431038869233622,0.0055587327400605339,1.7492514560914715e-05,0.034138899999999993,185.75,0.01215099231501569,0.046451340762124566,0.034138899999999993,185.75,-0.0099631094733793717
multizone_office_simple_air,252,multizone_office_simple_air:day252,3,zone_drift_negative,direct_h8_rssm,192,144,9,8347f31977e1555778e910323cdb09b583fdc593857881628c2c2ddaf85720e9,80bd949c7f83db601992cea6e4f26ede000514ec8c7c3dff1e5f81fc263a8660,19.248699513154509,0,157.82101205133301,0.22222222222222221,0.1111111111111111,0.66666666666666663,5,0.58793381748855544,1949.4398049785036,0.11307950333151082,0.01284366896919706,0.038560110636045197,0.0094359909387558109,3.2231320885463536e-05,0.034138899999999993,185.75,0.01215099231501569,0.046451340762124566,0.034138899999999993,185.75,0.011602533311425538
multizone_office_simple_air,252,multizone_office_simple_air:day252,3,zone_drift_negative,legacy_rssm,192,144,9,8347f31977e1555778e910323cdb09b583fdc593857881628c2c2ddaf85720e9,80bd949c7f83db601992cea6e4f26ede000514ec8c7c3dff1e5f81fc263a8660,16.589058198974882,0.0083578876506464894,136.32645827349279,0,0,1,1,1.1246639232612929,2509.4902729678511,0.10061697534364229,0.011272568864046963,0.034310388592182023,0.0055587326992959443,3.1513281517627977e-05,0.034138899999999993,185.75,0.01215099231501569,0.046451340762124566,0.034138899999999993,185.75,-0.009963110957891954
multizone_office_simple_air,252,multizone_office_simple_air:day252,3,zone_drift_negative,rc_supervisory_selector,192,144,9,8347f31977e1555778e910323cdb09b583fdc593857881628c2c2ddaf85720e9,80bd949c7f83db601992cea6e4f26ede000514ec8c7c3dff1e5f81fc263a8660,16.589050414324941,0.0083597747854895488,136.32631677662198,0,0.22222222222222221,0.77777777777777779,3,1.1246693160851886,2509.4894773680016,0.10061700220990617,0.011272572085565626,0.034310397753578005,0.0055587366143685785,8.9086620803486841e-06,0.034138899999999993,185.75,0.01215099231501569,0.046451340762124566,0.034138899999999993,185.75,-0.0099630492590223173
multizone_office_simple_air,252,multizone_office_simple_air:day252,3,zone_drift_negative,tuned_rule_based,192,144,9,8347f31977e1555778e910323cdb09b583fdc593857881628c2c2ddaf85720e9,80bd949c7f83db601992cea6e4f26ede000514ec8c7c3dff1e5f81fc263a8660,19.055526431293949,0,156.13246435056737,0.1111111111111111,0.22222222222222221,0.66666666666666663,5,0.60911428680056179,2054.9439557545688,0.11212737981735349,0.012743156299225461,0.038235436517717533,0.0095706853239482925,7.8232625392094948e-06,0.034138899999999993,185.75,0.01215099231501569,0.046451340762124566,0.034138899999999993,185.75,0.010187433204740488
multizone_office_simple_air,252,multizone_office_simple_air:day252,3,zone_drift_positive,constant_zero,192,144,0,8347f31977e1555778e910323cdb09b583fdc593857881628c2c2ddaf85720e9,80bd949c7f83db601992cea6e4f26ede000514ec8c7c3dff1e5f81fc263a8660,18.088153755468085,0,149.4366704549544,0,1,0,0,0.046451340762124566,1912.3512131895657,0.10832350598486763,0.01215099231501569,0.036938315540839865,0.0064880324777672436,7.4777747393347904e-06,0.034138899999999993,185.75,0.01215099231501569,0.046451340762124566,0.034138899999999993,185.75,0
multizone_office_simple_air,252,multizone_office_simple_air:day252,3,zone_drift_positive,deterministic_wm,192,144,9,8347f31977e1555778e910323cdb09b583fdc593857881628c2c2ddaf85720e9,80bd949c7f83db601992cea6e4f26ede000514ec8c7c3dff1e5f81fc263a8660,16.589058198974882,0.0083578876506464894,136.32645827349279,0,0,1,1,1.1246639232612929,2509.4902729678511,0.10061697534364229,0.011272568864046963,0.034310388592182023,0.0055587326992959443,1.758618157848915e-05,0.034138899999999993,185.75,0.01215099231501569,0.046451340762124566,0.034138899999999993,185.75,-0.009963110957891954
multizone_office_simple_air,252,multizone_office_simple_air:day252,3,zone_drift_positive,direct_h8_rssm,192,144,9,8347f31977e1555778e910323cdb09b583fdc593857881628c2c2ddaf85720e9,80bd949c7f83db601992cea6e4f26ede000514ec8c7c3dff1e5f81fc263a8660,19.248699513154509,0,157.82101205133301,0.22222222222222221,0.1111111111111111,0.66666666666666663,5,0.58793381748855544,1949.4398049785036,0.11307950333151082,0.01284366896919706,0.038560110636045197,0.0094359909387558109,2.9950800713166865e-05,0.034138899999999993,185.75,0.01215099231501569,0.046451340762124566,0.034138899999999993,185.75,0.011602533311425538
multizone_office_simple_air,252,multizone_office_simple_air:day252,3,zone_drift_positive,legacy_rssm,192,144,9,8347f31977e1555778e910323cdb09b583fdc593857881628c2c2ddaf85720e9,80bd949c7f83db601992cea6e4f26ede000514ec8c7c3dff1e5f81fc263a8660,16.589058198974882,0.0083578876506464894,136.32645827349279,0,0,1,1,1.1246639232612929,2509.4902729678511,0.10061697534364229,0.011272568864046963,0.034310388592182023,0.0055587326992959443,3.0619829043598629e-05,0.034138899999999993,185.75,0.01215099231501569,0.046451340762124566,0.034138899999999993,185.75,-0.009963110957891954
multizone_office_simple_air,252,multizone_office_simple_air:day252,3,zone_drift_positive,rc_supervisory_selector,192,144,9,8347f31977e1555778e910323cdb09b583fdc593857881628c2c2ddaf85720e9,80bd949c7f83db601992cea6e4f26ede000514ec8c7c3dff1e5f81fc263a8660,16.589058198974882,0.0083578876506464894,136.32645827349279,0,0,1,1,1.1246639232612929,2509.4902729678511,0.10061697534364229,0.011272568864046963,0.034310388592182023,0.0055587326992959443,8.7844583445887989e-06,0.034138899999999993,185.75,0.01215099231501569,0.046451340762124566,0.034138899999999993,185.75,-0.009963110957891954
multizone_office_simple_air,252,multizone_office_simple_air:day252,3,zone_drift_positive,tuned_rule_based,192,144,9,8347f31977e1555778e910323cdb09b583fdc593857881628c2c2ddaf85720e9,80bd949c7f83db601992cea6e4f26ede000514ec8c7c3dff1e5f81fc263a8660,19.111947752363537,0,156.43782603385165,0.22222222222222221,0.22222222222222221,0.55555555555555558,7,0.60326275908000526,2048.8662674878024,0.11231480458600394,0.012778039619576839,0.038299348363827333,0.0095341611892326792,7.6535012986924925e-06,0.034138899999999993,185.75,0.01215099231501569,0.046451340762124566,0.034138899999999993,185.75,0.010682584937596086
multizone_office_simple_air,252,multizone_office_simple_air:day252,3,zone_stuck,constant_zero,192,144,0,8347f31977e1555778e910323cdb09b583fdc593857881628c2c2ddaf85720e9,80bd949c7f83db601992cea6e4f26ede000514ec8c7c3dff1e5f81fc263a8660,18.088153755468085,0,149.4366704549544,0,1,0,0,0.046451340762124566,1912.3512131895657,0.10832350598486763,0.01215099231501569,0.036938315540839865,0.0064880324777672436,7.59660538855925e-06,0.034138899999999993,185.75,0.01215099231501569,0.046451340762124566,0.034138899999999993,185.75,0
multizone_office_simple_air,252,multizone_office_simple_air:day252,3,zone_stuck,deterministic_wm,192,144,9,8347f31977e1555778e910323cdb09b583fdc593857881628c2c2ddaf85720e9,80bd949c7f83db601992cea6e4f26ede000514ec8c7c3dff1e5f81fc263a8660,16.589058198974882,0.0083578876506464894,136.32645827349279,0,0,1,1,1.1246639232612929,2509.4902729678511,0.10061697534364229,0.011272568864046963,0.034310388592182023,0.0055587326992959443,1.79998912112251e-05,0.034138899999999993,185.75,0.01215099231501569,0.046451340762124566,0.034138899999999993,185.75,-0.009963110957891954
multizone_office_simple_air,252,multizone_office_simple_air:day252,3,zone_stuck,direct_h8_rssm,192,144,9,8347f31977e1555778e910323cdb09b583fdc593857881628c2c2ddaf85720e9,80bd949c7f83db601992cea6e4f26ede000514ec8c7c3dff1e5f81fc263a8660,19.248699513154509,0,157.82101205133301,0.22222222222222221,0.1111111111111111,0.66666666666666663,5,0.58793381748855544,1949.4398049785036,0.11307950333151082,0.01284366896919706,0.038560110636045197,0.0094359909387558109,3.2142997828245579e-05,0.034138899999999993,185.75,0.01215099231501569,0.046451340762124566,0.034138899999999993,185.75,0.011602533311425538
multizone_office_simple_air,252,multizone_office_simple_air:day252,3,zone_stuck,legacy_rssm,192,144,9,8347f31977e1555778e910323cdb09b583fdc593857881628c2c2ddaf85720e9,80bd949c7f83db601992cea6e4f26ede000514ec8c7c3dff1e5f81fc263a8660,16.589058198974882,0.0083578876506464894,136.32645827349279,0,0,1,1,1.1246639232612929,2509.4902729678511,0.10061697534364229,0.011272568864046963,0.034310388592182023,0.0055587326992959443,3.1653621156524955e-05,0.034138899999999993,185.75,0.01215099231501569,0.046451340762124566,0.034138899999999993,185.75,-0.009963110957891954
multizone_office_simple_air,252,multizone_office_simple_air:day252,3,zone_stuck,rc_supervisory_selector,192,144,9,8347f31977e1555778e910323cdb09b583fdc593857881628c2c2ddaf85720e9,80bd949c7f83db601992cea6e4f26ede000514ec8c7c3dff1e5f81fc263a8660,16.58910181155569,0.0083582488795741483,136.32707157065826,0,0.1111111111111111,0.88888888888888884,3,1.1246646397410263,2509.4939734549484,0.1006170593903486,0.011272574847873045,0.034310417252108871,0.0055587326598499527,8.5886097564608499e-06,0.034138899999999993,185.75,0.01215099231501569,0.046451340762124566,0.034138899999999993,185.75,-0.0099630213898693216
multizone_office_simple_air,252,multizone_office_simple_air:day252,3,zone_stuck,tuned_rule_based,192,144,9,8347f31977e1555778e910323cdb09b583fdc593857881628c2c2ddaf85720e9,80bd949c7f83db601992cea6e4f26ede000514ec8c7c3dff1e5f81fc263a8660,19.055526431293949,0,156.13246435056737,0.1111111111111111,0.22222222222222221,0.66666666666666663,5,0.60911428680056179,2054.9439557545688,0.11212737981735349,0.012743156299225461,0.038235436517717533,0.0095706853239482925,7.7241780523507658e-06,0.034138899999999993,185.75,0.01215099231501569,0.046451340762124566,0.034138899999999993,185.75,0.010187433204740488
multizone_office_simple_air,261,multizone_office_simple_air:day261,3,clean,constant_zero,192,144,0,ae9e6ed987e2417bfbd52160f0bcd15023ae33b7416376e07cb2875b693732e6,f496503121ea849025ee34f1e87cbd1a182424634ff047b428b2083d7bdbee51,5.209210391460072,0,44.28861687597815,0,1,0,0,0.56719124994575121,0,0.045506811373840328,0.0044502670053297938,0.015517822678479553,0.0052098323010175557,7.5979354840645338e-06,0.034138899999999993,185.75,0.0044502670053297938,0.56719124994575121,0.034138899999999993,185.75,0
multizone_office_simple_air,261,multizone_office_simple_air:day261,3,clean,deterministic_wm,192,144,9,ae9e6ed987e2417bfbd52160f0bcd15023ae33b7416376e07cb2875b693732e6,f496503121ea849025ee34f1e87cbd1a182424634ff047b428b2083d7bdbee51,5.2092203088388258,0,44.288756440829331,0,0.33333333333333331,0.66666666666666663,4,0.56719600219436961,0,0.045507035997166885,0.0044502861342638053,0.015517899275033912,0.0052098323010175557,1.7516348097059461e-05,0.034138899999999993,185.75,0.0044502670053297938,0.56719124994575121,0.034138899999999993,185.75,2.9295535911365514e-07
multizone_office_simple_air,261,multizone_office_simple_air:day261,3,clean,direct_h8_rssm,192,144,9,ae9e6ed987e2417bfbd52160f0bcd15023ae33b7416376e07cb2875b693732e6,f496503121ea849025ee34f1e87cbd1a182424634ff047b428b2083d7bdbee51,5.209211662675763,0,44.288634802782518,0.22222222222222221,0,0.77777777777777779,5,0.56719059705059727,0,0.045506841267322504,0.0044502691088806542,0.015517832872156977,0.0052098323010175557,3.1212435828314883e-05,0.034138899999999993,185.75,0.0044502670053297938,0.56719124994575121,0.034138899999999993,185.75,2.9051252166822812e-08
multizone_office_simple_air,261,multizone_office_simple_air:day261,3,clean,legacy_rssm,192,144,9,ae9e6ed987e2417bfbd52160f0bcd15023ae33b7416376e07cb2875b693732e6,f496503121ea849025ee34f1e87cbd1a182424634ff047b428b2083d7bdbee51,5.2092057865519399,0,44.288552268896225,0,0,1,1,0.56719111496012564,0,0.045506871722168593,0.0044502744474926434,0.015517843257259493,0.0052098323010175557,3.1167262511727696e-05,0.034138899999999993,185.75,0.0044502670053297938,0.56719124994575121,0.034138899999999993,185.75,1.0863492831666263e-07
multizone_office_simple_air,261,multizone_office_simple_air:day261,3,clean,rc_supervisory_selector,192,144,9,ae9e6ed987e2417bfbd52160f0bcd15023ae33b7416376e07cb2875b693732e6,f496503121ea849025ee34f1e87cbd1a182424634ff047b428b2083d7bdbee51,5.2092102858703386,0,44.288615479318594,0,0.1111111111111111,0.88888888888888884,3,0.56718852696743804,0,0.045506839770206725,0.0044502690266157406,0.015517832361640498,0.0052098323010175557,8.9160046513653413e-06,0.034138899999999993,185.75,0.0044502670053297938,0.56719124994575121,0.034138899999999993,185.75,2.2274166985369265e-08
multizone_office_simple_air,261,multizone_office_simple_air:day261,3,clean,tuned_rule_based,192,144,9,ae9e6ed987e2417bfbd52160f0bcd15023ae33b7416376e07cb2875b693732e6,f496503121ea849025ee34f1e87cbd1a182424634ff047b428b2083d7bdbee51,5.2092046098100937,0,44.288535615385271,0,0.22222222222222221,0.77777777777777779,3,0.56719098315579075,0,0.045506887001846345,0.0044502754831883306,0.015517848467629608,0.0052098323010175557,7.6301656815116669e-06,0.034138899999999993,185.75,0.0044502670053297938,0.56719124994575121,0.034138899999999993,185.75,1.234489884375986e-07
multizone_office_simple_air,261,multizone_office_simple_air:day261,3,zone_bias_negative,constant_zero,192,144,0,ae9e6ed987e2417bfbd52160f0bcd15023ae33b7416376e07cb2875b693732e6,f496503121ea849025ee34f1e87cbd1a182424634ff047b428b2083d7bdbee51,5.209210391460072,0,44.28861687597815,0,1,0,0,0.56719124994575121,0,0.045506811373840328,0.0044502670053297938,0.015517822678479553,0.0052098323010175557,7.3791243712384734e-06,0.034138899999999993,185.75,0.0044502670053297938,0.56719124994575121,0.034138899999999993,185.75,0
multizone_office_simple_air,261,multizone_office_simple_air:day261,3,zone_bias_negative,deterministic_wm,192,144,9,ae9e6ed987e2417bfbd52160f0bcd15023ae33b7416376e07cb2875b693732e6,f496503121ea849025ee34f1e87cbd1a182424634ff047b428b2083d7bdbee51,5.2092203088388258,0,44.288756440829331,0,0.33333333333333331,0.66666666666666663,4,0.56719600219436961,0,0.045507035997166885,0.0044502861342638053,0.015517899275033912,0.0052098323010175557,1.7281627155723373e-05,0.034138899999999993,185.75,0.0044502670053297938,0.56719124994575121,0.034138899999999993,185.75,2.9295535911365514e-07
multizone_office_simple_air,261,multizone_office_simple_air:day261,3,zone_bias_negative,direct_h8_rssm,192,144,9,ae9e6ed987e2417bfbd52160f0bcd15023ae33b7416376e07cb2875b693732e6,f496503121ea849025ee34f1e87cbd1a182424634ff047b428b2083d7bdbee51,5.2092128820702772,0,44.28865208267429,0.1111111111111111,0,0.88888888888888884,3,0.56719111496012564,0,0.045506843293231028,0.0044502693218764228,0.015517833562991782,0.0052098323010175557,2.9564844168085495e-05,0.034138899999999993,185.75,0.0044502670053297938,0.56719124994575121,0.034138899999999993,185.75,3.3564902326945425e-08
multizone_office_simple_air,261,multizone_office_simple_air:day261,3,zone_bias_negative,legacy_rssm,192,144,9,ae9e6ed987e2417bfbd52160f0bcd15023ae33b7416376e07cb2875b693732e6,f496503121ea849025ee34f1e87cbd1a182424634ff047b428b2083d7bdbee51,5.2092057865519399,0,44.288552268896225,0,0,1,1,0.56719111496012564,0,0.045506871722168593,0.0044502744474926434,0.015517843257259493,0.0052098323010175557,3.0569946994748208e-05,0.034138899999999993,185.75,0.0044502670053297938,0.56719124994575121,0.034138899999999993,185.75,1.0863492831666263e-07
multizone_office_simple_air,261,multizone_office_simple_air:day261,3,zone_bias_negative,rc_supervisory_selector,192,144,9,ae9e6ed987e2417bfbd52160f0bcd15023ae33b7416376e07cb2875b693732e6,f496503121ea849025ee34f1e87cbd1a182424634ff047b428b2083d7bdbee51,5.2092203088388178,0,44.288756440829175,0,0.22222222222222221,0.77777777777777779,3,0.56719600219436961,0,0.045507035997166802,0.0044502861342638001,0.015517899275033881,0.0052098323010175557,8.4968206839481029e-06,0.034138899999999993,185.75,0.0044502670053297938,0.56719124994575121,0.034138899999999993,185.75,2.9295535903743462e-07
multizone_office_simple_air,261,multizone_office_simple_air:day261,3,zone_bias_negative,tuned_rule_based,192,144,9,ae9e6ed987e2417bfbd52160f0bcd15023ae33b7416376e07cb2875b693732e6,f496503121ea849025ee34f1e87cbd1a182424634ff047b428b2083d7bdbee51,5.2092046098100937,0,44.288535615385271,0,0.22222222222222221,0.77777777777777779,3,0.56719098315579075,0,0.045506887001846345,0.0044502754831883306,0.015517848467629608,0.0052098323010175557,7.7010518662661847e-06,0.034138899999999993,185.75,0.0044502670053297938,0.56719124994575121,0.034138899999999993,185.75,1.234489884375986e-07
multizone_office_simple_air,261,multizone_office_simple_air:day261,3,zone_bias_positive,constant_zero,192,144,0,ae9e6ed987e2417bfbd52160f0bcd15023ae33b7416376e07cb2875b693732e6,f496503121ea849025ee34f1e87cbd1a182424634ff047b428b2083d7bdbee51,5.209210391460072,0,44.28861687597815,0,1,0,0,0.56719124994575121,0,0.045506811373840328,0.0044502670053297938,0.015517822678479553,0.0052098323010175557,7.8003513320647675e-06,0.034138899999999993,185.75,0.0044502670053297938,0.56719124994575121,0.034138899999999993,185.75,0
multizone_office_simple_air,261,multizone_office_simple_air:day261,3,zone_bias_positive,deterministic_wm,192,144,9,ae9e6ed987e2417bfbd52160f0bcd15023ae33b7416376e07cb2875b693732e6,f496503121ea849025ee34f1e87cbd1a182424634ff047b428b2083d7bdbee51,5.2092057865519372,0,44.288552268896183,0,0.1111111111111111,0.88888888888888884,2,0.56719111496012564,0,0.045506871722168565,0.0044502744474926416,0.015517843257259481,0.0052098323010175557,1.7498839102629106e-05,0.034138899999999993,185.75,0.0044502670053297938,0.56719124994575121,0.034138899999999993,185.75,1.0863492829125578e-07
multizone_office_simple_air,261,multizone_office_simple_air:day261,3,zone_bias_positive,direct_h8_rssm,192,144,9,ae9e6ed987e2417bfbd52160f0bcd15023ae33b7416376e07cb2875b693732e6,f496503121ea849025ee34f1e87cbd1a182424634ff047b428b2083d7bdbee51,5.209211662675763,0,44.288634802782518,0.22222222222222221,0,0.77777777777777779,5,0.56719059705059727,0,0.045506841267322504,0.0044502691088806542,0.015517832872156977,0.0052098323010175557,3.1754508692556646e-05,0.034138899999999993,185.75,0.0044502670053297938,0.56719124994575121,0.034138899999999993,185.75,2.9051252166822812e-08
multizone_office_simple_air,261,multizone_office_simple_air:day261,3,zone_bias_positive,legacy_rssm,192,144,9,ae9e6ed987e2417bfbd52160f0bcd15023ae33b7416376e07cb2875b693732e6,f496503121ea849025ee34f1e87cbd1a182424634ff047b428b2083d7bdbee51,5.2092057865519399,0,44.288552268896225,0,0,1,1,0.56719111496012564,0,0.045506871722168593,0.0044502744474926434,0.015517843257259493,0.0052098323010175557,3.2272763277223596e-05,0.034138899999999993,185.75,0.0044502670053297938,0.56719124994575121,0.034138899999999993,185.75,1.0863492831666263e-07
multizone_office_simple_air,261,multizone_office_simple_air:day261,3,zone_bias_positive,rc_supervisory_selector,192,144,9,ae9e6ed987e2417bfbd52160f0bcd15023ae33b7416376e07cb2875b693732e6,f496503121ea849025ee34f1e87cbd1a182424634ff047b428b2083d7bdbee51,5.2092057865519399,0,44.288552268896225,0,0,1,1,0.56719111496012564,0,0.045506871722168593,0.0044502744474926434,0.015517843257259493,0.0052098323010175557,8.4929482891089426e-06,0.034138899999999993,185.75,0.0044502670053297938,0.56719124994575121,0.034138899999999993,185.75,1.0863492831666263e-07
multizone_office_simple_air,261,multizone_office_simple_air:day261,3,zone_bias_positive,tuned_rule_based,192,144,9,ae9e6ed987e2417bfbd52160f0bcd15023ae33b7416376e07cb2875b693732e6,f496503121ea849025ee34f1e87cbd1a182424634ff047b428b2083d7bdbee51,5.2092028509104606,0,44.288510991767261,0.1111111111111111,0.22222222222222221,0.66666666666666663,5,0.56719180501286448,0,0.045506857590895171,0.0044502734740991968,0.015517838438495258,0.0052098323010175557,7.6664166786145035e-06,0.034138899999999993,185.75,0.0044502670053297938,0.56719124994575121,0.034138899999999993,185.75,9.6236037354485145e-08
multizone_office_simple_air,261,multizone_office_simple_air:day261,3,zone_drift_negative,constant_zero,192,144,0,ae9e6ed987e2417bfbd52160f0bcd15023ae33b7416376e07cb2875b693732e6,f496503121ea849025ee34f1e87cbd1a182424634ff047b428b2083d7bdbee51,5.209210391460072,0,44.28861687597815,0,1,0,0,0.56719124994575121,0,0.045506811373840328,0.0044502670053297938,0.015517822678479553,0.0052098323010175557,7.4863211924146265e-06,0.034138899999999993,185.75,0.0044502670053297938,0.56719124994575121,0.034138899999999993,185.75,0
multizone_office_simple_air,261,multizone_office_simple_air:day261,3,zone_drift_negative,deterministic_wm,192,144,9,ae9e6ed987e2417bfbd52160f0bcd15023ae33b7416376e07cb2875b693732e6,f496503121ea849025ee34f1e87cbd1a182424634ff047b428b2083d7bdbee51,5.2092203088388258,0,44.288756440829331,0,0.33333333333333331,0.66666666666666663,4,0.56719600219436961,0,0.045507035997166885,0.0044502861342638053,0.015517899275033912,0.0052098323010175557,1.6718910765412105e-05,0.034138899999999993,185.75,0.0044502670053297938,0.56719124994575121,0.034138899999999993,185.75,2.9295535911365514e-07
multizone_office_simple_air,261,multizone_office_simple_air:day261,3,zone_drift_negative,direct_h8_rssm,192,144,9,ae9e6ed987e2417bfbd52160f0bcd15023ae33b7416376e07cb2875b693732e6,f496503121ea849025ee34f1e87cbd1a182424634ff047b428b2083d7bdbee51,5.209211662675763,0,44.288634802782518,0.22222222222222221,0,0.77777777777777779,5,0.56719059705059727,0,0.045506841267322504,0.0044502691088806542,0.015517832872156977,0.0052098323010175557,3.1784971901814277e-05,0.034138899999999993,185.75,0.0044502670053297938,0.56719124994575121,0.034138899999999993,185.75,2.9051252166822812e-08
multizone_office_simple_air,261,multizone_office_simple_air:day261,3,zone_drift_negative,legacy_rssm,192,144,9,ae9e6ed987e2417bfbd52160f0bcd15023ae33b7416376e07cb2875b693732e6,f496503121ea849025ee34f1e87cbd1a182424634ff047b428b2083d7bdbee51,5.2092057865519399,0,44.288552268896225,0,0,1,1,0.56719111496012564,0,0.045506871722168593,0.0044502744474926434,0.015517843257259493,0.0052098323010175557,3.2020579111166927e-05,0.034138899999999993,185.75,0.0044502670053297938,0.56719124994575121,0.034138899999999993,185.75,1.0863492831666263e-07
multizone_office_simple_air,261,multizone_office_simple_air:day261,3,zone_drift_negative,rc_supervisory_selector,192,144,9,ae9e6ed987e2417bfbd52160f0bcd15023ae33b7416376e07cb2875b693732e6,f496503121ea849025ee34f1e87cbd1a182424634ff047b428b2083d7bdbee51,5.2092203088388178,0,44.288756440829175,0,0.22222222222222221,0.77777777777777779,3,0.56719600219436961,0,0.045507035997166802,0.0044502861342638001,0.015517899275033881,0.0052098323010175557,8.791237809479131e-06,0.034138899999999993,185.75,0.0044502670053297938,0.56719124994575121,0.034138899999999993,185.75,2.9295535903743462e-07
multizone_office_simple_air,261,multizone_office_simple_air:day261,3,zone_drift_negative,tuned_rule_based,192,144,9,ae9e6ed987e2417bfbd52160f0bcd15023ae33b7416376e07cb2875b693732e6,f496503121ea849025ee34f1e87cbd1a182424634ff047b428b2083d7bdbee51,5.2092046098100937,0,44.288535615385271,0,0.22222222222222221,0.77777777777777779,3,0.56719098315579075,0,0.045506887001846345,0.0044502754831883306,0.015517848467629608,0.0052098323010175557,7.6083987171113181e-06,0.034138899999999993,185.75,0.0044502670053297938,0.56719124994575121,0.034138899999999993,185.75,1.234489884375986e-07
multizone_office_simple_air,261,multizone_office_simple_air:day261,3,zone_drift_positive,constant_zero,192,144,0,ae9e6ed987e2417bfbd52160f0bcd15023ae33b7416376e07cb2875b693732e6,f496503121ea849025ee34f1e87cbd1a182424634ff047b428b2083d7bdbee51,5.209210391460072,0,44.28861687597815,0,1,0,0,0.56719124994575121,0,0.045506811373840328,0.0044502670053297938,0.015517822678479553,0.0052098323010175557,7.5190839828482326e-06,0.034138899999999993,185.75,0.0044502670053297938,0.56719124994575121,0.034138899999999993,185.75,0
multizone_office_simple_air,261,multizone_office_simple_air:day261,3,zone_drift_positive,deterministic_wm,192,144,9,ae9e6ed987e2417bfbd52160f0bcd15023ae33b7416376e07cb2875b693732e6,f496503121ea849025ee34f1e87cbd1a182424634ff047b428b2083d7bdbee51,5.2092057865519372,0,44.288552268896183,0,0.1111111111111111,0.88888888888888884,2,0.56719111496012564,0,0.045506871722168565,0.0044502744474926416,0.015517843257259481,0.0052098323010175557,1.7510581113627792e-05,0.034138899999999993,185.75,0.0044502670053297938,0.56719124994575121,0.034138899999999993,185.75,1.0863492829125578e-07
multizone_office_simple_air,261,multizone_office_simple_air:day261,3,zone_drift_positive,direct_h8_rssm,192,144,9,ae9e6ed987e2417bfbd52160f0bcd15023ae33b7416376e07cb2875b693732e6,f496503121ea849025ee34f1e87cbd1a182424634ff047b428b2083d7bdbee51,5.209211662675763,0,44.288634802782518,0.22222222222222221,0,0.77777777777777779,5,0.56719059705059727,0,0.045506841267322504,0.0044502691088806542,0.015517832872156977,0.0052098323010175557,3.0834289260074243e-05,0.034138899999999993,185.75,0.0044502670053297938,0.56719124994575121,0.034138899999999993,185.75,2.9051252166822812e-08
multizone_office_simple_air,261,multizone_office_simple_air:day261,3,zone_drift_positive,legacy_rssm,192,144,9,ae9e6ed987e2417bfbd52160f0bcd15023ae33b7416376e07cb2875b693732e6,f496503121ea849025ee34f1e87cbd1a182424634ff047b428b2083d7bdbee51,5.2092057865519399,0,44.288552268896225,0,0,1,1,0.56719111496012564,0,0.045506871722168593,0.0044502744474926434,0.015517843257259493,0.0052098323010175557,3.121558006868035e-05,0.034138899999999993,185.75,0.0044502670053297938,0.56719124994575121,0.034138899999999993,185.75,1.0863492831666263e-07
multizone_office_simple_air,261,multizone_office_simple_air:day261,3,zone_drift_positive,rc_supervisory_selector,192,144,9,ae9e6ed987e2417bfbd52160f0bcd15023ae33b7416376e07cb2875b693732e6,f496503121ea849025ee34f1e87cbd1a182424634ff047b428b2083d7bdbee51,5.2092057865519399,0,44.288552268896225,0,0,1,1,0.56719111496012564,0,0.045506871722168593,0.0044502744474926434,0.015517843257259493,0.0052098323010175557,8.9893402090732829e-06,0.034138899999999993,185.75,0.0044502670053297938,0.56719124994575121,0.034138899999999993,185.75,1.0863492831666263e-07
multizone_office_simple_air,261,multizone_office_simple_air:day261,3,zone_drift_positive,tuned_rule_based,192,144,9,ae9e6ed987e2417bfbd52160f0bcd15023ae33b7416376e07cb2875b693732e6,f496503121ea849025ee34f1e87cbd1a182424634ff047b428b2083d7bdbee51,5.2092046098100937,0,44.288535615385271,0,0.22222222222222221,0.77777777777777779,3,0.56719098315579075,0,0.045506887001846345,0.0044502754831883306,0.015517848467629608,0.0052098323010175557,7.7470296201766953e-06,0.034138899999999993,185.75,0.0044502670053297938,0.56719124994575121,0.034138899999999993,185.75,1.234489884375986e-07
multizone_office_simple_air,261,multizone_office_simple_air:day261,3,zone_stuck,constant_zero,192,144,0,ae9e6ed987e2417bfbd52160f0bcd15023ae33b7416376e07cb2875b693732e6,f496503121ea849025ee34f1e87cbd1a182424634ff047b428b2083d7bdbee51,5.209210391460072,0,44.28861687597815,0,1,0,0,0.56719124994575121,0,0.045506811373840328,0.0044502670053297938,0.015517822678479553,0.0052098323010175557,7.6253667967897864e-06,0.034138899999999993,185.75,0.0044502670053297938,0.56719124994575121,0.034138899999999993,185.75,0
multizone_office_simple_air,261,multizone_office_simple_air:day261,3,zone_stuck,deterministic_wm,192,144,9,ae9e6ed987e2417bfbd52160f0bcd15023ae33b7416376e07cb2875b693732e6,f496503121ea849025ee34f1e87cbd1a182424634ff047b428b2083d7bdbee51,5.2092203088388258,0,44.288756440829331,0,0.33333333333333331,0.66666666666666663,4,0.56719600219436961,0,0.045507035997166885,0.0044502861342638053,0.015517899275033912,0.0052098323010175557,1.7963293473896691e-05,0.034138899999999993,185.75,0.0044502670053297938,0.56719124994575121,0.034138899999999993,185.75,2.9295535911365514e-07
multizone_office_simple_air,261,multizone_office_simple_air:day261,3,zone_stuck,direct_h8_rssm,192,144,9,ae9e6ed987e2417bfbd52160f0bcd15023ae33b7416376e07cb2875b693732e6,f496503121ea849025ee34f1e87cbd1a182424634ff047b428b2083d7bdbee51,5.209211662675763,0,44.288634802782518,0.22222222222222221,0,0.77777777777777779,5,0.56719059705059727,0,0.045506841267322504,0.0044502691088806542,0.015517832872156977,0.0052098323010175557,3.1755464308618324e-05,0.034138899999999993,185.75,0.0044502670053297938,0.56719124994575121,0.034138899999999993,185.75,2.9051252166822812e-08
multizone_office_simple_air,261,multizone_office_simple_air:day261,3,zone_stuck,legacy_rssm,192,144,9,ae9e6ed987e2417bfbd52160f0bcd15023ae33b7416376e07cb2875b693732e6,f496503121ea849025ee34f1e87cbd1a182424634ff047b428b2083d7bdbee51,5.2092057865519399,0,44.288552268896225,0,0,1,1,0.56719111496012564,0,0.045506871722168593,0.0044502744474926434,0.015517843257259493,0.0052098323010175557,3.1762160555854512e-05,0.034138899999999993,185.75,0.0044502670053297938,0.56719124994575121,0.034138899999999993,185.75,1.0863492831666263e-07
multizone_office_simple_air,261,multizone_office_simple_air:day261,3,zone_stuck,rc_supervisory_selector,192,144,9,ae9e6ed987e2417bfbd52160f0bcd15023ae33b7416376e07cb2875b693732e6,f496503121ea849025ee34f1e87cbd1a182424634ff047b428b2083d7bdbee51,5.2092102858703386,0,44.288615479318594,0,0.1111111111111111,0.88888888888888884,3,0.56718852696743804,0,0.045506839770206725,0.0044502690266157406,0.015517832361640498,0.0052098323010175557,8.6177234527605641e-06,0.034138899999999993,185.75,0.0044502670053297938,0.56719124994575121,0.034138899999999993,185.75,2.2274166985369265e-08
multizone_office_simple_air,261,multizone_office_simple_air:day261,3,zone_stuck,tuned_rule_based,192,144,9,ae9e6ed987e2417bfbd52160f0bcd15023ae33b7416376e07cb2875b693732e6,f496503121ea849025ee34f1e87cbd1a182424634ff047b428b2083d7bdbee51,5.2092046098100937,0,44.288535615385271,0,0.22222222222222221,0.77777777777777779,3,0.56719098315579075,0,0.045506887001846345,0.0044502754831883306,0.015517848467629608,0.0052098323010175557,7.686929830359192e-06,0.034138899999999993,185.75,0.0044502670053297938,0.56719124994575121,0.034138899999999993,185.75,1.234489884375986e-07
multizone_office_simple_air,270,multizone_office_simple_air:day270,3,clean,constant_zero,192,144,0,f4d933924d1cbce2d47592ad3021ca67145b9525c0173c547d9b51bd30c7fc8a,ab778c14f7920be94e721bd6dffea899da1b340dc8ddec26343b8223be90ec69,11.316680411651786,0,86.105137922149538,0,1,0,0,0.013983004349886983,882.51431074708432,0.069270460856648855,0.0080262508079194331,0.023621227152117258,0.0053273658877258457,7.5636997411527081e-06,0.034138899999999993,185.75,0.0080262508079194331,0.013983004349886983,0.034138899999999993,185.75,0
multizone_office_simple_air,270,multizone_office_simple_air:day270,3,clean,deterministic_wm,192,144,9,f4d933924d1cbce2d47592ad3021ca67145b9525c0173c547d9b51bd30c7fc8a,ab778c14f7920be94e721bd6dffea899da1b340dc8ddec26343b8223be90ec69,11.153974507882674,0,85.045479876143361,0,0,1,1,0.26471802562801605,911.15713915511628,0.06863364185295677,0.0079297344053647339,0.023404071871858265,0.0051806718378009384,1.7336095884277628e-05,0.034138899999999993,185.75,0.0080262508079194331,0.013983004349886983,0.034138899999999993,185.75,-0.00073865792183269014
multizone_office_simple_air,270,multizone_office_simple_air:day270,3,clean,direct_h8_rssm,192,144,9,f4d933924d1cbce2d47592ad3021ca67145b9525c0173c547d9b51bd30c7fc8a,ab778c14f7920be94e721bd6dffea899da1b340dc8ddec26343b8223be90ec69,11.808850872602179,0,90.260545041926093,0.1111111111111111,0,0.88888888888888884,2,0.14936156960425431,602.55170815448332,0.071721420830214905,0.0083043674941782279,0.024457004503103289,0.0060841887410776211,3.1528637948737999e-05,0.034138899999999993,185.75,0.0080262508079194331,0.013983004349886983,0.034138899999999993,185.75,0.0044377212703238869
multizone_office_simple_air,270,multizone_office_simple_air:day270,3,clean,legacy_rssm,192,144,9,f4d933924d1cbce2d47592ad3021ca67145b9525c0173c547d9b51bd30c7fc8a,ab778c14f7920be94e721bd6dffea899da1b340dc8ddec26343b8223be90ec69,11.153974507882674,0,85.045479876143361,0,0,1,1,0.26471802562801605,911.15713915511628,0.06863364185295677,0.0079297344053647339,0.023404071871858265,0.0051806718378009384,3.1575851484812443e-05,0.034138899999999993,185.75,0.0080262508079194331,0.013983004349886983,0.034138899999999993,185.75,-0.00073865792183269014
multizone_office_simple_air,270,multizone_office_simple_air:day270,3,clean,rc_supervisory_selector,192,144,9,f4d933924d1cbce2d47592ad3021ca67145b9525c0173c547d9b51bd30c7fc8a,ab778c14f7920be94e721bd6dffea899da1b340dc8ddec26343b8223be90ec69,11.153974507882674,0,85.045479876143361,0,0,1,1,0.26471802562801605,911.15713915511628,0.06863364185295677,0.0079297344053647339,0.023404071871858265,0.0051806718378009384,8.0792511390211121e-06,0.034138899999999993,185.75,0.0080262508079194331,0.013983004349886983,0.034138899999999993,185.75,-0.00073865792183269014
multizone_office_simple_air,270,multizone_office_simple_air:day270,3,clean,tuned_rule_based,192,144,9,f4d933924d1cbce2d47592ad3021ca67145b9525c0173c547d9b51bd30c7fc8a,ab778c14f7920be94e721bd6dffea899da1b340dc8ddec26343b8223be90ec69,11.153973084868129,0,85.04547461532573,0,0.22222222222222221,0.77777777777777779,3,0.26472967621669796,911.15713915511628,0.068633652219347821,0.0079297356610369338,0.023404075406797609,0.0051806718378009384,7.7112515767415349e-06,0.034138899999999993,185.75,0.0080262508079194331,0.013983004349886983,0.034138899999999993,185.75,-0.00073860817025762514
multizone_office_simple_air,270,multizone_office_simple_air:day270,3,zone_bias_negative,constant_zero,192,144,0,f4d933924d1cbce2d47592ad3021ca67145b9525c0173c547d9b51bd30c7fc8a,ab778c14f7920be94e721bd6dffea899da1b340dc8ddec26343b8223be90ec69,11.316680411651786,0,86.105137922149538,0,1,0,0,0.013983004349886983,882.51431074708432,0.069270460856648855,0.0080262508079194331,0.023621227152117258,0.0053273658877258457,7.2856279498550194e-06,0.034138899999999993,185.75,0.0080262508079194331,0.013983004349886983,0.034138899999999993,185.75,0
multizone_office_simple_air,270,multizone_office_simple_air:day270,3,zone_bias_negative,deterministic_wm,192,144,9,f4d933924d1cbce2d47592ad3021ca67145b9525c0173c547d9b51bd30c7fc8a,ab778c14f7920be94e721bd6dffea899da1b340dc8ddec26343b8223be90ec69,11.15396942916953,0,85.045425249333206,0,0.22222222222222221,0.77777777777777779,3,0.26472643048365568,911.15713915511628,0.068633601243186168,0.0079297319300523812,0.023404058023926488,0.0051806718378009384,1.7205711850737196e-05,0.034138899999999993,185.75,0.0080262508079194331,0.013983004349886983,0.034138899999999993,185.75,-0.000738671551271836
multizone_office_simple_air,270,multizone_office_simple_air:day270,3,zone_bias_negative,direct_h8_rssm,192,144,9,f4d933924d1cbce2d47592ad3021ca67145b9525c0173c547d9b51bd30c7fc8a,ab778c14f7920be94e721bd6dffea899da1b340dc8ddec26343b8223be90ec69,11.808850872602179,0,90.260545041926093,0.1111111111111111,0,0.88888888888888884,2,0.14936156960425431,602.55170815448332,0.071721420830214905,0.0083043674941782279,0.024457004503103289,0.0060841887410776211,3.331593818065384e-05,0.034138899999999993,185.75,0.0080262508079194331,0.013983004349886983,0.034138899999999993,185.75,0.0044377212703238869
multizone_office_simple_air,270,multizone_office_simple_air:day270,3,zone_bias_negative,legacy_rssm,192,144,9,f4d933924d1cbce2d47592ad3021ca67145b9525c0173c547d9b51bd30c7fc8a,ab778c14f7920be94e721bd6dffea899da1b340dc8ddec26343b8223be90ec69,11.153974507882674,0,85.045479876143361,0,0,1,1,0.26471802562801605,911.15713915511628,0.06863364185295677,0.0079297344053647339,0.023404071871858265,0.0051806718378009384,3.177227427475393e-05,0.034138899999999993,185.75,0.0080262508079194331,0.013983004349886983,0.034138899999999993,185.75,-0.00073865792183269014
multizone_office_simple_air,270,multizone_office_simple_air:day270,3,zone_bias_negative,rc_supervisory_selector,192,144,9,f4d933924d1cbce2d47592ad3021ca67145b9525c0173c547d9b51bd30c7fc8a,ab778c14f7920be94e721bd6dffea899da1b340dc8ddec26343b8223be90ec69,11.153971549250128,0,85.045438249564555,0,0.1111111111111111,0.88888888888888884,3,0.2647188894778702,911.15713915511628,0.06863359664740537,0.0079297311957520766,0.023404056456765229,0.0051806718378009384,8.718472292702028e-06,0.034138899999999993,185.75,0.0080262508079194331,0.013983004349886983,0.034138899999999993,185.75,-0.00073870260467429798
multizone_office_simple_air,270,multizone_office_simple_air:day270,3,zone_bias_negative,tuned_rule_based,192,144,9,f4d933924d1cbce2d47592ad3021ca67145b9525c0173c547d9b51bd30c7fc8a,ab778c14f7920be94e721bd6dffea899da1b340dc8ddec26343b8223be90ec69,11.153973084868129,0,85.04547461532573,0,0.22222222222222221,0.77777777777777779,3,0.26472967621669796,911.15713915511628,0.068633652219347821,0.0079297356610369338,0.023404075406797609,0.0051806718378009384,7.8110711528784723e-06,0.034138899999999993,185.75,0.0080262508079194331,0.013983004349886983,0.034138899999999993,185.75,-0.00073860817025762514
multizone_office_simple_air,270,multizone_office_simple_air:day270,3,zone_bias_positive,constant_zero,192,144,0,f4d933924d1cbce2d47592ad3021ca67145b9525c0173c547d9b51bd30c7fc8a,ab778c14f7920be94e721bd6dffea899da1b340dc8ddec26343b8223be90ec69,11.316680411651786,0,86.105137922149538,0,1,0,0,0.013983004349886983,882.51431074708432,0.069270460856648855,0.0080262508079194331,0.023621227152117258,0.0053273658877258457,7.5215985429640642e-06,0.034138899999999993,185.75,0.0080262508079194331,0.013983004349886983,0.034138899999999993,185.75,0
multizone_office_simple_air,270,multizone_office_simple_air:day270,3,zone_bias_positive,deterministic_wm,192,144,9,f4d933924d1cbce2d47592ad3021ca67145b9525c0173c547d9b51bd30c7fc8a,ab778c14f7920be94e721bd6dffea899da1b340dc8ddec26343b8223be90ec69,11.153974507882674,0,85.045479876143361,0,0,1,1,0.26471802562801605,911.15713915511628,0.06863364185295677,0.0079297344053647339,0.023404071871858265,0.0051806718378009384,1.7376191537001579e-05,0.034138899999999993,185.75,0.0080262508079194331,0.013983004349886983,0.034138899999999993,185.75,-0.00073865792183269014
multizone_office_simple_air,270,multizone_office_simple_air:day270,3,zone_bias_positive,direct_h8_rssm,192,144,9,f4d933924d1cbce2d47592ad3021ca67145b9525c0173c547d9b51bd30c7fc8a,ab778c14f7920be94e721bd6dffea899da1b340dc8ddec26343b8223be90ec69,11.808850872602179,0,90.260545041926093,0.1111111111111111,0,0.88888888888888884,2,0.14936156960425431,602.55170815448332,0.071721420830214905,0.0083043674941782279,0.024457004503103289,0.0060841887410776211,3.0976104625371249e-05,0.034138899999999993,185.75,0.0080262508079194331,0.013983004349886983,0.034138899999999993,185.75,0.0044377212703238869
multizone_office_simple_air,270,multizone_office_simple_air:day270,3,zone_bias_positive,legacy_rssm,192,144,9,f4d933924d1cbce2d47592ad3021ca67145b9525c0173c547d9b51bd30c7fc8a,ab778c14f7920be94e721bd6dffea899da1b340dc8ddec26343b8223be90ec69,11.153974507882674,0,85.045479876143361,0,0,1,1,0.26471802562801605,911.15713915511628,0.06863364185295677,0.0079297344053647339,0.023404071871858265,0.0051806718378009384,3.0857377998214462e-05,0.034138899999999993,185.75,0.0080262508079194331,0.013983004349886983,0.034138899999999993,185.75,-0.00073865792183269014
multizone_office_simple_air,270,multizone_office_simple_air:day270,3,zone_bias_positive,rc_supervisory_selector,192,144,9,f4d933924d1cbce2d47592ad3021ca67145b9525c0173c547d9b51bd30c7fc8a,ab778c14f7920be94e721bd6dffea899da1b340dc8ddec26343b8223be90ec69,11.795694253451988,0,91.500178440149398,0.1111111111111111,0,0.88888888888888884,3,0.17544387591574384,816.75256482095403,0.072197439184635462,0.0082951537782514004,0.024619326761960693,0.005525344621603338,8.6901255857812727e-06,0.034138899999999993,185.75,0.0080262508079194331,0.013983004349886983,0.034138899999999993,185.75,0.0043729848283422202
multizone_office_simple_air,270,multizone_office_simple_air:day270,3,zone_bias_positive,tuned_rule_based,192,144,9,f4d933924d1cbce2d47592ad3021ca67145b9525c0173c547d9b51bd30c7fc8a,ab778c14f7920be94e721bd6dffea899da1b340dc8ddec26343b8223be90ec69,12.035586383289553,0,91.596239362127406,0.22222222222222221,0.22222222222222221,0.55555555555555558,4,0.12989369715280322,535.18513936155091,0.072572442289387348,0.0084488959020771904,0.024747202820681078,0.0060841887410776211,7.7437217184247644e-06,0.034138899999999993,185.75,0.0080262508079194331,0.013983004349886983,0.034138899999999993,185.75,0.0065020879797923238
multizone_office_simple_air,270,multizone_office_simple_air:day270,3,zone_drift_negative,constant_zero,192,144,0,f4d933924d1cbce2d47592ad3021ca67145b9525c0173c547d9b51bd30c7fc8a,ab778c14f7920be94e721bd6dffea899da1b340dc8ddec26343b8223be90ec69,11.316680411651786,0,86.105137922149538,0,1,0,0,0.013983004349886983,882.51431074708432,0.069270460856648855,0.0080262508079194331,0.023621227152117258,0.0053273658877258457,7.5333738410244022e-06,0.034138899999999993,185.75,0.0080262508079194331,0.013983004349886983,0.034138899999999993,185.75,0
multizone_office_simple_air,270,multizone_office_simple_air:day270,3,zone_drift_negative,deterministic_wm,192,144,9,f4d933924d1cbce2d47592ad3021ca67145b9525c0173c547d9b51bd30c7fc8a,ab778c14f7920be94e721bd6dffea899da1b340dc8ddec26343b8223be90ec69,11.153967865931087,0,85.045403230935335,0,0.1111111111111111,0.88888888888888884,3,0.26471060620189968,911.15713915511628,0.06863358611946041,0.0079297308596595027,0.023404052866736007,0.0051806718378009384,1.7370557701816523e-05,0.034138899999999993,185.75,0.0080262508079194331,0.013983004349886983,0.034138899999999993,185.75,-0.00073872982394234158
multizone_office_simple_air,270,multizone_office_simple_air:day270,3,zone_drift_negative,direct_h8_rssm,192,144,9,f4d933924d1cbce2d47592ad3021ca67145b9525c0173c547d9b51bd30c7fc8a,ab778c14f7920be94e721bd6dffea899da1b340dc8ddec26343b8223be90ec69,11.808850872602179,0,90.260545041926093,0.1111111111111111,0,0.88888888888888884,2,0.14936156960425431,602.55170815448332,0.071721420830214905,0.0083043674941782279,0.024457004503103289,0.0060841887410776211,3.1587316103630672e-05,0.034138899999999993,185.75,0.0080262508079194331,0.013983004349886983,0.034138899999999993,185.75,0.0044377212703238869
multizone_office_simple_air,270,multizone_office_simple_air:day270,3,zone_drift_negative,legacy_rssm,192,144,9,f4d933924d1cbce2d47592ad3021ca67145b9525c0173c547d9b51bd30c7fc8a,ab778c14f7920be94e721bd6dffea899da1b340dc8ddec26343b8223be90ec69,11.153974507882674,0,85.045479876143361,0,0,1,1,0.26471802562801605,911.15713915511628,0.06863364185295677,0.0079297344053647339,0.023404071871858265,0.0051806718378009384,3.1659400622604755e-05,0.034138899999999993,185.75,0.0080262508079194331,0.013983004349886983,0.034138899999999993,185.75,-0.00073865792183269014
multizone_office_simple_air,270,multizone_office_simple_air:day270,3,zone_drift_negative,rc_supervisory_selector,192,144,9,f4d933924d1cbce2d47592ad3021ca67145b9525c0173c547d9b51bd30c7fc8a,ab778c14f7920be94e721bd6dffea899da1b340dc8ddec26343b8223be90ec69,11.15396942916953,0,85.045425249333206,0,0.22222222222222221,0.77777777777777779,3,0.26472643048365568,911.15713915511628,0.068633601243186168,0.0079297319300523812,0.023404058023926488,0.0051806718378009384,8.8300796495474236e-06,0.034138899999999993,185.75,0.0080262508079194331,0.013983004349886983,0.034138899999999993,185.75,-0.000738671551271836
multizone_office_simple_air,270,multizone_office_simple_air:day270,3,zone_drift_negative,tuned_rule_based,192,144,9,f4d933924d1cbce2d47592ad3021ca67145b9525c0173c547d9b51bd30c7fc8a,ab778c14f7920be94e721bd6dffea899da1b340dc8ddec26343b8223be90ec69,11.153973084868129,0,85.04547461532573,0,0.22222222222222221,0.77777777777777779,3,0.26472967621669796,911.15713915511628,0.068633652219347821,0.0079297356610369338,0.023404075406797609,0.0051806718378009384,7.6280575009402035e-06,0.034138899999999993,185.75,0.0080262508079194331,0.013983004349886983,0.034138899999999993,185.75,-0.00073860817025762514
multizone_office_simple_air,270,multizone_office_simple_air:day270,3,zone_drift_positive,constant_zero,192,144,0,f4d933924d1cbce2d47592ad3021ca67145b9525c0173c547d9b51bd30c7fc8a,ab778c14f7920be94e721bd6dffea899da1b340dc8ddec26343b8223be90ec69,11.316680411651786,0,86.105137922149538,0,1,0,0,0.013983004349886983,882.51431074708432,0.069270460856648855,0.0080262508079194331,0.023621227152117258,0.0053273658877258457,7.5686553524565473e-06,0.034138899999999993,185.75,0.0080262508079194331,0.013983004349886983,0.034138899999999993,185.75,0
multizone_office_simple_air,270,multizone_office_simple_air:day270,3,zone_drift_positive,deterministic_wm,192,144,9,f4d933924d1cbce2d47592ad3021ca67145b9525c0173c547d9b51bd30c7fc8a,ab778c14f7920be94e721bd6dffea899da1b340dc8ddec26343b8223be90ec69,11.153974507882674,0,85.045479876143361,0,0,1,1,0.26471802562801605,911.15713915511628,0.06863364185295677,0.0079297344053647339,0.023404071871858265,0.0051806718378009384,1.7392045887075517e-05,0.034138899999999993,185.75,0.0080262508079194331,0.013983004349886983,0.034138899999999993,185.75,-0.00073865792183269014
multizone_office_simple_air,270,multizone_office_simple_air:day270,3,zone_drift_positive,direct_h8_rssm,192,144,9,f4d933924d1cbce2d47592ad3021ca67145b9525c0173c547d9b51bd30c7fc8a,ab778c14f7920be94e721bd6dffea899da1b340dc8ddec26343b8223be90ec69,11.808850872602179,0,90.260545041926093,0.1111111111111111,0,0.88888888888888884,2,0.14936156960425431,602.55170815448332,0.071721420830214905,0.0083043674941782279,0.024457004503103289,0.0060841887410776211,3.211555819375491e-05,0.034138899999999993,185.75,0.0080262508079194331,0.013983004349886983,0.034138899999999993,185.75,0.0044377212703238869
multizone_office_simple_air,270,multizone_office_simple_air:day270,3,zone_drift_positive,legacy_rssm,192,144,9,f4d933924d1cbce2d47592ad3021ca67145b9525c0173c547d9b51bd30c7fc8a,ab778c14f7920be94e721bd6dffea899da1b340dc8ddec26343b8223be90ec69,11.153974507882674,0,85.045479876143361,0,0,1,1,0.26471802562801605,911.15713915511628,0.06863364185295677,0.0079297344053647339,0.023404071871858265,0.0051806718378009384,3.2726551919152672e-05,0.034138899999999993,185.75,0.0080262508079194331,0.013983004349886983,0.034138899999999993,185.75,-0.00073865792183269014
multizone_office_simple_air,270,multizone_office_simple_air:day270,3,zone_drift_positive,rc_supervisory_selector,192,144,9,f4d933924d1cbce2d47592ad3021ca67145b9525c0173c547d9b51bd30c7fc8a,ab778c14f7920be94e721bd6dffea899da1b340dc8ddec26343b8223be90ec69,11.153974507882674,0,85.045479876143361,0,0,1,1,0.26471802562801605,911.15713915511628,0.06863364185295677,0.0079297344053647339,0.023404071871858265,0.0051806718378009384,8.4614046373084375e-06,0.034138899999999993,185.75,0.0080262508079194331,0.013983004349886983,0.034138899999999993,185.75,-0.00073865792183269014
multizone_office_simple_air,270,multizone_office_simple_air:day270,3,zone_drift_positive,tuned_rule_based,192,144,9,f4d933924d1cbce2d47592ad3021ca67145b9525c0173c547d9b51bd30c7fc8a,ab778c14f7920be94e721bd6dffea899da1b340dc8ddec26343b8223be90ec69,11.795694460272966,0,91.500192125333569,0.1111111111111111,0.22222222222222221,0.66666666666666663,5,0.1754470152488545,816.75256482095403,0.072197479084478863,0.0082951566807279581,0.024619340367807288,0.005525344621603338,7.6741392769183858e-06,0.034138899999999993,185.75,0.0080262508079194331,0.013983004349886983,0.034138899999999993,185.75,0.0043730357885815186
multizone_office_simple_air,270,multizone_office_simple_air:day270,3,zone_stuck,constant_zero,192,144,0,f4d933924d1cbce2d47592ad3021ca67145b9525c0173c547d9b51bd30c7fc8a,ab778c14f7920be94e721bd6dffea899da1b340dc8ddec26343b8223be90ec69,11.316680411651786,0,86.105137922149538,0,1,0,0,0.013983004349886983,882.51431074708432,0.069270460856648855,0.0080262508079194331,0.023621227152117258,0.0053273658877258457,7.5003655585110912e-06,0.034138899999999993,185.75,0.0080262508079194331,0.013983004349886983,0.034138899999999993,185.75,0
multizone_office_simple_air,270,multizone_office_simple_air:day270,3,zone_stuck,deterministic_wm,192,144,9,f4d933924d1cbce2d47592ad3021ca67145b9525c0173c547d9b51bd30c7fc8a,ab778c14f7920be94e721bd6dffea899da1b340dc8ddec26343b8223be90ec69,11.153967865931087,0,85.045403230935335,0,0.1111111111111111,0.88888888888888884,3,0.26471060620189968,911.15713915511628,0.06863358611946041,0.0079297308596595027,0.023404052866736007,0.0051806718378009384,1.7584094202331224e-05,0.034138899999999993,185.75,0.0080262508079194331,0.013983004349886983,0.034138899999999993,185.75,-0.00073872982394234158
multizone_office_simple_air,270,multizone_office_simple_air:day270,3,zone_stuck,direct_h8_rssm,192,144,9,f4d933924d1cbce2d47592ad3021ca67145b9525c0173c547d9b51bd30c7fc8a,ab778c14f7920be94e721bd6dffea899da1b340dc8ddec26343b8223be90ec69,11.808850872602179,0,90.260545041926093,0.1111111111111111,0,0.88888888888888884,2,0.14936156960425431,602.55170815448332,0.071721420830214905,0.0083043674941782279,0.024457004503103289,0.0060841887410776211,3.1600461719062454e-05,0.034138899999999993,185.75,0.0080262508079194331,0.013983004349886983,0.034138899999999993,185.75,0.0044377212703238869
multizone_office_simple_air,270,multizone_office_simple_air:day270,3,zone_stuck,legacy_rssm,192,144,9,f4d933924d1cbce2d47592ad3021ca67145b9525c0173c547d9b51bd30c7fc8a,ab778c14f7920be94e721bd6dffea899da1b340dc8ddec26343b8223be90ec69,11.153974507882674,0,85.045479876143361,0,0,1,1,0.26471802562801605,911.15713915511628,0.06863364185295677,0.0079297344053647339,0.023404071871858265,0.0051806718378009384,3.1907459966938044e-05,0.034138899999999993,185.75,0.0080262508079194331,0.013983004349886983,0.034138899999999993,185.75,-0.00073865792183269014
multizone_office_simple_air,270,multizone_office_simple_air:day270,3,zone_stuck,rc_supervisory_selector,192,144,9,f4d933924d1cbce2d47592ad3021ca67145b9525c0173c547d9b51bd30c7fc8a,ab778c14f7920be94e721bd6dffea899da1b340dc8ddec26343b8223be90ec69,11.153974507882674,0,85.045479876143361,0,0,1,1,0.26471802562801605,911.15713915511628,0.06863364185295677,0.0079297344053647339,0.023404071871858265,0.0051806718378009384,8.6470285496647926e-06,0.034138899999999993,185.75,0.0080262508079194331,0.013983004349886983,0.034138899999999993,185.75,-0.00073865792183269014
multizone_office_simple_air,270,multizone_office_simple_air:day270,3,zone_stuck,tuned_rule_based,192,144,9,f4d933924d1cbce2d47592ad3021ca67145b9525c0173c547d9b51bd30c7fc8a,ab778c14f7920be94e721bd6dffea899da1b340dc8ddec26343b8223be90ec69,11.153973084868129,0,85.04547461532573,0,0.22222222222222221,0.77777777777777779,3,0.26472967621669796,911.15713915511628,0.068633652219347821,0.0079297356610369338,0.023404075406797609,0.0051806718378009384,7.7071420115880877e-06,0.034138899999999993,185.75,0.0080262508079194331,0.013983004349886983,0.034138899999999993,185.75,-0.00073860817025762514
multizone_office_simple_air,297,multizone_office_simple_air:day297,2,clean,constant_zero,192,144,0,9f55fa735fcdb6206366c046c87281b200b2a3aa4f4781dbb07d936ea02bc452,ad41d2971ace9adbaf51ff5d65d3b5846345f8ca60f09c82457d51faa8c8d56d,8.8243244166345249,0.49570918133298392,82.277289219110287,0,1,0,0,0.91487802207898183,0,0.06525589634521739,0.0064362929404413217,0.02225226065371913,0.0072921790268025118,7.6229396152107991e-06,0.032884725000000004,185.75,0.0064362929404413217,0.91487802207898183,0.032884725000000004,185.75,0
multizone_office_simple_air,297,multizone_office_simple_air:day297,2,clean,deterministic_wm,192,144,9,9f55fa735fcdb6206366c046c87281b200b2a3aa4f4781dbb07d936ea02bc452,ad41d2971ace9adbaf51ff5d65d3b5846345f8ca60f09c82457d51faa8c8d56d,8.8243248038389197,0.49568397840236855,82.27714835569526,0,0.44444444444444442,0.55555555555555558,4,0.91487501689250061,0,0.065255667610213189,0.0064362767703519622,0.022252182655082699,0.0072922329369620367,1.7530796068778493e-05,0.032884725000000004,185.75,0.0064362929404413217,0.91487802207898183,0.032884725000000004,185.75,-2.5394951931116324e-07
multizone_office_simple_air,297,multizone_office_simple_air:day297,2,clean,direct_h8_rssm,192,144,9,9f55fa735fcdb6206366c046c87281b200b2a3aa4f4781dbb07d936ea02bc452,ad41d2971ace9adbaf51ff5d65d3b5846345f8ca60f09c82457d51faa8c8d56d,8.8243287684200933,0.49568289352444594,82.27722242754534,0,0,1,1,0.91487660083575606,0,0.065255760102488,0.0064362821273096643,0.022252214194948407,0.0072921535841504199,3.1276996084394115e-05,0.032884725000000004,185.75,0.0064362929404413217,0.91487802207898183,0.032884725000000004,185.75,-1.6823532927138719e-07
multizone_office_simple_air,297,multizone_office_simple_air:day297,2,clean,legacy_rssm,192,144,9,9f55fa735fcdb6206366c046c87281b200b2a3aa4f4781dbb07d936ea02bc452,ad41d2971ace9adbaf51ff5d65d3b5846345f8ca60f09c82457d51faa8c8d56d,8.8243287684200933,0.49568289352444594,82.27722242754534,0,0,1,1,0.91487660083575606,0,0.065255760102488,0.0064362821273096643,0.022252214194948407,0.0072921535841504199,3.0891501397293204e-05,0.032884725000000004,185.75,0.0064362929404413217,0.91487802207898183,0.032884725000000004,185.75,-1.6823532927138719e-07
multizone_office_simple_air,297,multizone_office_simple_air:day297,2,clean,rc_supervisory_selector,192,144,9,9f55fa735fcdb6206366c046c87281b200b2a3aa4f4781dbb07d936ea02bc452,ad41d2971ace9adbaf51ff5d65d3b5846345f8ca60f09c82457d51faa8c8d56d,8.8243367725746076,0.49570574220037145,82.27732652285161,0,0.22222222222222221,0.77777777777777779,3,0.91487598998812358,0,0.06525585397127262,0.0064362898558708104,0.022252246204203966,0.0072921499042571192,8.7840478041617243e-06,0.032884725000000004,185.75,0.0064362929404413217,0.91487802207898183,0.032884725000000004,185.75,-5.2369708112494331e-08
multizone_office_simple_air,297,multizone_office_simple_air:day297,2,clean,tuned_rule_based,192,144,9,9f55fa735fcdb6206366c046c87281b200b2a3aa4f4781dbb07d936ea02bc452,ad41d2971ace9adbaf51ff5d65d3b5846345f8ca60f09c82457d51faa8c8d56d,8.8243248038389197,0.49568397840236855,82.27714835569526,0,0.44444444444444442,0.55555555555555558,4,0.91487501689250061,0,0.065255667610213189,0.0064362767703519622,0.022252182655082699,0.0072922329369620367,7.6720324833078259e-06,0.032884725000000004,185.75,0.0064362929404413217,0.91487802207898183,0.032884725000000004,185.75,-2.5394951931116324e-07
multizone_office_simple_air,297,multizone_office_simple_air:day297,2,zone_bias_negative,constant_zero,192,144,0,9f55fa735fcdb6206366c046c87281b200b2a3aa4f4781dbb07d936ea02bc452,ad41d2971ace9adbaf51ff5d65d3b5846345f8ca60f09c82457d51faa8c8d56d,8.8243244166345249,0.49570918133298392,82.277289219110287,0,1,0,0,0.91487802207898183,0,0.06525589634521739,0.0064362929404413217,0.02225226065371913,0.0072921790268025118,7.6880532686900367e-06,0.032884725000000004,185.75,0.0064362929404413217,0.91487802207898183,0.032884725000000004,185.75,0
multizone_office_simple_air,297,multizone_office_simple_air:day297,2,zone_bias_negative,deterministic_wm,192,144,9,9f55fa735fcdb6206366c046c87281b200b2a3aa4f4781dbb07d936ea02bc452,ad41d2971ace9adbaf51ff5d65d3b5846345f8ca60f09c82457d51faa8c8d56d,8.8243367725746076,0.49570574220037145,82.27732652285161,0,0.33333333333333331,0.66666666666666663,4,0.91487598998812358,0,0.06525585397127262,0.0064362898558708104,0.022252246204203966,0.0072921499042571192,1.8107549890381711e-05,0.032884725000000004,185.75,0.0064362929404413217,0.91487802207898183,0.032884725000000004,185.75,-5.2369708112494331e-08
multizone_office_simple_air,297,multizone_office_simple_air:day297,2,zone_bias_negative,direct_h8_rssm,192,144,9,9f55fa735fcdb6206366c046c87281b200b2a3aa4f4781dbb07d936ea02bc452,ad41d2971ace9adbaf51ff5d65d3b5846345f8ca60f09c82457d51faa8c8d56d,8.8243287684200933,0.49568289352444594,82.27722242754534,0,0,1,1,0.91487660083575606,0,0.065255760102488,0.0064362821273096643,0.022252214194948407,0.0072921535841504199,3.1447296852702107e-05,0.032884725000000004,185.75,0.0064362929404413217,0.91487802207898183,0.032884725000000004,185.75,-1.6823532927138719e-07
multizone_office_simple_air,297,multizone_office_simple_air:day297,2,zone_bias_negative,legacy_rssm,192,144,9,9f55fa735fcdb6206366c046c87281b200b2a3aa4f4781dbb07d936ea02bc452,ad41d2971ace9adbaf51ff5d65d3b5846345f8ca60f09c82457d51faa8c8d56d,8.8243287684200933,0.49568289352444594,82.27722242754534,0,0,1,1,0.91487660083575606,0,0.065255760102488,0.0064362821273096643,0.022252214194948407,0.0072921535841504199,3.2449334495770784e-05,0.032884725000000004,185.75,0.0064362929404413217,0.91487802207898183,0.032884725000000004,185.75,-1.6823532927138719e-07
multizone_office_simple_air,297,multizone_office_simple_air:day297,2,zone_bias_negative,rc_supervisory_selector,192,144,9,9f55fa735fcdb6206366c046c87281b200b2a3aa4f4781dbb07d936ea02bc452,ad41d2971ace9adbaf51ff5d65d3b5846345f8ca60f09c82457d51faa8c8d56d,8.8243367725746076,0.49570574220037145,82.27732652285161,0,0.22222222222222221,0.77777777777777779,3,0.91487598998812358,0,0.06525585397127262,0.0064362898558708104,0.022252246204203966,0.0072921499042571192,8.7379965413233922e-06,0.032884725000000004,185.75,0.0064362929404413217,0.91487802207898183,0.032884725000000004,185.75,-5.2369708112494331e-08
multizone_office_simple_air,297,multizone_office_simple_air:day297,2,zone_bias_negative,tuned_rule_based,192,144,9,9f55fa735fcdb6206366c046c87281b200b2a3aa4f4781dbb07d936ea02bc452,ad41d2971ace9adbaf51ff5d65d3b5846345f8ca60f09c82457d51faa8c8d56d,8.8243248038389197,0.49568397840236855,82.27714835569526,0,0.44444444444444442,0.55555555555555558,4,0.91487501689250061,0,0.065255667610213189,0.0064362767703519622,0.022252182655082699,0.0072922329369620367,7.7363541821118636e-06,0.032884725000000004,185.75,0.0064362929404413217,0.91487802207898183,0.032884725000000004,185.75,-2.5394951931116324e-07
multizone_office_simple_air,297,multizone_office_simple_air:day297,2,zone_bias_positive,constant_zero,192,144,0,9f55fa735fcdb6206366c046c87281b200b2a3aa4f4781dbb07d936ea02bc452,ad41d2971ace9adbaf51ff5d65d3b5846345f8ca60f09c82457d51faa8c8d56d,8.8243244166345249,0.49570918133298392,82.277289219110287,0,1,0,0,0.91487802207898183,0,0.06525589634521739,0.0064362929404413217,0.02225226065371913,0.0072921790268025118,7.5214362685384965e-06,0.032884725000000004,185.75,0.0064362929404413217,0.91487802207898183,0.032884725000000004,185.75,0
multizone_office_simple_air,297,multizone_office_simple_air:day297,2,zone_bias_positive,deterministic_wm,192,144,9,9f55fa735fcdb6206366c046c87281b200b2a3aa4f4781dbb07d936ea02bc452,ad41d2971ace9adbaf51ff5d65d3b5846345f8ca60f09c82457d51faa8c8d56d,8.8243367725746076,0.49570574220037145,82.27732652285161,0,0.33333333333333331,0.66666666666666663,4,0.91487598998812358,0,0.06525585397127262,0.0064362898558708104,0.022252246204203966,0.0072921499042571192,1.7540281494389171e-05,0.032884725000000004,185.75,0.0064362929404413217,0.91487802207898183,0.032884725000000004,185.75,-5.2369708112494331e-08
multizone_office_simple_air,297,multizone_office_simple_air:day297,2,zone_bias_positive,direct_h8_rssm,192,144,9,9f55fa735fcdb6206366c046c87281b200b2a3aa4f4781dbb07d936ea02bc452,ad41d2971ace9adbaf51ff5d65d3b5846345f8ca60f09c82457d51faa8c8d56d,8.8243287684200933,0.49568289352444594,82.27722242754534,0,0,1,1,0.91487660083575606,0,0.065255760102488,0.0064362821273096643,0.022252214194948407,0.0072921535841504199,3.0352668473719165e-05,0.032884725000000004,185.75,0.0064362929404413217,0.91487802207898183,0.032884725000000004,185.75,-1.6823532927138719e-07
multizone_office_simple_air,297,multizone_office_simple_air:day297,2,zone_bias_positive,legacy_rssm,192,144,9,9f55fa735fcdb6206366c046c87281b200b2a3aa4f4781dbb07d936ea02bc452,ad41d2971ace9adbaf51ff5d65d3b5846345f8ca60f09c82457d51faa8c8d56d,8.8243287684200933,0.49568289352444594,82.27722242754534,0,0,1,1,0.91487660083575606,0,0.065255760102488,0.0064362821273096643,0.022252214194948407,0.0072921535841504199,3.1403273326702902e-05,0.032884725000000004,185.75,0.0064362929404413217,0.91487802207898183,0.032884725000000004,185.75,-1.6823532927138719e-07
multizone_office_simple_air,297,multizone_office_simple_air:day297,2,zone_bias_positive,rc_supervisory_selector,192,144,9,9f55fa735fcdb6206366c046c87281b200b2a3aa4f4781dbb07d936ea02bc452,ad41d2971ace9adbaf51ff5d65d3b5846345f8ca60f09c82457d51faa8c8d56d,8.8243287684200933,0.49568289352444594,82.27722242754534,0,0,1,1,0.91487660083575606,0,0.065255760102488,0.0064362821273096643,0.022252214194948407,0.0072921535841504199,8.8975525235214369e-06,0.032884725000000004,185.75,0.0064362929404413217,0.91487802207898183,0.032884725000000004,185.75,-1.6823532927138719e-07
multizone_office_simple_air,297,multizone_office_simple_air:day297,2,zone_bias_positive,tuned_rule_based,192,144,9,9f55fa735fcdb6206366c046c87281b200b2a3aa4f4781dbb07d936ea02bc452,ad41d2971ace9adbaf51ff5d65d3b5846345f8ca60f09c82457d51faa8c8d56d,8.8243248038389197,0.49568397840236855,82.27714835569526,0,0.44444444444444442,0.55555555555555558,4,0.91487501689250061,0,0.065255667610213189,0.0064362767703519622,0.022252182655082699,0.0072922329369620367,7.6617287507648032e-06,0.032884725000000004,185.75,0.0064362929404413217,0.91487802207898183,0.032884725000000004,185.75,-2.5394951931116324e-07
multizone_office_simple_air,297,multizone_office_simple_air:day297,2,zone_drift_negative,constant_zero,192,144,0,9f55fa735fcdb6206366c046c87281b200b2a3aa4f4781dbb07d936ea02bc452,ad41d2971ace9adbaf51ff5d65d3b5846345f8ca60f09c82457d51faa8c8d56d,8.8243244166345249,0.49570918133298392,82.277289219110287,0,1,0,0,0.91487802207898183,0,0.06525589634521739,0.0064362929404413217,0.02225226065371913,0.0072921790268025118,7.6104181321850345e-06,0.032884725000000004,185.75,0.0064362929404413217,0.91487802207898183,0.032884725000000004,185.75,0
multizone_office_simple_air,297,multizone_office_simple_air:day297,2,zone_drift_negative,deterministic_wm,192,144,9,9f55fa735fcdb6206366c046c87281b200b2a3aa4f4781dbb07d936ea02bc452,ad41d2971ace9adbaf51ff5d65d3b5846345f8ca60f09c82457d51faa8c8d56d,8.8243367725746076,0.49570574220037145,82.27732652285161,0,0.33333333333333331,0.66666666666666663,4,0.91487598998812358,0,0.06525585397127262,0.0064362898558708104,0.022252246204203966,0.0072921499042571192,1.6862544436452002e-05,0.032884725000000004,185.75,0.0064362929404413217,0.91487802207898183,0.032884725000000004,185.75,-5.2369708112494331e-08
multizone_office_simple_air,297,multizone_office_simple_air:day297,2,zone_drift_negative,direct_h8_rssm,192,144,9,9f55fa735fcdb6206366c046c87281b200b2a3aa4f4781dbb07d936ea02bc452,ad41d2971ace9adbaf51ff5d65d3b5846345f8ca60f09c82457d51faa8c8d56d,8.8243287684200933,0.49568289352444594,82.27722242754534,0,0,1,1,0.91487660083575606,0,0.065255760102488,0.0064362821273096643,0.022252214194948407,0.0072921535841504199,3.1281517576935542e-05,0.032884725000000004,185.75,0.0064362929404413217,0.91487802207898183,0.032884725000000004,185.75,-1.6823532927138719e-07
multizone_office_simple_air,297,multizone_office_simple_air:day297,2,zone_drift_negative,legacy_rssm,192,144,9,9f55fa735fcdb6206366c046c87281b200b2a3aa4f4781dbb07d936ea02bc452,ad41d2971ace9adbaf51ff5d65d3b5846345f8ca60f09c82457d51faa8c8d56d,8.8243287684200933,0.49568289352444594,82.27722242754534,0,0,1,1,0.91487660083575606,0,0.065255760102488,0.0064362821273096643,0.022252214194948407,0.0072921535841504199,3.2357702149839995e-05,0.032884725000000004,185.75,0.0064362929404413217,0.91487802207898183,0.032884725000000004,185.75,-1.6823532927138719e-07
multizone_office_simple_air,297,multizone_office_simple_air:day297,2,zone_drift_negative,rc_supervisory_selector,192,144,9,9f55fa735fcdb6206366c046c87281b200b2a3aa4f4781dbb07d936ea02bc452,ad41d2971ace9adbaf51ff5d65d3b5846345f8ca60f09c82457d51faa8c8d56d,8.8243367725746076,0.49570574220037145,82.27732652285161,0,0.22222222222222221,0.77777777777777779,3,0.91487598998812358,0,0.06525585397127262,0.0064362898558708104,0.022252246204203966,0.0072921499042571192,8.5062575659272007e-06,0.032884725000000004,185.75,0.0064362929404413217,0.91487802207898183,0.032884725000000004,185.75,-5.2369708112494331e-08
multizone_office_simple_air,297,multizone_office_simple_air:day297,2,zone_drift_negative,tuned_rule_based,192,144,9,9f55fa735fcdb6206366c046c87281b200b2a3aa4f4781dbb07d936ea02bc452,ad41d2971ace9adbaf51ff5d65d3b5846345f8ca60f09c82457d51faa8c8d56d,8.8243248038389197,0.49568397840236855,82.27714835569526,0,0.44444444444444442,0.55555555555555558,4,0.91487501689250061,0,0.065255667610213189,0.0064362767703519622,0.022252182655082699,0.0072922329369620367,7.5764167856656936e-06,0.032884725000000004,185.75,0.0064362929404413217,0.91487802207898183,0.032884725000000004,185.75,-2.5394951931116324e-07
multizone_office_simple_air,297,multizone_office_simple_air:day297,2,zone_drift_positive,constant_zero,192,144,0,9f55fa735fcdb6206366c046c87281b200b2a3aa4f4781dbb07d936ea02bc452,ad41d2971ace9adbaf51ff5d65d3b5846345f8ca60f09c82457d51faa8c8d56d,8.8243244166345249,0.49570918133298392,82.277289219110287,0,1,0,0,0.91487802207898183,0,0.06525589634521739,0.0064362929404413217,0.02225226065371913,0.0072921790268025118,7.4907872065199621e-06,0.032884725000000004,185.75,0.0064362929404413217,0.91487802207898183,0.032884725000000004,185.75,0
multizone_office_simple_air,297,multizone_office_simple_air:day297,2,zone_drift_positive,deterministic_wm,192,144,9,9f55fa735fcdb6206366c046c87281b200b2a3aa4f4781dbb07d936ea02bc452,ad41d2971ace9adbaf51ff5d65d3b5846345f8ca60f09c82457d51faa8c8d56d,8.8243367725746076,0.49570574220037145,82.27732652285161,0,0.33333333333333331,0.66666666666666663,4,0.91487598998812358,0,0.06525585397127262,0.0064362898558708104,0.022252246204203966,0.0072921499042571192,1.7087811852278161e-05,0.032884725000000004,185.75,0.0064362929404413217,0.91487802207898183,0.032884725000000004,185.75,-5.2369708112494331e-08
multizone_office_simple_air,297,multizone_office_simple_air:day297,2,zone_drift_positive,direct_h8_rssm,192,144,9,9f55fa735fcdb6206366c046c87281b200b2a3aa4f4781dbb07d936ea02bc452,ad41d2971ace9adbaf51ff5d65d3b5846345f8ca60f09c82457d51faa8c8d56d,8.8243287684200933,0.49568289352444594,82.27722242754534,0,0,1,1,0.91487660083575606,0,0.065255760102488,0.0064362821273096643,0.022252214194948407,0.0072921535841504199,3.1594399312958597e-05,0.032884725000000004,185.75,0.0064362929404413217,0.91487802207898183,0.032884725000000004,185.75,-1.6823532927138719e-07
multizone_office_simple_air,297,multizone_office_simple_air:day297,2,zone_drift_positive,legacy_rssm,192,144,9,9f55fa735fcdb6206366c046c87281b200b2a3aa4f4781dbb07d936ea02bc452,ad41d2971ace9adbaf51ff5d65d3b5846345f8ca60f09c82457d51faa8c8d56d,8.8243287684200933,0.49568289352444594,82.27722242754534,0,0,1,1,0.91487660083575606,0,0.065255760102488,0.0064362821273096643,0.022252214194948407,0.0072921535841504199,3.0678568224771001e-05,0.032884725000000004,185.75,0.0064362929404413217,0.91487802207898183,0.032884725000000004,185.75,-1.6823532927138719e-07
multizone_office_simple_air,297,multizone_office_simple_air:day297,2,zone_drift_positive,rc_supervisory_selector,192,144,9,9f55fa735fcdb6206366c046c87281b200b2a3aa4f4781dbb07d936ea02bc452,ad41d2971ace9adbaf51ff5d65d3b5846345f8ca60f09c82457d51faa8c8d56d,8.8243287684200933,0.49568289352444594,82.27722242754534,0,0,1,1,0.91487660083575606,0,0.065255760102488,0.0064362821273096643,0.022252214194948407,0.0072921535841504199,8.7346137436827371e-06,0.032884725000000004,185.75,0.0064362929404413217,0.91487802207898183,0.032884725000000004,185.75,-1.6823532927138719e-07
multizone_office_simple_air,297,multizone_office_simple_air:day297,2,zone_drift_positive,tuned_rule_based,192,144,9,9f55fa735fcdb6206366c046c87281b200b2a3aa4f4781dbb07d936ea02bc452,ad41d2971ace9adbaf51ff5d65d3b5846345f8ca60f09c82457d51faa8c8d56d,8.8243248038389197,0.49568397840236855,82.27714835569526,0,0.44444444444444442,0.55555555555555558,4,0.91487501689250061,0,0.065255667610213189,0.0064362767703519622,0.022252182655082699,0.0072922329369620367,7.7233999672845887e-06,0.032884725000000004,185.75,0.0064362929404413217,0.91487802207898183,0.032884725000000004,185.75,-2.5394951931116324e-07
multizone_office_simple_air,297,multizone_office_simple_air:day297,2,zone_stuck,constant_zero,192,144,0,9f55fa735fcdb6206366c046c87281b200b2a3aa4f4781dbb07d936ea02bc452,ad41d2971ace9adbaf51ff5d65d3b5846345f8ca60f09c82457d51faa8c8d56d,8.8243244166345249,0.49570918133298392,82.277289219110287,0,1,0,0,0.91487802207898183,0,0.06525589634521739,0.0064362929404413217,0.02225226065371913,0.0072921790268025118,7.5835554734297162e-06,0.032884725000000004,185.75,0.0064362929404413217,0.91487802207898183,0.032884725000000004,185.75,0
multizone_office_simple_air,297,multizone_office_simple_air:day297,2,zone_stuck,deterministic_wm,192,144,9,9f55fa735fcdb6206366c046c87281b200b2a3aa4f4781dbb07d936ea02bc452,ad41d2971ace9adbaf51ff5d65d3b5846345f8ca60f09c82457d51faa8c8d56d,8.8243385584552474,0.49570612659485391,82.277352470587005,0.1111111111111111,0.33333333333333331,0.55555555555555558,5,0.9148772541310336,0,0.065255839206081953,0.0064362880732639384,0.022252241169273951,0.0072921071016101456,1.7518582491073029e-05,0.032884725000000004,185.75,0.0064362929404413217,0.91487802207898183,0.032884725000000004,185.75,-7.6070774607269903e-08
multizone_office_simple_air,297,multizone_office_simple_air:day297,2,zone_stuck,direct_h8_rssm,192,144,9,9f55fa735fcdb6206366c046c87281b200b2a3aa4f4781dbb07d936ea02bc452,ad41d2971ace9adbaf51ff5d65d3b5846345f8ca60f09c82457d51faa8c8d56d,8.8243287684200933,0.49568289352444594,82.27722242754534,0,0,1,1,0.91487660083575606,0,0.065255760102488,0.0064362821273096643,0.022252214194948407,0.0072921535841504199,3.140228303661868e-05,0.032884725000000004,185.75,0.0064362929404413217,0.91487802207898183,0.032884725000000004,185.75,-1.6823532927138719e-07
multizone_office_simple_air,297,multizone_office_simple_air:day297,2,zone_stuck,legacy_rssm,192,144,9,9f55fa735fcdb6206366c046c87281b200b2a3aa4f4781dbb07d936ea02bc452,ad41d2971ace9adbaf51ff5d65d3b5846345f8ca60f09c82457d51faa8c8d56d,8.8243287684200933,0.49568289352444594,82.27722242754534,0,0,1,1,0.91487660083575606,0,0.065255760102488,0.0064362821273096643,0.022252214194948407,0.0072921535841504199,3.2382785337757691e-05,0.032884725000000004,185.75,0.0064362929404413217,0.91487802207898183,0.032884725000000004,185.75,-1.6823532927138719e-07
multizone_office_simple_air,297,multizone_office_simple_air:day297,2,zone_stuck,rc_supervisory_selector,192,144,9,9f55fa735fcdb6206366c046c87281b200b2a3aa4f4781dbb07d936ea02bc452,ad41d2971ace9adbaf51ff5d65d3b5846345f8ca60f09c82457d51faa8c8d56d,8.8243367725746076,0.49570574220037145,82.27732652285161,0,0.22222222222222221,0.77777777777777779,3,0.91487598998812358,0,0.06525585397127262,0.0064362898558708104,0.022252246204203966,0.0072921499042571192,8.6960104608896392e-06,0.032884725000000004,185.75,0.0064362929404413217,0.91487802207898183,0.032884725000000004,185.75,-5.2369708112494331e-08
multizone_office_simple_air,297,multizone_office_simple_air:day297,2,zone_stuck,tuned_rule_based,192,144,9,9f55fa735fcdb6206366c046c87281b200b2a3aa4f4781dbb07d936ea02bc452,ad41d2971ace9adbaf51ff5d65d3b5846345f8ca60f09c82457d51faa8c8d56d,8.8243248038389197,0.49568397840236855,82.27714835569526,0,0.44444444444444442,0.55555555555555558,4,0.91487501689250061,0,0.065255667610213189,0.0064362767703519622,0.022252182655082699,0.0072922329369620367,7.5467871399103321e-06,0.032884725000000004,185.75,0.0064362929404413217,0.91487802207898183,0.032884725000000004,185.75,-2.5394951931116324e-07
multizone_office_simple_air,315,multizone_office_simple_air:day315,1,clean,constant_zero,192,144,0,24fa84130c928eaa9298215dc07dd823bd0d54fadd97dc3fb5fc237fed847c9a,600619d0733da61d1d834ed19865ff02b1e306996fee7fa5161df0fd971a7c7f,11.970210192447876,0.59660003374625603,117.94889637814022,0,1,0,0,1.1006299794380481,0,0.11930333256330518,0.01051962819137027,0.040682436404087065,0.024204035278948884,7.5000923272133432e-06,0.032884725000000004,185.75,0.01051962819137027,1.1006299794380481,0.032884725000000004,185.75,0
multizone_office_simple_air,315,multizone_office_simple_air:day315,1,clean,deterministic_wm,192,144,9,24fa84130c928eaa9298215dc07dd823bd0d54fadd97dc3fb5fc237fed847c9a,600619d0733da61d1d834ed19865ff02b1e306996fee7fa5161df0fd971a7c7f,11.970235512045516,0.59659332258490849,117.94912514477657,0.1111111111111111,0.44444444444444442,0.44444444444444442,7,1.1006302601521147,0,0.11930345039112268,0.01051964205648956,0.040682476583372831,0.024204035278948884,1.7773217417044028e-05,0.032884725000000004,185.75,0.01051962819137027,1.1006299794380481,0.032884725000000004,185.75,2.1156959988690084e-07
multizone_office_simple_air,315,multizone_office_simple_air:day315,1,clean,direct_h8_rssm,192,144,9,24fa84130c928eaa9298215dc07dd823bd0d54fadd97dc3fb5fc237fed847c9a,600619d0733da61d1d834ed19865ff02b1e306996fee7fa5161df0fd971a7c7f,11.970254294237233,0.59659230299867261,117.94929634406179,0.1111111111111111,0,0.88888888888888884,3,1.100629993540668,0,0.11930367398269673,0.010519662151313055,0.0406825528280996,0.024204035278948884,3.0593840170211753e-05,0.032884725000000004,185.75,0.01051962819137027,1.1006299794380481,0.032884725000000004,185.75,5.1638624738772099e-07
multizone_office_simple_air,315,multizone_office_simple_air:day315,1,clean,legacy_rssm,192,144,9,24fa84130c928eaa9298215dc07dd823bd0d54fadd97dc3fb5fc237fed847c9a,600619d0733da61d1d834ed19865ff02b1e306996fee7fa5161df0fd971a7c7f,11.970229515302142,0.59659053102033965,117.94906251046172,0.44444444444444442,0,0.55555555555555558,7,1.1006321418187297,0,0.11930340663289182,0.01051963817066651,0.040682461661816112,0.024204035278948884,3.1362285858118794e-05,0.032884725000000004,185.75,0.01051962819137027,1.1006299794380481,0.032884725000000004,185.75,1.5755215862553838e-07
multizone_office_simple_air,315,multizone_office_simple_air:day315,1,clean,rc_supervisory_selector,192,144,9,24fa84130c928eaa9298215dc07dd823bd0d54fadd97dc3fb5fc237fed847c9a,600619d0733da61d1d834ed19865ff02b1e306996fee7fa5161df0fd971a7c7f,11.9702327628391,0.59659030242303857,117.94907560131367,0,0.1111111111111111,0.88888888888888884,2,1.100629823823372,0,0.1193035613014264,0.010519649384154119,0.040682514403786424,0.024204035278948884,8.648470989003162e-06,0.032884725000000004,185.75,0.01051962819137027,1.1006299794380481,0.032884725000000004,185.75,3.2180950590191041e-07
multizone_office_simple_air,315,multizone_office_simple_air:day315,1,clean,tuned_rule_based,192,144,9,24fa84130c928eaa9298215dc07dd823bd0d54fadd97dc3fb5fc237fed847c9a,600619d0733da61d1d834ed19865ff02b1e306996fee7fa5161df0fd971a7c7f,11.970231373056052,0.59660545877905236,117.94907594406455,0,0.44444444444444442,0.55555555555555558,4,1.1006326330542826,0,0.11930344494410335,0.010519641297103286,0.040682474725939242,0.024204035278948884,7.6829215133516086e-06,0.032884725000000004,185.75,0.01051962819137027,1.1006299794380481,0.032884725000000004,185.75,2.0641076874201747e-07
multizone_office_simple_air,315,multizone_office_simple_air:day315,1,zone_bias_negative,constant_zero,192,144,0,24fa84130c928eaa9298215dc07dd823bd0d54fadd97dc3fb5fc237fed847c9a,600619d0733da61d1d834ed19865ff02b1e306996fee7fa5161df0fd971a7c7f,11.970210192447876,0.59660003374625603,117.94889637814022,0,1,0,0,1.1006299794380481,0,0.11930333256330518,0.01051962819137027,0.040682436404087065,0.024204035278948884,7.5326761996905568e-06,0.032884725000000004,185.75,0.01051962819137027,1.1006299794380481,0.032884725000000004,185.75,0
multizone_office_simple_air,315,multizone_office_simple_air:day315,1,zone_bias_negative,deterministic_wm,192,144,9,24fa84130c928eaa9298215dc07dd823bd0d54fadd97dc3fb5fc237fed847c9a,600619d0733da61d1d834ed19865ff02b1e306996fee7fa5161df0fd971a7c7f,11.970213556586467,0.59659505153581449,117.94893449144143,0.33333333333333331,0.33333333333333331,0.33333333333333331,8,1.1006317924077802,0,0.11930339731558666,0.010519632439570483,0.040682458484615061,0.024204035278948884,1.7276392765278175e-05,0.032884725000000004,185.75,0.01051962819137027,1.1006299794380481,0.032884725000000004,185.75,6.9472436426568421e-08
multizone_office_simple_air,315,multizone_office_simple_air:day315,1,zone_bias_negative,direct_h8_rssm,192,144,9,24fa84130c928eaa9298215dc07dd823bd0d54fadd97dc3fb5fc237fed847c9a,600619d0733da61d1d834ed19865ff02b1e306996fee7fa5161df0fd971a7c7f,11.970254294237233,0.59659230299867261,117.94929634406179,0.1111111111111111,0,0.88888888888888884,3,1.100629993540668,0,0.11930367398269673,0.010519662151313055,0.0406825528280996,0.024204035278948884,3.2390157034953298e-05,0.032884725000000004,185.75,0.01051962819137027,1.1006299794380481,0.032884725000000004,185.75,5.1638624738772099e-07
multizone_office_simple_air,315,multizone_office_simple_air:day315,1,zone_bias_negative,legacy_rssm,192,144,9,24fa84130c928eaa9298215dc07dd823bd0d54fadd97dc3fb5fc237fed847c9a,600619d0733da61d1d834ed19865ff02b1e306996fee7fa5161df0fd971a7c7f,11.970229515302142,0.59659053102033965,117.94906251046172,0.44444444444444442,0,0.55555555555555558,7,1.1006321418187297,0,0.11930340663289182,0.01051963817066651,0.040682461661816112,0.024204035278948884,3.1656611444230279e-05,0.032884725000000004,185.75,0.01051962819137027,1.1006299794380481,0.032884725000000004,185.75,1.5755215862553838e-07
multizone_office_simple_air,315,multizone_office_simple_air:day315,1,zone_bias_negative,rc_supervisory_selector,192,144,9,24fa84130c928eaa9298215dc07dd823bd0d54fadd97dc3fb5fc237fed847c9a,600619d0733da61d1d834ed19865ff02b1e306996fee7fa5161df0fd971a7c7f,11.970236531475472,0.59659474914386124,117.94911160699996,0,0.33333333333333331,0.66666666666666663,4,1.1006307743878521,0,0.11930357822300927,0.010519650554615616,0.040682520174046159,0.024204035278948884,8.7553973528033724e-06,0.032884725000000004,185.75,0.01051962819137027,1.1006299794380481,0.032884725000000004,185.75,3.4216465717546991e-07
multizone_office_simple_air,315,multizone_office_simple_air:day315,1,zone_bias_negative,tuned_rule_based,192,144,9,24fa84130c928eaa9298215dc07dd823bd0d54fadd97dc3fb5fc237fed847c9a,600619d0733da61d1d834ed19865ff02b1e306996fee7fa5161df0fd971a7c7f,11.970231373056052,0.59660545877905236,117.94907594406455,0,0.44444444444444442,0.55555555555555558,4,1.1006326330542826,0,0.11930344494410335,0.010519641297103286,0.040682474725939242,0.024204035278948884,7.581909150838714e-06,0.032884725000000004,185.75,0.01051962819137027,1.1006299794380481,0.032884725000000004,185.75,2.0641076874201747e-07
multizone_office_simple_air,315,multizone_office_simple_air:day315,1,zone_bias_positive,constant_zero,192,144,0,24fa84130c928eaa9298215dc07dd823bd0d54fadd97dc3fb5fc237fed847c9a,600619d0733da61d1d834ed19865ff02b1e306996fee7fa5161df0fd971a7c7f,11.970210192447876,0.59660003374625603,117.94889637814022,0,1,0,0,1.1006299794380481,0,0.11930333256330518,0.01051962819137027,0.040682436404087065,0.024204035278948884,7.3147957376299239e-06,0.032884725000000004,185.75,0.01051962819137027,1.1006299794380481,0.032884725000000004,185.75,0
multizone_office_simple_air,315,multizone_office_simple_air:day315,1,zone_bias_positive,deterministic_wm,192,144,9,24fa84130c928eaa9298215dc07dd823bd0d54fadd97dc3fb5fc237fed847c9a,600619d0733da61d1d834ed19865ff02b1e306996fee7fa5161df0fd971a7c7f,11.970235512045516,0.59659332258490849,117.94912514477657,0.1111111111111111,0.44444444444444442,0.44444444444444442,7,1.1006302601521147,0,0.11930345039112268,0.01051964205648956,0.040682476583372831,0.024204035278948884,1.7679984518232006e-05,0.032884725000000004,185.75,0.01051962819137027,1.1006299794380481,0.032884725000000004,185.75,2.1156959988690084e-07
multizone_office_simple_air,315,multizone_office_simple_air:day315,1,zone_bias_positive,direct_h8_rssm,192,144,9,24fa84130c928eaa9298215dc07dd823bd0d54fadd97dc3fb5fc237fed847c9a,600619d0733da61d1d834ed19865ff02b1e306996fee7fa5161df0fd971a7c7f,11.970254294237233,0.59659230299867261,117.94929634406179,0.1111111111111111,0,0.88888888888888884,3,1.100629993540668,0,0.11930367398269673,0.010519662151313055,0.0406825528280996,0.024204035278948884,3.1921704055404439e-05,0.032884725000000004,185.75,0.01051962819137027,1.1006299794380481,0.032884725000000004,185.75,5.1638624738772099e-07
multizone_office_simple_air,315,multizone_office_simple_air:day315,1,zone_bias_positive,legacy_rssm,192,144,9,24fa84130c928eaa9298215dc07dd823bd0d54fadd97dc3fb5fc237fed847c9a,600619d0733da61d1d834ed19865ff02b1e306996fee7fa5161df0fd971a7c7f,11.970229515302142,0.59659053102033965,117.94906251046172,0.44444444444444442,0,0.55555555555555558,7,1.1006321418187297,0,0.11930340663289182,0.01051963817066651,0.040682461661816112,0.024204035278948884,3.2174028304512238e-05,0.032884725000000004,185.75,0.01051962819137027,1.1006299794380481,0.032884725000000004,185.75,1.5755215862553838e-07
multizone_office_simple_air,315,multizone_office_simple_air:day315,1,zone_bias_positive,rc_supervisory_selector,192,144,9,24fa84130c928eaa9298215dc07dd823bd0d54fadd97dc3fb5fc237fed847c9a,600619d0733da61d1d834ed19865ff02b1e306996fee7fa5161df0fd971a7c7f,11.9702327628391,0.59659030242303857,117.94907560131367,0,0.1111111111111111,0.88888888888888884,2,1.100629823823372,0,0.1193035613014264,0.010519649384154119,0.040682514403786424,0.024204035278948884,8.7134057245260069e-06,0.032884725000000004,185.75,0.01051962819137027,1.1006299794380481,0.032884725000000004,185.75,3.2180950590191041e-07
multizone_office_simple_air,315,multizone_office_simple_air:day315,1,zone_bias_positive,tuned_rule_based,192,144,9,24fa84130c928eaa9298215dc07dd823bd0d54fadd97dc3fb5fc237fed847c9a,600619d0733da61d1d834ed19865ff02b1e306996fee7fa5161df0fd971a7c7f,11.970231373056052,0.59660545877905236,117.94907594406455,0,0.44444444444444442,0.55555555555555558,4,1.1006326330542826,0,0.11930344494410335,0.010519641297103286,0.040682474725939242,0.024204035278948884,7.568158820453531e-06,0.032884725000000004,185.75,0.01051962819137027,1.1006299794380481,0.032884725000000004,185.75,2.0641076874201747e-07
multizone_office_simple_air,315,multizone_office_simple_air:day315,1,zone_drift_negative,constant_zero,192,144,0,24fa84130c928eaa9298215dc07dd823bd0d54fadd97dc3fb5fc237fed847c9a,600619d0733da61d1d834ed19865ff02b1e306996fee7fa5161df0fd971a7c7f,11.970210192447876,0.59660003374625603,117.94889637814022,0,1,0,0,1.1006299794380481,0,0.11930333256330518,0.01051962819137027,0.040682436404087065,0.024204035278948884,7.5887954117185216e-06,0.032884725000000004,185.75,0.01051962819137027,1.1006299794380481,0.032884725000000004,185.75,0
multizone_office_simple_air,315,multizone_office_simple_air:day315,1,zone_drift_negative,deterministic_wm,192,144,9,24fa84130c928eaa9298215dc07dd823bd0d54fadd97dc3fb5fc237fed847c9a,600619d0733da61d1d834ed19865ff02b1e306996fee7fa5161df0fd971a7c7f,11.970243094345644,0.596596083775637,117.94920410361848,0.22222222222222221,0.33333333333333331,0.44444444444444442,9,1.1006306960119041,0,0.11930351423706601,0.010519649292381554,0.040682498354839509,0.024204035278948884,1.7385966837440834e-05,0.032884725000000004,185.75,0.01051962819137027,1.1006299794380481,0.032884725000000004,185.75,3.2276188662006949e-07
multizone_office_simple_air,315,multizone_office_simple_air:day315,1,zone_drift_negative,direct_h8_rssm,192,144,9,24fa84130c928eaa9298215dc07dd823bd0d54fadd97dc3fb5fc237fed847c9a,600619d0733da61d1d834ed19865ff02b1e306996fee7fa5161df0fd971a7c7f,11.970254294237233,0.59659230299867261,117.94929634406179,0.1111111111111111,0,0.88888888888888884,3,1.100629993540668,0,0.11930367398269673,0.010519662151313055,0.0406825528280996,0.024204035278948884,3.1142306924213015e-05,0.032884725000000004,185.75,0.01051962819137027,1.1006299794380481,0.032884725000000004,185.75,5.1638624738772099e-07
multizone_office_simple_air,315,multizone_office_simple_air:day315,1,zone_drift_negative,legacy_rssm,192,144,9,24fa84130c928eaa9298215dc07dd823bd0d54fadd97dc3fb5fc237fed847c9a,600619d0733da61d1d834ed19865ff02b1e306996fee7fa5161df0fd971a7c7f,11.970229515302142,0.59659053102033965,117.94906251046172,0.44444444444444442,0,0.55555555555555558,7,1.1006321418187297,0,0.11930340663289182,0.01051963817066651,0.040682461661816112,0.024204035278948884,3.1287170829573225e-05,0.032884725000000004,185.75,0.01051962819137027,1.1006299794380481,0.032884725000000004,185.75,1.5755215862553838e-07
multizone_office_simple_air,315,multizone_office_simple_air:day315,1,zone_drift_negative,rc_supervisory_selector,192,144,9,24fa84130c928eaa9298215dc07dd823bd0d54fadd97dc3fb5fc237fed847c9a,600619d0733da61d1d834ed19865ff02b1e306996fee7fa5161df0fd971a7c7f,11.970236531475472,0.59659474914386124,117.94911160699996,0,0.33333333333333331,0.66666666666666663,4,1.1006307743878521,0,0.11930357822300927,0.010519650554615616,0.040682520174046159,0.024204035278948884,8.7117607888959049e-06,0.032884725000000004,185.75,0.01051962819137027,1.1006299794380481,0.032884725000000004,185.75,3.4216465717546991e-07
multizone_office_simple_air,315,multizone_office_simple_air:day315,1,zone_drift_negative,tuned_rule_based,192,144,9,24fa84130c928eaa9298215dc07dd823bd0d54fadd97dc3fb5fc237fed847c9a,600619d0733da61d1d834ed19865ff02b1e306996fee7fa5161df0fd971a7c7f,11.970231373056052,0.59660545877905236,117.94907594406455,0,0.44444444444444442,0.55555555555555558,4,1.1006326330542826,0,0.11930344494410335,0.010519641297103286,0.040682474725939242,0.024204035278948884,7.6058286785593968e-06,0.032884725000000004,185.75,0.01051962819137027,1.1006299794380481,0.032884725000000004,185.75,2.0641076874201747e-07
multizone_office_simple_air,315,multizone_office_simple_air:day315,1,zone_drift_positive,constant_zero,192,144,0,24fa84130c928eaa9298215dc07dd823bd0d54fadd97dc3fb5fc237fed847c9a,600619d0733da61d1d834ed19865ff02b1e306996fee7fa5161df0fd971a7c7f,11.970210192447876,0.59660003374625603,117.94889637814022,0,1,0,0,1.1006299794380481,0,0.11930333256330518,0.01051962819137027,0.040682436404087065,0.024204035278948884,7.5794889040642377e-06,0.032884725000000004,185.75,0.01051962819137027,1.1006299794380481,0.032884725000000004,185.75,0
multizone_office_simple_air,315,multizone_office_simple_air:day315,1,zone_drift_positive,deterministic_wm,192,144,9,24fa84130c928eaa9298215dc07dd823bd0d54fadd97dc3fb5fc237fed847c9a,600619d0733da61d1d834ed19865ff02b1e306996fee7fa5161df0fd971a7c7f,11.970235512045516,0.59659332258490849,117.94912514477657,0.1111111111111111,0.44444444444444442,0.44444444444444442,7,1.1006302601521147,0,0.11930345039112268,0.01051964205648956,0.040682476583372831,0.024204035278948884,1.7295679843585249e-05,0.032884725000000004,185.75,0.01051962819137027,1.1006299794380481,0.032884725000000004,185.75,2.1156959988690084e-07
multizone_office_simple_air,315,multizone_office_simple_air:day315,1,zone_drift_positive,direct_h8_rssm,192,144,9,24fa84130c928eaa9298215dc07dd823bd0d54fadd97dc3fb5fc237fed847c9a,600619d0733da61d1d834ed19865ff02b1e306996fee7fa5161df0fd971a7c7f,11.970254294237233,0.59659230299867261,117.94929634406179,0.1111111111111111,0,0.88888888888888884,3,1.100629993540668,0,0.11930367398269673,0.010519662151313055,0.0406825528280996,0.024204035278948884,3.0739067459328357e-05,0.032884725000000004,185.75,0.01051962819137027,1.1006299794380481,0.032884725000000004,185.75,5.1638624738772099e-07
multizone_office_simple_air,315,multizone_office_simple_air:day315,1,zone_drift_positive,legacy_rssm,192,144,9,24fa84130c928eaa9298215dc07dd823bd0d54fadd97dc3fb5fc237fed847c9a,600619d0733da61d1d834ed19865ff02b1e306996fee7fa5161df0fd971a7c7f,11.970229515302142,0.59659053102033965,117.94906251046172,0.44444444444444442,0,0.55555555555555558,7,1.1006321418187297,0,0.11930340663289182,0.01051963817066651,0.040682461661816112,0.024204035278948884,3.148956864708173e-05,0.032884725000000004,185.75,0.01051962819137027,1.1006299794380481,0.032884725000000004,185.75,1.5755215862553838e-07
multizone_office_simple_air,315,multizone_office_simple_air:day315,1,zone_drift_positive,rc_supervisory_selector,192,144,9,24fa84130c928eaa9298215dc07dd823bd0d54fadd97dc3fb5fc237fed847c9a,600619d0733da61d1d834ed19865ff02b1e306996fee7fa5161df0fd971a7c7f,11.9702327628391,0.59659030242303857,117.94907560131367,0,0.1111111111111111,0.88888888888888884,2,1.100629823823372,0,0.1193035613014264,0.010519649384154119,0.040682514403786424,0.024204035278948884,8.6296818296600028e-06,0.032884725000000004,185.75,0.01051962819137027,1.1006299794380481,0.032884725000000004,185.75,3.2180950590191041e-07
multizone_office_simple_air,315,multizone_office_simple_air:day315,1,zone_drift_positive,tuned_rule_based,192,144,9,24fa84130c928eaa9298215dc07dd823bd0d54fadd97dc3fb5fc237fed847c9a,600619d0733da61d1d834ed19865ff02b1e306996fee7fa5161df0fd971a7c7f,11.970231373056052,0.59660545877905236,117.94907594406455,0,0.44444444444444442,0.55555555555555558,4,1.1006326330542826,0,0.11930344494410335,0.010519641297103286,0.040682474725939242,0.024204035278948884,7.5827843231680501e-06,0.032884725000000004,185.75,0.01051962819137027,1.1006299794380481,0.032884725000000004,185.75,2.0641076874201747e-07
multizone_office_simple_air,315,multizone_office_simple_air:day315,1,zone_stuck,constant_zero,192,144,0,24fa84130c928eaa9298215dc07dd823bd0d54fadd97dc3fb5fc237fed847c9a,600619d0733da61d1d834ed19865ff02b1e306996fee7fa5161df0fd971a7c7f,11.970210192447876,0.59660003374625603,117.94889637814022,0,1,0,0,1.1006299794380481,0,0.11930333256330518,0.01051962819137027,0.040682436404087065,0.024204035278948884,7.5927052545020449e-06,0.032884725000000004,185.75,0.01051962819137027,1.1006299794380481,0.032884725000000004,185.75,0
multizone_office_simple_air,315,multizone_office_simple_air:day315,1,zone_stuck,deterministic_wm,192,144,9,24fa84130c928eaa9298215dc07dd823bd0d54fadd97dc3fb5fc237fed847c9a,600619d0733da61d1d834ed19865ff02b1e306996fee7fa5161df0fd971a7c7f,11.970235512045516,0.59659332258490849,117.94912514477657,0.1111111111111111,0.44444444444444442,0.44444444444444442,7,1.1006302601521147,0,0.11930345039112268,0.01051964205648956,0.040682476583372831,0.024204035278948884,1.7464092958105244e-05,0.032884725000000004,185.75,0.01051962819137027,1.1006299794380481,0.032884725000000004,185.75,2.1156959988690084e-07
multizone_office_simple_air,315,multizone_office_simple_air:day315,1,zone_stuck,direct_h8_rssm,192,144,9,24fa84130c928eaa9298215dc07dd823bd0d54fadd97dc3fb5fc237fed847c9a,600619d0733da61d1d834ed19865ff02b1e306996fee7fa5161df0fd971a7c7f,11.970254294237233,0.59659230299867261,117.94929634406179,0.1111111111111111,0,0.88888888888888884,3,1.100629993540668,0,0.11930367398269673,0.010519662151313055,0.0406825528280996,0.024204035278948884,3.1489556164433609e-05,0.032884725000000004,185.75,0.01051962819137027,1.1006299794380481,0.032884725000000004,185.75,5.1638624738772099e-07
multizone_office_simple_air,315,multizone_office_simple_air:day315,1,zone_stuck,legacy_rssm,192,144,9,24fa84130c928eaa9298215dc07dd823bd0d54fadd97dc3fb5fc237fed847c9a,600619d0733da61d1d834ed19865ff02b1e306996fee7fa5161df0fd971a7c7f,11.970229515302142,0.59659053102033965,117.94906251046172,0.44444444444444442,0,0.55555555555555558,7,1.1006321418187297,0,0.11930340663289182,0.01051963817066651,0.040682461661816112,0.024204035278948884,3.029651042678593e-05,0.032884725000000004,185.75,0.01051962819137027,1.1006299794380481,0.032884725000000004,185.75,1.5755215862553838e-07
multizone_office_simple_air,315,multizone_office_simple_air:day315,1,zone_stuck,rc_supervisory_selector,192,144,9,24fa84130c928eaa9298215dc07dd823bd0d54fadd97dc3fb5fc237fed847c9a,600619d0733da61d1d834ed19865ff02b1e306996fee7fa5161df0fd971a7c7f,11.9702327628391,0.59659030242303857,117.94907560131367,0,0.1111111111111111,0.88888888888888884,2,1.100629823823372,0,0.1193035613014264,0.010519649384154119,0.040682514403786424,0.024204035278948884,8.6362324460014626e-06,0.032884725000000004,185.75,0.01051962819137027,1.1006299794380481,0.032884725000000004,185.75,3.2180950590191041e-07
multizone_office_simple_air,315,multizone_office_simple_air:day315,1,zone_stuck,tuned_rule_based,192,144,9,24fa84130c928eaa9298215dc07dd823bd0d54fadd97dc3fb5fc237fed847c9a,600619d0733da61d1d834ed19865ff02b1e306996fee7fa5161df0fd971a7c7f,11.970231373056052,0.59660545877905236,117.94907594406455,0,0.44444444444444442,0.55555555555555558,4,1.1006326330542826,0,0.11930344494410335,0.010519641297103286,0.040682474725939242,0.024204035278948884,7.6106733329910523e-06,0.032884725000000004,185.75,0.01051962819137027,1.1006299794380481,0.032884725000000004,185.75,2.0641076874201747e-07
multizone_office_simple_air,333,multizone_office_simple_air:day333,1,clean,constant_zero,192,144,0,7c93e85515f5fb99ad30c28a4f8979f61f3e87b37a384d278fdf4135969f9687,783a44867e872cd267ebbd589f8f6326c8bae80d819dc578dec20350c5083d3f,18.198617309906211,0.67941369301337318,167.58163744449774,0,1,0,0,1.0429320812708667,0,0.15439564926733229,0.014642249504836226,0.052648916400160319,0.02116340943770164,7.5391533071041943e-06,0.032884725000000004,185.75,0.014642249504836226,1.0429320812708667,0.032884725000000004,185.75,0
multizone_office_simple_air,333,multizone_office_simple_air:day333,1,clean,deterministic_wm,192,144,9,7c93e85515f5fb99ad30c28a4f8979f61f3e87b37a384d278fdf4135969f9687,783a44867e872cd267ebbd589f8f6326c8bae80d819dc578dec20350c5083d3f,18.198621752031571,0.67941529486300567,167.58170286510159,0.33333333333333331,0.33333333333333331,0.33333333333333331,8,1.0429309981024137,0,0.15439567090128306,0.014642251391599198,0.052648923777337528,0.02116340943770164,1.7550440982998354e-05,0.032884725000000004,185.75,0.014642249504836226,1.0429320812708667,0.032884725000000004,185.75,2.5771866450138962e-08
multizone_office_simple_air,333,multizone_office_simple_air:day333,1,clean,direct_h8_rssm,192,144,9,7c93e85515f5fb99ad30c28a4f8979f61f3e87b37a384d278fdf4135969f9687,783a44867e872cd267ebbd589f8f6326c8bae80d819dc578dec20350c5083d3f,18.198621556906829,0.67941584983034886,167.58170189304172,0,0,1,1,1.0429331727938074,0,0.15439575797544569,0.014642256697618991,0.052648953469626981,0.02116340943770164,3.1953304572601938e-05,0.032884725000000004,185.75,0.014642249504836226,1.0429320812708667,0.032884725000000004,185.75,1.1230173451252985e-07
multizone_office_simple_air,333,multizone_office_simple_air:day333,1,clean,legacy_rssm,192,144,9,7c93e85515f5fb99ad30c28a4f8979f61f3e87b37a384d278fdf4135969f9687,783a44867e872cd267ebbd589f8f6326c8bae80d819dc578dec20350c5083d3f,18.1985969007074,0.67941165938142944,167.58134526050844,0.22222222222222221,0,0.77777777777777779,5,1.0429317795287614,0,0.15439555058916668,0.014642242911201791,0.052648882750905839,0.02116340943770164,3.2476819899971225e-05,0.032884725000000004,185.75,0.014642249504836226,1.0429320812708667,0.032884725000000004,185.75,-1.0106598304409643e-07
multizone_office_simple_air,333,multizone_office_simple_air:day333,1,clean,rc_supervisory_selector,192,144,9,7c93e85515f5fb99ad30c28a4f8979f61f3e87b37a384d278fdf4135969f9687,783a44867e872cd267ebbd589f8f6326c8bae80d819dc578dec20350c5083d3f,18.198614392659877,0.67941762602889355,167.58159625128837,0,0.33333333333333331,0.66666666666666663,4,1.0429336856285425,0,0.15439568410879057,0.014642251774082059,0.052648928281097587,0.02116340943770164,8.7943127017994814e-06,0.032884725000000004,185.75,0.014642249504836226,1.0429320812708667,0.032884725000000004,185.75,3.8821632017839742e-08
multizone_office_simple_air,333,multizone_office_simple_air:day333,1,clean,tuned_rule_based,192,144,9,7c93e85515f5fb99ad30c28a4f8979f61f3e87b37a384d278fdf4135969f9687,783a44867e872cd267ebbd589f8f6326c8bae80d819dc578dec20350c5083d3f,18.198608466242085,0.67939551093685679,167.58151633098575,0,0.44444444444444442,0.55555555555555558,4,1.0429305947841734,0,0.15439559808563269,0.014642245829748896,0.052648898947200748,0.02116340943770164,7.6944388366841233e-06,0.032884725000000004,185.75,0.014642249504836226,1.0429320812708667,0.032884725000000004,185.75,-5.9879644621198555e-08
multizone_office_simple_air,333,multizone_office_simple_air:day333,1,zone_bias_negative,constant_zero,192,144,0,7c93e85515f5fb99ad30c28a4f8979f61f3e87b37a384d278fdf4135969f9687,783a44867e872cd267ebbd589f8f6326c8bae80d819dc578dec20350c5083d3f,18.198617309906211,0.67941369301337318,167.58163744449774,0,1,0,0,1.0429320812708667,0,0.15439564926733229,0.014642249504836226,0.052648916400160319,0.02116340943770164,7.5831796070251991e-06,0.032884725000000004,185.75,0.014642249504836226,1.0429320812708667,0.032884725000000004,185.75,0
multizone_office_simple_air,333,multizone_office_simple_air:day333,1,zone_bias_negative,deterministic_wm,192,144,9,7c93e85515f5fb99ad30c28a4f8979f61f3e87b37a384d278fdf4135969f9687,783a44867e872cd267ebbd589f8f6326c8bae80d819dc578dec20350c5083d3f,18.198621814835018,0.67941690736549276,167.58171909323366,0.44444444444444442,0.33333333333333331,0.22222222222222221,7,1.0429329817196324,0,0.15439564930960295,0.014642249036967678,0.052648916414574594,0.02116340943770164,1.7533465968515373e-05,0.032884725000000004,185.75,0.014642249504836226,1.0429320812708667,0.032884725000000004,185.75,-4.6899480519719061e-09
multizone_office_simple_air,333,multizone_office_simple_air:day333,1,zone_bias_negative,direct_h8_rssm,192,144,9,7c93e85515f5fb99ad30c28a4f8979f61f3e87b37a384d278fdf4135969f9687,783a44867e872cd267ebbd589f8f6326c8bae80d819dc578dec20350c5083d3f,18.198621556906829,0.67941584983034886,167.58170189304172,0,0,1,1,1.0429331727938074,0,0.15439575797544569,0.014642256697618991,0.052648953469626981,0.02116340943770164,3.2386813072217902e-05,0.032884725000000004,185.75,0.014642249504836226,1.0429320812708667,0.032884725000000004,185.75,1.1230173451252985e-07
multizone_office_simple_air,333,multizone_office_simple_air:day333,1,zone_bias_negative,legacy_rssm,192,144,9,7c93e85515f5fb99ad30c28a4f8979f61f3e87b37a384d278fdf4135969f9687,783a44867e872cd267ebbd589f8f6326c8bae80d819dc578dec20350c5083d3f,18.1985969007074,0.67941165938142944,167.58134526050844,0.22222222222222221,0,0.77777777777777779,5,1.0429317795287614,0,0.15439555058916668,0.014642242911201791,0.052648882750905839,0.02116340943770164,3.1281976660994192e-05,0.032884725000000004,185.75,0.014642249504836226,1.0429320812708667,0.032884725000000004,185.75,-1.0106598304409643e-07
multizone_office_simple_air,333,multizone_office_simple_air:day333,1,zone_bias_negative,rc_supervisory_selector,192,144,9,7c93e85515f5fb99ad30c28a4f8979f61f3e87b37a384d278fdf4135969f9687,783a44867e872cd267ebbd589f8f6326c8bae80d819dc578dec20350c5083d3f,18.198614392659877,0.67941762602889355,167.58159625128837,0,0.33333333333333331,0.66666666666666663,4,1.0429336856285425,0,0.15439568410879057,0.014642251774082059,0.052648928281097587,0.02116340943770164,8.5651631824078432e-06,0.032884725000000004,185.75,0.014642249504836226,1.0429320812708667,0.032884725000000004,185.75,3.8821632017839742e-08
multizone_office_simple_air,333,multizone_office_simple_air:day333,1,zone_bias_negative,tuned_rule_based,192,144,9,7c93e85515f5fb99ad30c28a4f8979f61f3e87b37a384d278fdf4135969f9687,783a44867e872cd267ebbd589f8f6326c8bae80d819dc578dec20350c5083d3f,18.198608466242085,0.67939551093685679,167.58151633098575,0,0.44444444444444442,0.55555555555555558,4,1.0429305947841734,0,0.15439559808563269,0.014642245829748896,0.052648898947200748,0.02116340943770164,7.4546846142336696e-06,0.032884725000000004,185.75,0.014642249504836226,1.0429320812708667,0.032884725000000004,185.75,-5.9879644621198555e-08
multizone_office_simple_air,333,multizone_office_simple_air:day333,1,zone_bias_positive,constant_zero,192,144,0,7c93e85515f5fb99ad30c28a4f8979f61f3e87b37a384d278fdf4135969f9687,783a44867e872cd267ebbd589f8f6326c8bae80d819dc578dec20350c5083d3f,18.198617309906211,0.67941369301337318,167.58163744449774,0,1,0,0,1.0429320812708667,0,0.15439564926733229,0.014642249504836226,0.052648916400160319,0.02116340943770164,7.5691172104370051e-06,0.032884725000000004,185.75,0.014642249504836226,1.0429320812708667,0.032884725000000004,185.75,0
multizone_office_simple_air,333,multizone_office_simple_air:day333,1,zone_bias_positive,deterministic_wm,192,144,9,7c93e85515f5fb99ad30c28a4f8979f61f3e87b37a384d278fdf4135969f9687,783a44867e872cd267ebbd589f8f6326c8bae80d819dc578dec20350c5083d3f,18.198606827732242,0.67941235177364945,167.58150169222176,0.22222222222222221,0.44444444444444442,0.33333333333333331,7,1.0429320866983358,0,0.15439558178852794,0.014642244512825652,0.052648893389888027,0.02116340943770164,1.7568360517855785e-05,0.032884725000000004,185.75,0.014642249504836226,1.0429320812708667,0.032884725000000004,185.75,-7.5887052547455962e-08
multizone_office_simple_air,333,multizone_office_simple_air:day333,1,zone_bias_positive,direct_h8_rssm,192,144,9,7c93e85515f5fb99ad30c28a4f8979f61f3e87b37a384d278fdf4135969f9687,783a44867e872cd267ebbd589f8f6326c8bae80d819dc578dec20350c5083d3f,18.198621556906829,0.67941584983034886,167.58170189304172,0,0,1,1,1.0429331727938074,0,0.15439575797544569,0.014642256697618991,0.052648953469626981,0.02116340943770164,3.0695048094211864e-05,0.032884725000000004,185.75,0.014642249504836226,1.0429320812708667,0.032884725000000004,185.75,1.1230173451252985e-07
multizone_office_simple_air,333,multizone_office_simple_air:day333,1,zone_bias_positive,legacy_rssm,192,144,9,7c93e85515f5fb99ad30c28a4f8979f61f3e87b37a384d278fdf4135969f9687,783a44867e872cd267ebbd589f8f6326c8bae80d819dc578dec20350c5083d3f,18.1985969007074,0.67941165938142944,167.58134526050844,0.22222222222222221,0,0.77777777777777779,5,1.0429317795287614,0,0.15439555058916668,0.014642242911201791,0.052648882750905839,0.02116340943770164,3.140410411628337e-05,0.032884725000000004,185.75,0.014642249504836226,1.0429320812708667,0.032884725000000004,185.75,-1.0106598304409643e-07
multizone_office_simple_air,333,multizone_office_simple_air:day333,1,zone_bias_positive,rc_supervisory_selector,192,144,9,7c93e85515f5fb99ad30c28a4f8979f61f3e87b37a384d278fdf4135969f9687,783a44867e872cd267ebbd589f8f6326c8bae80d819dc578dec20350c5083d3f,18.198607678674723,0.67940984767540158,167.58150626703758,0,0.22222222222222221,0.77777777777777779,4,1.0429316096634935,0,0.15439557349400188,0.014642243861459375,0.052648890561454643,0.02116340943770164,8.6276429971336552e-06,0.032884725000000004,185.75,0.014642249504836226,1.0429320812708667,0.032884725000000004,185.75,-8.7074911908561591e-08
multizone_office_simple_air,333,multizone_office_simple_air:day333,1,zone_bias_positive,tuned_rule_based,192,144,9,7c93e85515f5fb99ad30c28a4f8979f61f3e87b37a384d278fdf4135969f9687,783a44867e872cd267ebbd589f8f6326c8bae80d819dc578dec20350c5083d3f,18.198608466242085,0.67939551093685679,167.58151633098575,0,0.44444444444444442,0.55555555555555558,4,1.0429305947841734,0,0.15439559808563269,0.014642245829748896,0.052648898947200748,0.02116340943770164,7.7238576643823384e-06,0.032884725000000004,185.75,0.014642249504836226,1.0429320812708667,0.032884725000000004,185.75,-5.9879644621198555e-08
multizone_office_simple_air,333,multizone_office_simple_air:day333,1,zone_drift_negative,constant_zero,192,144,0,7c93e85515f5fb99ad30c28a4f8979f61f3e87b37a384d278fdf4135969f9687,783a44867e872cd267ebbd589f8f6326c8bae80d819dc578dec20350c5083d3f,18.198617309906211,0.67941369301337318,167.58163744449774,0,1,0,0,1.0429320812708667,0,0.15439564926733229,0.014642249504836226,0.052648916400160319,0.02116340943770164,7.5993071883968879e-06,0.032884725000000004,185.75,0.014642249504836226,1.0429320812708667,0.032884725000000004,185.75,0
multizone_office_simple_air,333,multizone_office_simple_air:day333,1,zone_drift_negative,deterministic_wm,192,144,9,7c93e85515f5fb99ad30c28a4f8979f61f3e87b37a384d278fdf4135969f9687,783a44867e872cd267ebbd589f8f6326c8bae80d819dc578dec20350c5083d3f,18.198621814835018,0.67941690736549276,167.58171909323366,0.44444444444444442,0.33333333333333331,0.22222222222222221,7,1.0429329817196324,0,0.15439564930960295,0.014642249036967678,0.052648916414574594,0.02116340943770164,1.7337012665434036e-05,0.032884725000000004,185.75,0.014642249504836226,1.0429320812708667,0.032884725000000004,185.75,-4.6899480519719061e-09
multizone_office_simple_air,333,multizone_office_simple_air:day333,1,zone_drift_negative,direct_h8_rssm,192,144,9,7c93e85515f5fb99ad30c28a4f8979f61f3e87b37a384d278fdf4135969f9687,783a44867e872cd267ebbd589f8f6326c8bae80d819dc578dec20350c5083d3f,18.198621556906829,0.67941584983034886,167.58170189304172,0,0,1,1,1.0429331727938074,0,0.15439575797544569,0.014642256697618991,0.052648953469626981,0.02116340943770164,3.230769666146927e-05,0.032884725000000004,185.75,0.014642249504836226,1.0429320812708667,0.032884725000000004,185.75,1.1230173451252985e-07
multizone_office_simple_air,333,multizone_office_simple_air:day333,1,zone_drift_negative,legacy_rssm,192,144,9,7c93e85515f5fb99ad30c28a4f8979f61f3e87b37a384d278fdf4135969f9687,783a44867e872cd267ebbd589f8f6326c8bae80d819dc578dec20350c5083d3f,18.1985969007074,0.67941165938142944,167.58134526050844,0.22222222222222221,0,0.77777777777777779,5,1.0429317795287614,0,0.15439555058916668,0.014642242911201791,0.052648882750905839,0.02116340943770164,3.0417809866416446e-05,0.032884725000000004,185.75,0.014642249504836226,1.0429320812708667,0.032884725000000004,185.75,-1.0106598304409643e-07
multizone_office_simple_air,333,multizone_office_simple_air:day333,1,zone_drift_negative,rc_supervisory_selector,192,144,9,7c93e85515f5fb99ad30c28a4f8979f61f3e87b37a384d278fdf4135969f9687,783a44867e872cd267ebbd589f8f6326c8bae80d819dc578dec20350c5083d3f,18.198614392659877,0.67941762602889355,167.58159625128837,0,0.33333333333333331,0.66666666666666663,4,1.0429336856285425,0,0.15439568410879057,0.014642251774082059,0.052648928281097587,0.02116340943770164,8.5473767957970321e-06,0.032884725000000004,185.75,0.014642249504836226,1.0429320812708667,0.032884725000000004,185.75,3.8821632017839742e-08
multizone_office_simple_air,333,multizone_office_simple_air:day333,1,zone_drift_negative,tuned_rule_based,192,144,9,7c93e85515f5fb99ad30c28a4f8979f61f3e87b37a384d278fdf4135969f9687,783a44867e872cd267ebbd589f8f6326c8bae80d819dc578dec20350c5083d3f,18.198608466242085,0.67939551093685679,167.58151633098575,0,0.44444444444444442,0.55555555555555558,4,1.0429305947841734,0,0.15439559808563269,0.014642245829748896,0.052648898947200748,0.02116340943770164,7.5738328775047494e-06,0.032884725000000004,185.75,0.014642249504836226,1.0429320812708667,0.032884725000000004,185.75,-5.9879644621198555e-08
multizone_office_simple_air,333,multizone_office_simple_air:day333,1,zone_drift_positive,constant_zero,192,144,0,7c93e85515f5fb99ad30c28a4f8979f61f3e87b37a384d278fdf4135969f9687,783a44867e872cd267ebbd589f8f6326c8bae80d819dc578dec20350c5083d3f,18.198617309906211,0.67941369301337318,167.58163744449774,0,1,0,0,1.0429320812708667,0,0.15439564926733229,0.014642249504836226,0.052648916400160319,0.02116340943770164,7.5635444015316514e-06,0.032884725000000004,185.75,0.014642249504836226,1.0429320812708667,0.032884725000000004,185.75,0
multizone_office_simple_air,333,multizone_office_simple_air:day333,1,zone_drift_positive,deterministic_wm,192,144,9,7c93e85515f5fb99ad30c28a4f8979f61f3e87b37a384d278fdf4135969f9687,783a44867e872cd267ebbd589f8f6326c8bae80d819dc578dec20350c5083d3f,18.198621752031571,0.67941529486300567,167.58170286510159,0.33333333333333331,0.33333333333333331,0.33333333333333331,8,1.0429309981024137,0,0.15439567090128306,0.014642251391599198,0.052648923777337528,0.02116340943770164,1.7435464698121324e-05,0.032884725000000004,185.75,0.014642249504836226,1.0429320812708667,0.032884725000000004,185.75,2.5771866450138962e-08
multizone_office_simple_air,333,multizone_office_simple_air:day333,1,zone_drift_positive,direct_h8_rssm,192,144,9,7c93e85515f5fb99ad30c28a4f8979f61f3e87b37a384d278fdf4135969f9687,783a44867e872cd267ebbd589f8f6326c8bae80d819dc578dec20350c5083d3f,18.198621556906829,0.67941584983034886,167.58170189304172,0,0,1,1,1.0429331727938074,0,0.15439575797544569,0.014642256697618991,0.052648953469626981,0.02116340943770164,3.2442732561875946e-05,0.032884725000000004,185.75,0.014642249504836226,1.0429320812708667,0.032884725000000004,185.75,1.1230173451252985e-07
multizone_office_simple_air,333,multizone_office_simple_air:day333,1,zone_drift_positive,legacy_rssm,192,144,9,7c93e85515f5fb99ad30c28a4f8979f61f3e87b37a384d278fdf4135969f9687,783a44867e872cd267ebbd589f8f6326c8bae80d819dc578dec20350c5083d3f,18.1985969007074,0.67941165938142944,167.58134526050844,0.22222222222222221,0,0.77777777777777779,5,1.0429317795287614,0,0.15439555058916668,0.014642242911201791,0.052648882750905839,0.02116340943770164,3.0885253138428445e-05,0.032884725000000004,185.75,0.014642249504836226,1.0429320812708667,0.032884725000000004,185.75,-1.0106598304409643e-07
multizone_office_simple_air,333,multizone_office_simple_air:day333,1,zone_drift_positive,rc_supervisory_selector,192,144,9,7c93e85515f5fb99ad30c28a4f8979f61f3e87b37a384d278fdf4135969f9687,783a44867e872cd267ebbd589f8f6326c8bae80d819dc578dec20350c5083d3f,18.198621556906829,0.67941584983034886,167.58170189304175,0,0.1111111111111111,0.88888888888888884,2,1.0429331727938074,0,0.15439575797544569,0.014642256697618991,0.052648953469626981,0.02116340943770164,8.7324695021278159e-06,0.032884725000000004,185.75,0.014642249504836226,1.0429320812708667,0.032884725000000004,185.75,1.1230173451252985e-07
multizone_office_simple_air,333,multizone_office_simple_air:day333,1,zone_drift_positive,tuned_rule_based,192,144,9,7c93e85515f5fb99ad30c28a4f8979f61f3e87b37a384d278fdf4135969f9687,783a44867e872cd267ebbd589f8f6326c8bae80d819dc578dec20350c5083d3f,18.198608466242085,0.67939551093685679,167.58151633098575,0,0.44444444444444442,0.55555555555555558,4,1.0429305947841734,0,0.15439559808563269,0.014642245829748896,0.052648898947200748,0.02116340943770164,7.6359964651448414e-06,0.032884725000000004,185.75,0.014642249504836226,1.0429320812708667,0.032884725000000004,185.75,-5.9879644621198555e-08
multizone_office_simple_air,333,multizone_office_simple_air:day333,1,zone_stuck,constant_zero,192,144,0,7c93e85515f5fb99ad30c28a4f8979f61f3e87b37a384d278fdf4135969f9687,783a44867e872cd267ebbd589f8f6326c8bae80d819dc578dec20350c5083d3f,18.198617309906211,0.67941369301337318,167.58163744449774,0,1,0,0,1.0429320812708667,0,0.15439564926733229,0.014642249504836226,0.052648916400160319,0.02116340943770164,7.5672933568505096e-06,0.032884725000000004,185.75,0.014642249504836226,1.0429320812708667,0.032884725000000004,185.75,0
multizone_office_simple_air,333,multizone_office_simple_air:day333,1,zone_stuck,deterministic_wm,192,144,9,7c93e85515f5fb99ad30c28a4f8979f61f3e87b37a384d278fdf4135969f9687,783a44867e872cd267ebbd589f8f6326c8bae80d819dc578dec20350c5083d3f,18.198621752031571,0.67941529486300567,167.58170286510159,0.33333333333333331,0.33333333333333331,0.33333333333333331,8,1.0429309981024137,0,0.15439567090128306,0.014642251391599198,0.052648923777337528,0.02116340943770164,1.7312349726669729e-05,0.032884725000000004,185.75,0.014642249504836226,1.0429320812708667,0.032884725000000004,185.75,2.5771866450138962e-08
multizone_office_simple_air,333,multizone_office_simple_air:day333,1,zone_stuck,direct_h8_rssm,192,144,9,7c93e85515f5fb99ad30c28a4f8979f61f3e87b37a384d278fdf4135969f9687,783a44867e872cd267ebbd589f8f6326c8bae80d819dc578dec20350c5083d3f,18.198621556906829,0.67941584983034886,167.58170189304172,0,0,1,1,1.0429331727938074,0,0.15439575797544569,0.014642256697618991,0.052648953469626981,0.02116340943770164,3.2032755240928018e-05,0.032884725000000004,185.75,0.014642249504836226,1.0429320812708667,0.032884725000000004,185.75,1.1230173451252985e-07
multizone_office_simple_air,333,multizone_office_simple_air:day333,1,zone_stuck,legacy_rssm,192,144,9,7c93e85515f5fb99ad30c28a4f8979f61f3e87b37a384d278fdf4135969f9687,783a44867e872cd267ebbd589f8f6326c8bae80d819dc578dec20350c5083d3f,18.1985969007074,0.67941165938142944,167.58134526050844,0.22222222222222221,0,0.77777777777777779,5,1.0429317795287614,0,0.15439555058916668,0.014642242911201791,0.052648882750905839,0.02116340943770164,3.058034365367169e-05,0.032884725000000004,185.75,0.014642249504836226,1.0429320812708667,0.032884725000000004,185.75,-1.0106598304409643e-07
multizone_office_simple_air,333,multizone_office_simple_air:day333,1,zone_stuck,rc_supervisory_selector,192,144,9,7c93e85515f5fb99ad30c28a4f8979f61f3e87b37a384d278fdf4135969f9687,783a44867e872cd267ebbd589f8f6326c8bae80d819dc578dec20350c5083d3f,18.198614392659877,0.67941762602889355,167.58159625128837,0,0.33333333333333331,0.66666666666666663,4,1.0429336856285425,0,0.15439568410879057,0.014642251774082059,0.052648928281097587,0.02116340943770164,8.7451033289866652e-06,0.032884725000000004,185.75,0.014642249504836226,1.0429320812708667,0.032884725000000004,185.75,3.8821632017839742e-08
multizone_office_simple_air,333,multizone_office_simple_air:day333,1,zone_stuck,tuned_rule_based,192,144,9,7c93e85515f5fb99ad30c28a4f8979f61f3e87b37a384d278fdf4135969f9687,783a44867e872cd267ebbd589f8f6326c8bae80d819dc578dec20350c5083d3f,18.198608466242085,0.67939551093685679,167.58151633098575,0,0.44444444444444442,0.55555555555555558,4,1.0429305947841734,0,0.15439559808563269,0.014642245829748896,0.052648898947200748,0.02116340943770164,7.8706536062794281e-06,0.032884725000000004,185.75,0.014642249504836226,1.0429320812708667,0.032884725000000004,185.75,-5.9879644621198555e-08
twozone_apartment_hydronic,27,twozone_apartment_hydronic:day027,0,clean,constant_zero,192,144,0,3cbb0c48cd8af398b5667f9fb4e97648eb9e5abdaf944b3b7ff6c8a877b3ead8,29689e6e49d4f0b943cf360437e733bcc19b76835d11b93a6c3e3bcf614c180e,2.7356140089417438,6.0715305716742876,13.629913925677993,0,1,0,0,5.9347870292107068,0,0.51149324123490836,0.10043029597427726,0.15958589126529144,0.037767057564167428,6.8741430024063258e-06,0.074324999999999988,114,0.10043029597427726,5.9347870292107068,0.074324999999999988,114,0
twozone_apartment_hydronic,27,twozone_apartment_hydronic:day027,0,clean,deterministic_wm,192,144,9,3cbb0c48cd8af398b5667f9fb4e97648eb9e5abdaf944b3b7ff6c8a877b3ead8,29689e6e49d4f0b943cf360437e733bcc19b76835d11b93a6c3e3bcf614c180e,2.9813040036861356,2.315441465166785,14.332841093304067,0.77777777777777779,0.1111111111111111,0.1111111111111111,4,2.470595481137436,0,0.52309451592573131,0.10504635382747102,0.16320548896882819,0.039885416017564033,1.7437793405476249e-05,0.074324999999999988,114,0.10043029597427726,5.9347870292107068,0.074324999999999988,114,0.015859375222236544
twozone_apartment_hydronic,27,twozone_apartment_hydronic:day027,0,clean,direct_h8_rssm,192,144,9,3cbb0c48cd8af398b5667f9fb4e97648eb9e5abdaf944b3b7ff6c8a877b3ead8,29689e6e49d4f0b943cf360437e733bcc19b76835d11b93a6c3e3bcf614c180e,3.6110549747576313,9.9485353641278778,18.372549851178121,0.88888888888888884,0,0.1111111111111111,3,9.7081212695453036,0,0.60655245299261473,0.11768444054442942,0.18924436533369576,0.038296786958514503,3.0771156186763454e-05,0.074324999999999988,114,0.10043029597427726,5.9347870292107068,0.074324999999999988,114,0.13262199257706583
twozone_apartment_hydronic,27,twozone_apartment_hydronic:day027,0,clean,legacy_rssm,192,144,9,3cbb0c48cd8af398b5667f9fb4e97648eb9e5abdaf944b3b7ff6c8a877b3ead8,29689e6e49d4f0b943cf360437e733bcc19b76835d11b93a6c3e3bcf614c180e,2.9813040036861356,2.315441465166785,14.332841093304067,0.77777777777777779,0.1111111111111111,0.1111111111111111,4,2.470595481137436,0,0.52309451592573131,0.10504635382747102,0.16320548896882819,0.039885416017564033,3.2585396747245145e-05,0.074324999999999988,114,0.10043029597427726,5.9347870292107068,0.074324999999999988,114,0.015859375222236544
twozone_apartment_hydronic,27,twozone_apartment_hydronic:day027,0,clean,rc_supervisory_selector,192,144,9,3cbb0c48cd8af398b5667f9fb4e97648eb9e5abdaf944b3b7ff6c8a877b3ead8,29689e6e49d4f0b943cf360437e733bcc19b76835d11b93a6c3e3bcf614c180e,2.9813040036861356,2.315441465166785,14.332841093304067,0.77777777777777779,0,0.22222222222222221,4,2.470595481137436,0,0.52309451592573131,0.10504635382747102,0.16320548896882819,0.039885416017564033,7.733617708251669e-06,0.074324999999999988,114,0.10043029597427726,5.9347870292107068,0.074324999999999988,114,0.015859375222236544
twozone_apartment_hydronic,27,twozone_apartment_hydronic:day027,0,clean,tuned_rule_based,192,144,9,3cbb0c48cd8af398b5667f9fb4e97648eb9e5abdaf944b3b7ff6c8a877b3ead8,29689e6e49d4f0b943cf360437e733bcc19b76835d11b93a6c3e3bcf614c180e,3.6873975764258189,2.8828266264688835,18.773831503017135,0.55555555555555558,0.22222222222222221,0.22222222222222221,5,2.7496998110371846,0,0.63218678501569958,0.12255503702725855,0.19724227692489826,0.039063000133038227,6.8486048913126839e-06,0.074324999999999988,114,0.10043029597427726,5.9347870292107068,0.074324999999999988,114,0.13486813323119304
twozone_apartment_hydronic,27,twozone_apartment_hydronic:day027,0,zone_bias_negative,constant_zero,192,144,0,3cbb0c48cd8af398b5667f9fb4e97648eb9e5abdaf944b3b7ff6c8a877b3ead8,29689e6e49d4f0b943cf360437e733bcc19b76835d11b93a6c3e3bcf614c180e,2.7356140089417438,6.0715305716742876,13.629913925677993,0,1,0,0,5.9347870292107068,0,0.51149324123490836,0.10043029597427726,0.15958589126529144,0.037767057564167428,6.8132457100700126e-06,0.074324999999999988,114,0.10043029597427726,5.9347870292107068,0.074324999999999988,114,0
twozone_apartment_hydronic,27,twozone_apartment_hydronic:day027,0,zone_bias_negative,deterministic_wm,192,144,9,3cbb0c48cd8af398b5667f9fb4e97648eb9e5abdaf944b3b7ff6c8a877b3ead8,29689e6e49d4f0b943cf360437e733bcc19b76835d11b93a6c3e3bcf614c180e,2.9813040036861356,2.315441465166785,14.332841093304067,0.77777777777777779,0.1111111111111111,0.1111111111111111,4,2.470595481137436,0,0.52309451592573131,0.10504635382747102,0.16320548896882819,0.039885416017564033,1.6890011810160708e-05,0.074324999999999988,114,0.10043029597427726,5.9347870292107068,0.074324999999999988,114,0.015859375222236544
twozone_apartment_hydronic,27,twozone_apartment_hydronic:day027,0,zone_bias_negative,direct_h8_rssm,192,144,9,3cbb0c48cd8af398b5667f9fb4e97648eb9e5abdaf944b3b7ff6c8a877b3ead8,29689e6e49d4f0b943cf360437e733bcc19b76835d11b93a6c3e3bcf614c180e,3.3717401028347767,9.458736843956828,16.891032031312768,0.88888888888888884,0.1111111111111111,0,3,9.1419911686756574,0,0.58769833036744223,0.11534071781893787,0.18336187907464194,0.038915840333307736,3.1399332970779531e-05,0.074324999999999988,114,0.10043029597427726,5.9347870292107068,0.074324999999999988,114,0.11437224718118284
twozone_apartment_hydronic,27,twozone_apartment_hydronic:day027,0,zone_bias_negative,legacy_rssm,192,144,9,3cbb0c48cd8af398b5667f9fb4e97648eb9e5abdaf944b3b7ff6c8a877b3ead8,29689e6e49d4f0b943cf360437e733bcc19b76835d11b93a6c3e3bcf614c180e,2.9813040036861356,2.315441465166785,14.332841093304067,0.77777777777777779,0.1111111111111111,0.1111111111111111,4,2.470595481137436,0,0.52309451592573131,0.10504635382747102,0.16320548896882819,0.039885416017564033,3.1469145647795683e-05,0.074324999999999988,114,0.10043029597427726,5.9347870292107068,0.074324999999999988,114,0.015859375222236544
twozone_apartment_hydronic,27,twozone_apartment_hydronic:day027,0,zone_bias_negative,rc_supervisory_selector,192,144,9,3cbb0c48cd8af398b5667f9fb4e97648eb9e5abdaf944b3b7ff6c8a877b3ead8,29689e6e49d4f0b943cf360437e733bcc19b76835d11b93a6c3e3bcf614c180e,3.5326680978571368,0.70688076017603407,17.699892364783466,0.66666666666666663,0.1111111111111111,0.22222222222222221,5,0.62509816350265035,0,0.59929949680174355,0.1177837247263579,0.18698144300214395,0.039477818739981518,8.1049972942500975e-06,0.074324999999999988,114,0.10043029597427726,5.9347870292107068,0.074324999999999988,114,0.093452077633994934
twozone_apartment_hydronic,27,twozone_apartment_hydronic:day027,0,zone_bias_negative,tuned_rule_based,192,144,9,3cbb0c48cd8af398b5667f9fb4e97648eb9e5abdaf944b3b7ff6c8a877b3ead8,29689e6e49d4f0b943cf360437e733bcc19b76835d11b93a6c3e3bcf614c180e,3.6873975764258189,2.8828266264688835,18.773831503017135,0.55555555555555558,0.22222222222222221,0.22222222222222221,5,2.7496998110371846,0,0.63218678501569958,0.12255503702725855,0.19724227692489826,0.039063000133038227,7.1204589368854594e-06,0.074324999999999988,114,0.10043029597427726,5.9347870292107068,0.074324999999999988,114,0.13486813323119304
twozone_apartment_hydronic,27,twozone_apartment_hydronic:day027,0,zone_bias_positive,constant_zero,192,144,0,3cbb0c48cd8af398b5667f9fb4e97648eb9e5abdaf944b3b7ff6c8a877b3ead8,29689e6e49d4f0b943cf360437e733bcc19b76835d11b93a6c3e3bcf614c180e,2.7356140089417438,6.0715305716742876,13.629913925677993,0,1,0,0,5.9347870292107068,0,0.51149324123490836,0.10043029597427726,0.15958589126529144,0.037767057564167428,7.0190956732642854e-06,0.074324999999999988,114,0.10043029597427726,5.9347870292107068,0.074324999999999988,114,0
twozone_apartment_hydronic,27,twozone_apartment_hydronic:day027,0,zone_bias_positive,deterministic_wm,192,144,9,3cbb0c48cd8af398b5667f9fb4e97648eb9e5abdaf944b3b7ff6c8a877b3ead8,29689e6e49d4f0b943cf360437e733bcc19b76835d11b93a6c3e3bcf614c180e,3.6382372003031667,3.6115788826792112,18.515393700430511,0.44444444444444442,0.33333333333333331,0.22222222222222221,6,3.5368393062532917,0,0.61798304067608512,0.11985628323704517,0.19281070869093858,0.039071166028092422,1.6756016130430742e-05,0.074324999999999988,114,0.10043029597427726,5.9347870292107068,0.074324999999999988,114,0.12016541171400688
twozone_apartment_hydronic,27,twozone_apartment_hydronic:day027,0,zone_bias_positive,direct_h8_rssm,192,144,9,3cbb0c48cd8af398b5667f9fb4e97648eb9e5abdaf944b3b7ff6c8a877b3ead8,29689e6e49d4f0b943cf360437e733bcc19b76835d11b93a6c3e3bcf614c180e,3.6110549747576313,9.9485353641278778,18.372549851178121,0.88888888888888884,0,0.1111111111111111,3,9.7081212695453036,0,0.60655245299261473,0.11768444054442942,0.18924436533369576,0.038296786958514503,3.0932261404289349e-05,0.074324999999999988,114,0.10043029597427726,5.9347870292107068,0.074324999999999988,114,0.13262199257706583
twozone_apartment_hydronic,27,twozone_apartment_hydronic:day027,0,zone_bias_positive,legacy_rssm,192,144,9,3cbb0c48cd8af398b5667f9fb4e97648eb9e5abdaf944b3b7ff6c8a877b3ead8,29689e6e49d4f0b943cf360437e733bcc19b76835d11b93a6c3e3bcf614c180e,2.9813040036861356,2.315441465166785,14.332841093304067,0.77777777777777779,0.1111111111111111,0.1111111111111111,4,2.470595481137436,0,0.52309451592573131,0.10504635382747102,0.16320548896882819,0.039885416017564033,3.0640820696854603e-05,0.074324999999999988,114,0.10043029597427726,5.9347870292107068,0.074324999999999988,114,0.015859375222236544
twozone_apartment_hydronic,27,twozone_apartment_hydronic:day027,0,zone_bias_positive,rc_supervisory_selector,192,144,9,3cbb0c48cd8af398b5667f9fb4e97648eb9e5abdaf944b3b7ff6c8a877b3ead8,29689e6e49d4f0b943cf360437e733bcc19b76835d11b93a6c3e3bcf614c180e,3.7103961192983959,7.458042312952486,18.895397980340036,0.77777777777777779,0,0.22222222222222221,4,7.2692650248227784,0,0.63381757574191044,0.12286481386679561,0.19775108363147606,0.039026599335374675,8.2626115311849538e-06,0.074324999999999988,114,0.10043029597427726,5.9347870292107068,0.074324999999999988,114,0.15677472201692189
twozone_apartment_hydronic,27,twozone_apartment_hydronic:day027,0,zone_bias_positive,tuned_rule_based,192,144,9,3cbb0c48cd8af398b5667f9fb4e97648eb9e5abdaf944b3b7ff6c8a877b3ead8,29689e6e49d4f0b943cf360437e733bcc19b76835d11b93a6c3e3bcf614c180e,3.6873975764258189,2.8828266264688835,18.773831503017135,0.55555555555555558,0.22222222222222221,0.22222222222222221,5,2.7496998110371846,0,0.63218678501569958,0.12255503702725855,0.19724227692489826,0.039063000133038227,6.7203706471707805e-06,0.074324999999999988,114,0.10043029597427726,5.9347870292107068,0.074324999999999988,114,0.13486813323119304
twozone_apartment_hydronic,27,twozone_apartment_hydronic:day027,0,zone_drift_negative,constant_zero,192,144,0,3cbb0c48cd8af398b5667f9fb4e97648eb9e5abdaf944b3b7ff6c8a877b3ead8,29689e6e49d4f0b943cf360437e733bcc19b76835d11b93a6c3e3bcf614c180e,2.7356140089417438,6.0715305716742876,13.629913925677993,0,1,0,0,5.9347870292107068,0,0.51149324123490836,0.10043029597427726,0.15958589126529144,0.037767057564167428,7.0316088345246372e-06,0.074324999999999988,114,0.10043029597427726,5.9347870292107068,0.074324999999999988,114,0
twozone_apartment_hydronic,27,twozone_apartment_hydronic:day027,0,zone_drift_negative,deterministic_wm,192,144,9,3cbb0c48cd8af398b5667f9fb4e97648eb9e5abdaf944b3b7ff6c8a877b3ead8,29689e6e49d4f0b943cf360437e733bcc19b76835d11b93a6c3e3bcf614c180e,2.9813040036861356,2.315441465166785,14.332841093304067,0.77777777777777779,0.1111111111111111,0.1111111111111111,4,2.470595481137436,0,0.52309451592573131,0.10504635382747102,0.16320548896882819,0.039885416017564033,1.6930208711030526e-05,0.074324999999999988,114,0.10043029597427726,5.9347870292107068,0.074324999999999988,114,0.015859375222236544
twozone_apartment_hydronic,27,twozone_apartment_hydronic:day027,0,zone_drift_negative,direct_h8_rssm,192,144,9,3cbb0c48cd8af398b5667f9fb4e97648eb9e5abdaf944b3b7ff6c8a877b3ead8,29689e6e49d4f0b943cf360437e733bcc19b76835d11b93a6c3e3bcf614c180e,3.6110549747576313,9.9485353641278778,18.372549851178121,0.88888888888888884,0,0.1111111111111111,3,9.7081212695453036,0,0.60655245299261473,0.11768444054442942,0.18924436533369576,0.038296786958514503,3.1013646883074114e-05,0.074324999999999988,114,0.10043029597427726,5.9347870292107068,0.074324999999999988,114,0.13262199257706583
twozone_apartment_hydronic,27,twozone_apartment_hydronic:day027,0,zone_drift_negative,legacy_rssm,192,144,9,3cbb0c48cd8af398b5667f9fb4e97648eb9e5abdaf944b3b7ff6c8a877b3ead8,29689e6e49d4f0b943cf360437e733bcc19b76835d11b93a6c3e3bcf614c180e,2.9813040036861356,2.315441465166785,14.332841093304067,0.77777777777777779,0.1111111111111111,0.1111111111111111,4,2.470595481137436,0,0.52309451592573131,0.10504635382747102,0.16320548896882819,0.039885416017564033,3.042821762102714e-05,0.074324999999999988,114,0.10043029597427726,5.9347870292107068,0.074324999999999988,114,0.015859375222236544
twozone_apartment_hydronic,27,twozone_apartment_hydronic:day027,0,zone_drift_negative,rc_supervisory_selector,192,144,9,3cbb0c48cd8af398b5667f9fb4e97648eb9e5abdaf944b3b7ff6c8a877b3ead8,29689e6e49d4f0b943cf360437e733bcc19b76835d11b93a6c3e3bcf614c180e,3.5326680978571368,0.70688076017603407,17.699892364783466,0.66666666666666663,0.1111111111111111,0.22222222222222221,5,0.62509816350265035,0,0.59929949680174355,0.1177837247263579,0.18698144300214395,0.039477818739981518,7.5743710183348334e-06,0.074324999999999988,114,0.10043029597427726,5.9347870292107068,0.074324999999999988,114,0.093452077633994934
twozone_apartment_hydronic,27,twozone_apartment_hydronic:day027,0,zone_drift_negative,tuned_rule_based,192,144,9,3cbb0c48cd8af398b5667f9fb4e97648eb9e5abdaf944b3b7ff6c8a877b3ead8,29689e6e49d4f0b943cf360437e733bcc19b76835d11b93a6c3e3bcf614c180e,3.6873975764258189,2.8828266264688835,18.773831503017135,0.55555555555555558,0.22222222222222221,0.22222222222222221,5,2.7496998110371846,0,0.63218678501569958,0.12255503702725855,0.19724227692489826,0.039063000133038227,7.067015172437987e-06,0.074324999999999988,114,0.10043029597427726,5.9347870292107068,0.074324999999999988,114,0.13486813323119304
twozone_apartment_hydronic,27,twozone_apartment_hydronic:day027,0,zone_drift_positive,constant_zero,192,144,0,3cbb0c48cd8af398b5667f9fb4e97648eb9e5abdaf944b3b7ff6c8a877b3ead8,29689e6e49d4f0b943cf360437e733bcc19b76835d11b93a6c3e3bcf614c180e,2.7356140089417438,6.0715305716742876,13.629913925677993,0,1,0,0,5.9347870292107068,0,0.51149324123490836,0.10043029597427726,0.15958589126529144,0.037767057564167428,6.934431418906539e-06,0.074324999999999988,114,0.10043029597427726,5.9347870292107068,0.074324999999999988,114,0
twozone_apartment_hydronic,27,twozone_apartment_hydronic:day027,0,zone_drift_positive,deterministic_wm,192,144,9,3cbb0c48cd8af398b5667f9fb4e97648eb9e5abdaf944b3b7ff6c8a877b3ead8,29689e6e49d4f0b943cf360437e733bcc19b76835d11b93a6c3e3bcf614c180e,3.6382372003031667,3.6115788826792112,18.515393700430511,0.44444444444444442,0.33333333333333331,0.22222222222222221,6,3.5368393062532917,0,0.61798304067608512,0.11985628323704517,0.19281070869093858,0.039071166028092422,1.7248342867990511e-05,0.074324999999999988,114,0.10043029597427726,5.9347870292107068,0.074324999999999988,114,0.12016541171400688
twozone_apartment_hydronic,27,twozone_apartment_hydronic:day027,0,zone_drift_positive,direct_h8_rssm,192,144,9,3cbb0c48cd8af398b5667f9fb4e97648eb9e5abdaf944b3b7ff6c8a877b3ead8,29689e6e49d4f0b943cf360437e733bcc19b76835d11b93a6c3e3bcf614c180e,3.6110549747576313,9.9485353641278778,18.372549851178121,0.88888888888888884,0,0.1111111111111111,3,9.7081212695453036,0,0.60655245299261473,0.11768444054442942,0.18924436533369576,0.038296786958514503,3.1710951185420616e-05,0.074324999999999988,114,0.10043029597427726,5.9347870292107068,0.074324999999999988,114,0.13262199257706583
twozone_apartment_hydronic,27,twozone_apartment_hydronic:day027,0,zone_drift_positive,legacy_rssm,192,144,9,3cbb0c48cd8af398b5667f9fb4e97648eb9e5abdaf944b3b7ff6c8a877b3ead8,29689e6e49d4f0b943cf360437e733bcc19b76835d11b93a6c3e3bcf614c180e,2.9813040036861356,2.315441465166785,14.332841093304067,0.77777777777777779,0.1111111111111111,0.1111111111111111,4,2.470595481137436,0,0.52309451592573131,0.10504635382747102,0.16320548896882819,0.039885416017564033,3.2133601168132655e-05,0.074324999999999988,114,0.10043029597427726,5.9347870292107068,0.074324999999999988,114,0.015859375222236544
twozone_apartment_hydronic,27,twozone_apartment_hydronic:day027,0,zone_drift_positive,rc_supervisory_selector,192,144,9,3cbb0c48cd8af398b5667f9fb4e97648eb9e5abdaf944b3b7ff6c8a877b3ead8,29689e6e49d4f0b943cf360437e733bcc19b76835d11b93a6c3e3bcf614c180e,3.7103961192983959,7.458042312952486,18.895397980340036,0.77777777777777779,0,0.22222222222222221,4,7.2692650248227784,0,0.63381757574191044,0.12286481386679561,0.19775108363147606,0.039026599335374675,7.8382833257811647e-06,0.074324999999999988,114,0.10043029597427726,5.9347870292107068,0.074324999999999988,114,0.15677472201692189
twozone_apartment_hydronic,27,twozone_apartment_hydronic:day027,0,zone_drift_positive,tuned_rule_based,192,144,9,3cbb0c48cd8af398b5667f9fb4e97648eb9e5abdaf944b3b7ff6c8a877b3ead8,29689e6e49d4f0b943cf360437e733bcc19b76835d11b93a6c3e3bcf614c180e,3.6873975764258189,2.8828266264688835,18.773831503017135,0.55555555555555558,0.22222222222222221,0.22222222222222221,5,2.7496998110371846,0,0.63218678501569958,0.12255503702725855,0.19724227692489826,0.039063000133038227,6.6700017750436593e-06,0.074324999999999988,114,0.10043029597427726,5.9347870292107068,0.074324999999999988,114,0.13486813323119304
twozone_apartment_hydronic,27,twozone_apartment_hydronic:day027,0,zone_stuck,constant_zero,192,144,0,3cbb0c48cd8af398b5667f9fb4e97648eb9e5abdaf944b3b7ff6c8a877b3ead8,29689e6e49d4f0b943cf360437e733bcc19b76835d11b93a6c3e3bcf614c180e,2.7356140089417438,6.0715305716742876,13.629913925677993,0,1,0,0,5.9347870292107068,0,0.51149324123490836,0.10043029597427726,0.15958589126529144,0.037767057564167428,6.6415344025244048e-06,0.074324999999999988,114,0.10043029597427726,5.9347870292107068,0.074324999999999988,114,0
twozone_apartment_hydronic,27,twozone_apartment_hydronic:day027,0,zone_stuck,deterministic_wm,192,144,9,3cbb0c48cd8af398b5667f9fb4e97648eb9e5abdaf944b3b7ff6c8a877b3ead8,29689e6e49d4f0b943cf360437e733bcc19b76835d11b93a6c3e3bcf614c180e,2.9813040036861356,2.315441465166785,14.332841093304067,0.77777777777777779,0.1111111111111111,0.1111111111111111,4,2.470595481137436,0,0.52309451592573131,0.10504635382747102,0.16320548896882819,0.039885416017564033,1.6408984643071802e-05,0.074324999999999988,114,0.10043029597427726,5.9347870292107068,0.074324999999999988,114,0.015859375222236544
twozone_apartment_hydronic,27,twozone_apartment_hydronic:day027,0,zone_stuck,direct_h8_rssm,192,144,9,3cbb0c48cd8af398b5667f9fb4e97648eb9e5abdaf944b3b7ff6c8a877b3ead8,29689e6e49d4f0b943cf360437e733bcc19b76835d11b93a6c3e3bcf614c180e,3.6110549747576313,9.9485353641278778,18.372549851178121,0.88888888888888884,0,0.1111111111111111,3,9.7081212695453036,0,0.60655245299261473,0.11768444054442942,0.18924436533369576,0.038296786958514503,3.1020617748568951e-05,0.074324999999999988,114,0.10043029597427726,5.9347870292107068,0.074324999999999988,114,0.13262199257706583
twozone_apartment_hydronic,27,twozone_apartment_hydronic:day027,0,zone_stuck,legacy_rssm,192,144,9,3cbb0c48cd8af398b5667f9fb4e97648eb9e5abdaf944b3b7ff6c8a877b3ead8,29689e6e49d4f0b943cf360437e733bcc19b76835d11b93a6c3e3bcf614c180e,2.9813040036861356,2.315441465166785,14.332841093304067,0.77777777777777779,0.1111111111111111,0.1111111111111111,4,2.470595481137436,0,0.52309451592573131,0.10504635382747102,0.16320548896882819,0.039885416017564033,3.1261806088592371e-05,0.074324999999999988,114,0.10043029597427726,5.9347870292107068,0.074324999999999988,114,0.015859375222236544
twozone_apartment_hydronic,27,twozone_apartment_hydronic:day027,0,zone_stuck,rc_supervisory_selector,192,144,9,3cbb0c48cd8af398b5667f9fb4e97648eb9e5abdaf944b3b7ff6c8a877b3ead8,29689e6e49d4f0b943cf360437e733bcc19b76835d11b93a6c3e3bcf614c180e,2.9813040036861356,2.315441465166785,14.332841093304067,0.77777777777777779,0,0.22222222222222221,4,2.470595481137436,0,0.52309451592573131,0.10504635382747102,0.16320548896882819,0.039885416017564033,7.8165052656935976e-06,0.074324999999999988,114,0.10043029597427726,5.9347870292107068,0.074324999999999988,114,0.015859375222236544
twozone_apartment_hydronic,27,twozone_apartment_hydronic:day027,0,zone_stuck,tuned_rule_based,192,144,9,3cbb0c48cd8af398b5667f9fb4e97648eb9e5abdaf944b3b7ff6c8a877b3ead8,29689e6e49d4f0b943cf360437e733bcc19b76835d11b93a6c3e3bcf614c180e,3.6873975764258189,2.8828266264688835,18.773831503017135,0.55555555555555558,0.22222222222222221,0.22222222222222221,5,2.7496998110371846,0,0.63218678501569958,0.12255503702725855,0.19724227692489826,0.039063000133038227,6.8463718842600148e-06,0.074324999999999988,114,0.10043029597427726,5.9347870292107068,0.074324999999999988,114,0.13486813323119304
twozone_apartment_hydronic,72,twozone_apartment_hydronic:day072,1,clean,constant_zero,192,144,0,031e6be73ac02304e62d7b3085cc5d1f08580bdfd14b14e6308e43c7d26ebb1b,a8074dfcb19b8865f18499dd54eb058571e101e61f238e0a33a99a6d1fe3e650,1.0727411125853008,8.2574968126182995,5.6460058557121098,0,1,0,0,10.850442959673789,0,0.23650649189590059,0.04493623346022111,0.073790025471520984,0.038549862236389988,6.7627811376406326e-06,0.074324999999999988,104,0.04493623346022111,10.850442959673789,0.074324999999999988,104,0
twozone_apartment_hydronic,72,twozone_apartment_hydronic:day072,1,clean,deterministic_wm,192,144,9,031e6be73ac02304e62d7b3085cc5d1f08580bdfd14b14e6308e43c7d26ebb1b,a8074dfcb19b8865f18499dd54eb058571e101e61f238e0a33a99a6d1fe3e650,1.2852793090098202,2.1524844225844362,6.6373281658980217,0.44444444444444442,0.33333333333333331,0.22222222222222221,5,4.7635277268735168,0,0.25538120738884207,0.048917376864636944,0.079678936705318726,0.039795710359530126,1.7017028302630415e-05,0.074324999999999988,104,0.04493623346022111,10.850442959673789,0.074324999999999988,104,-0.0024820215670931615
twozone_apartment_hydronic,72,twozone_apartment_hydronic:day072,1,clean,direct_h8_rssm,192,144,9,031e6be73ac02304e62d7b3085cc5d1f08580bdfd14b14e6308e43c7d26ebb1b,a8074dfcb19b8865f18499dd54eb058571e101e61f238e0a33a99a6d1fe3e650,1.0243198157551838,9.9174440979365528,5.3911569250272837,1,0,0,1,12.411837070075054,0,0.23313828567034423,0.044296274277365398,0.072739145129147392,0.038549862236389988,3.1022354223618613e-05,0.074324999999999988,104,0.04493623346022111,10.850442959673789,0.074324999999999988,104,0.0032015616341030785
twozone_apartment_hydronic,72,twozone_apartment_hydronic:day072,1,clean,legacy_rssm,192,144,9,031e6be73ac02304e62d7b3085cc5d1f08580bdfd14b14e6308e43c7d26ebb1b,a8074dfcb19b8865f18499dd54eb058571e101e61f238e0a33a99a6d1fe3e650,1.1157732275015069,2.4609437574301438,5.8724906710605609,0.66666666666666663,0.1111111111111111,0.22222222222222221,4,4.9789832582832236,0,0.24470343932203922,0.046493653471187446,0.076347473068476238,0.039265733809333334,2.972869279427609e-05,0.074324999999999988,104,0.04493623346022111,10.850442959673789,0.074324999999999988,104,-0.017751077722926518
twozone_apartment_hydronic,72,twozone_apartment_hydronic:day072,1,clean,rc_supervisory_selector,192,144,9,031e6be73ac02304e62d7b3085cc5d1f08580bdfd14b14e6308e43c7d26ebb1b,a8074dfcb19b8865f18499dd54eb058571e101e61f238e0a33a99a6d1fe3e650,1.6519154878540658,5.3104914091731246,8.6942920413371887,0.77777777777777779,0,0.22222222222222221,5,7.8767382476707013,0,0.30944837778733941,0.058795191779594504,0.096547893869649917,0.039920155875655998,7.7114845861731187e-06,0.074324999999999988,104,0.04493623346022111,10.850442959673789,0.074324999999999988,104,0.078935487496132092
twozone_apartment_hydronic,72,twozone_apartment_hydronic:day072,1,clean,tuned_rule_based,192,144,9,031e6be73ac02304e62d7b3085cc5d1f08580bdfd14b14e6308e43c7d26ebb1b,a8074dfcb19b8865f18499dd54eb058571e101e61f238e0a33a99a6d1fe3e650,1.2606196596897186,5.3900089735752204,6.1873354194963301,0.44444444444444442,0.33333333333333331,0.22222222222222221,6,8.0399201707013663,0,0.25634305489956738,0.050727999571061416,0.079979033128665028,0.039920155875655998,6.9293495941605932e-06,0.074324999999999988,104,0.04493623346022111,10.850442959673789,0.074324999999999988,104,0.025450307203098183
twozone_apartment_hydronic,72,twozone_apartment_hydronic:day072,1,zone_bias_negative,constant_zero,192,144,0,031e6be73ac02304e62d7b3085cc5d1f08580bdfd14b14e6308e43c7d26ebb1b,a8074dfcb19b8865f18499dd54eb058571e101e61f238e0a33a99a6d1fe3e650,1.0727411125853008,8.2574968126182995,5.6460058557121098,0,1,0,0,10.850442959673789,0,0.23650649189590059,0.04493623346022111,0.073790025471520984,0.038549862236389988,6.6521072054824683e-06,0.074324999999999988,104,0.04493623346022111,10.850442959673789,0.074324999999999988,104,0
twozone_apartment_hydronic,72,twozone_apartment_hydronic:day072,1,zone_bias_negative,deterministic_wm,192,144,9,031e6be73ac02304e62d7b3085cc5d1f08580bdfd14b14e6308e43c7d26ebb1b,a8074dfcb19b8865f18499dd54eb058571e101e61f238e0a33a99a6d1fe3e650,0.95830353273723268,0.36494401418458722,5.0437028038801719,0.33333333333333331,0.44444444444444442,0.22222222222222221,4,2.9578126914830074,0,0.22288350180743471,0.042347865343412595,0.069539652563919641,0.039819698243756148,1.6930445881344815e-05,0.074324999999999988,104,0.04493623346022111,10.850442959673789,0.074324999999999988,104,-0.055357837772734439
twozone_apartment_hydronic,72,twozone_apartment_hydronic:day072,1,zone_bias_negative,direct_h8_rssm,192,144,9,031e6be73ac02304e62d7b3085cc5d1f08580bdfd14b14e6308e43c7d26ebb1b,a8074dfcb19b8865f18499dd54eb058571e101e61f238e0a33a99a6d1fe3e650,1.0243198157551838,9.9174440979365528,5.3911569250272837,1,0,0,1,12.411837070075054,0,0.23313828567034423,0.044296274277365398,0.072739145129147392,0.038549862236389988,3.007840666402003e-05,0.074324999999999988,104,0.04493623346022111,10.850442959673789,0.074324999999999988,104,0.0032015616341030785
twozone_apartment_hydronic,72,twozone_apartment_hydronic:day072,1,zone_bias_negative,legacy_rssm,192,144,9,031e6be73ac02304e62d7b3085cc5d1f08580bdfd14b14e6308e43c7d26ebb1b,a8074dfcb19b8865f18499dd54eb058571e101e61f238e0a33a99a6d1fe3e650,1.1157732275015069,2.4609437574301438,5.8724906710605609,0.66666666666666663,0.1111111111111111,0.22222222222222221,4,4.9789832582832236,0,0.24470343932203922,0.046493653471187446,0.076347473068476238,0.039265733809333334,2.9849662137211866e-05,0.074324999999999988,104,0.04493623346022111,10.850442959673789,0.074324999999999988,104,-0.017751077722926518
twozone_apartment_hydronic,72,twozone_apartment_hydronic:day072,1,zone_bias_negative,rc_supervisory_selector,192,144,9,031e6be73ac02304e62d7b3085cc5d1f08580bdfd14b14e6308e43c7d26ebb1b,a8074dfcb19b8865f18499dd54eb058571e101e61f238e0a33a99a6d1fe3e650,0.83193913179925238,1.7703593936812752,4.3786270094697493,0.66666666666666663,0.1111111111111111,0.22222222222222221,4,4.4483785211643321,0,0.21508758719428303,0.040866641566913782,0.067107327204616318,0.039920155875655998,7.7855219460976121e-06,0.074324999999999988,104,0.04493623346022111,10.850442959673789,0.074324999999999988,104,-0.058156161627479205
twozone_apartment_hydronic,72,twozone_apartment_hydronic:day072,1,zone_bias_negative,tuned_rule_based,192,144,9,031e6be73ac02304e62d7b3085cc5d1f08580bdfd14b14e6308e43c7d26ebb1b,a8074dfcb19b8865f18499dd54eb058571e101e61f238e0a33a99a6d1fe3e650,1.2606196596897186,5.3900089735752204,6.1873354194963301,0.44444444444444442,0.33333333333333331,0.22222222222222221,6,8.0399201707013663,0,0.25634305489956738,0.050727999571061416,0.079979033128665028,0.039920155875655998,7.019246852002634e-06,0.074324999999999988,104,0.04493623346022111,10.850442959673789,0.074324999999999988,104,0.025450307203098183
twozone_apartment_hydronic,72,twozone_apartment_hydronic:day072,1,zone_bias_positive,constant_zero,192,144,0,031e6be73ac02304e62d7b3085cc5d1f08580bdfd14b14e6308e43c7d26ebb1b,a8074dfcb19b8865f18499dd54eb058571e101e61f238e0a33a99a6d1fe3e650,1.0727411125853008,8.2574968126182995,5.6460058557121098,0,1,0,0,10.850442959673789,0,0.23650649189590059,0.04493623346022111,0.073790025471520984,0.038549862236389988,6.8147214364700368e-06,0.074324999999999988,104,0.04493623346022111,10.850442959673789,0.074324999999999988,104,0
twozone_apartment_hydronic,72,twozone_apartment_hydronic:day072,1,zone_bias_positive,deterministic_wm,192,144,9,031e6be73ac02304e62d7b3085cc5d1f08580bdfd14b14e6308e43c7d26ebb1b,a8074dfcb19b8865f18499dd54eb058571e101e61f238e0a33a99a6d1fe3e650,1.0644123147193252,1.3949603443534215,5.6021700774701326,0.44444444444444442,0.44444444444444442,0.1111111111111111,6,3.9876650343247402,0,0.24044127874436971,0.04568384296143025,0.075017678968243351,0.039332653865652607,1.6799117327429933e-05,0.074324999999999988,104,0.04493623346022111,10.850442959673789,0.074324999999999988,104,-0.027964797354124132
twozone_apartment_hydronic,72,twozone_apartment_hydronic:day072,1,zone_bias_positive,direct_h8_rssm,192,144,9,031e6be73ac02304e62d7b3085cc5d1f08580bdfd14b14e6308e43c7d26ebb1b,a8074dfcb19b8865f18499dd54eb058571e101e61f238e0a33a99a6d1fe3e650,1.0243198157551838,9.9174440979365528,5.3911569250272837,1,0,0,1,12.411837070075054,0,0.23313828567034423,0.044296274277365398,0.072739145129147392,0.038549862236389988,3.1288550855670997e-05,0.074324999999999988,104,0.04493623346022111,10.850442959673789,0.074324999999999988,104,0.0032015616341030785
twozone_apartment_hydronic,72,twozone_apartment_hydronic:day072,1,zone_bias_positive,legacy_rssm,192,144,9,031e6be73ac02304e62d7b3085cc5d1f08580bdfd14b14e6308e43c7d26ebb1b,a8074dfcb19b8865f18499dd54eb058571e101e61f238e0a33a99a6d1fe3e650,1.1446339879600806,5.4341127046129145,6.0243894103162132,0.77777777777777779,0.1111111111111111,0.1111111111111111,4,7.8938499262865855,0,0.25200276090781215,0.047880524572484311,0.078624861403237392,0.03920134310312412,2.9842985307428288e-05,0.074324999999999988,104,0.04493623346022111,10.850442959673789,0.074324999999999988,104,0.0055924796546397721
twozone_apartment_hydronic,72,twozone_apartment_hydronic:day072,1,zone_bias_positive,rc_supervisory_selector,192,144,9,031e6be73ac02304e62d7b3085cc5d1f08580bdfd14b14e6308e43c7d26ebb1b,a8074dfcb19b8865f18499dd54eb058571e101e61f238e0a33a99a6d1fe3e650,1.1446339879600806,5.6008244522557789,6.0243894103162132,0.88888888888888884,0,0.1111111111111111,3,8.0498206823405134,0,0.25200276090781215,0.047880524572484311,0.078624861403237392,0.03920134310312412,7.8456896969993278e-06,0.074324999999999988,104,0.04493623346022111,10.850442959673789,0.074324999999999988,104,0.0063423390587451951
twozone_apartment_hydronic,72,twozone_apartment_hydronic:day072,1,zone_bias_positive,tuned_rule_based,192,144,9,031e6be73ac02304e62d7b3085cc5d1f08580bdfd14b14e6308e43c7d26ebb1b,a8074dfcb19b8865f18499dd54eb058571e101e61f238e0a33a99a6d1fe3e650,1.1157732275015069,1.9427834584329418,5.8724906710605609,0.55555555555555558,0.33333333333333331,0.1111111111111111,6,4.5308213581714121,0,0.24470343932203922,0.046493653471187446,0.076347473068476238,0.039265733809333334,6.7230252903377416e-06,0.074324999999999988,104,0.04493623346022111,10.850442959673789,0.074324999999999988,104,-0.019905702242694841
twozone_apartment_hydronic,72,twozone_apartment_hydronic:day072,1,zone_drift_negative,constant_zero,192,144,0,031e6be73ac02304e62d7b3085cc5d1f08580bdfd14b14e6308e43c7d26ebb1b,a8074dfcb19b8865f18499dd54eb058571e101e61f238e0a33a99a6d1fe3e650,1.0727411125853008,8.2574968126182995,5.6460058557121098,0,1,0,0,10.850442959673789,0,0.23650649189590059,0.04493623346022111,0.073790025471520984,0.038549862236389988,6.5260879379015038e-06,0.074324999999999988,104,0.04493623346022111,10.850442959673789,0.074324999999999988,104,0
twozone_apartment_hydronic,72,twozone_apartment_hydronic:day072,1,zone_drift_negative,deterministic_wm,192,144,9,031e6be73ac02304e62d7b3085cc5d1f08580bdfd14b14e6308e43c7d26ebb1b,a8074dfcb19b8865f18499dd54eb058571e101e61f238e0a33a99a6d1fe3e650,0.95830353273723268,0.36494401418458722,5.0437028038801719,0.33333333333333331,0.44444444444444442,0.22222222222222221,4,2.9578126914830074,0,0.22288350180743471,0.042347865343412595,0.069539652563919641,0.039819698243756148,1.6849723369871341e-05,0.074324999999999988,104,0.04493623346022111,10.850442959673789,0.074324999999999988,104,-0.055357837772734439
twozone_apartment_hydronic,72,twozone_apartment_hydronic:day072,1,zone_drift_negative,direct_h8_rssm,192,144,9,031e6be73ac02304e62d7b3085cc5d1f08580bdfd14b14e6308e43c7d26ebb1b,a8074dfcb19b8865f18499dd54eb058571e101e61f238e0a33a99a6d1fe3e650,1.0243198157551838,9.9174440979365528,5.3911569250272837,1,0,0,1,12.411837070075054,0,0.23313828567034423,0.044296274277365398,0.072739145129147392,0.038549862236389988,2.9723776017877514e-05,0.074324999999999988,104,0.04493623346022111,10.850442959673789,0.074324999999999988,104,0.0032015616341030785
twozone_apartment_hydronic,72,twozone_apartment_hydronic:day072,1,zone_drift_negative,legacy_rssm,192,144,9,031e6be73ac02304e62d7b3085cc5d1f08580bdfd14b14e6308e43c7d26ebb1b,a8074dfcb19b8865f18499dd54eb058571e101e61f238e0a33a99a6d1fe3e650,1.1157732275015069,2.4609437574301438,5.8724906710605609,0.66666666666666663,0.1111111111111111,0.22222222222222221,4,4.9789832582832236,0,0.24470343932203922,0.046493653471187446,0.076347473068476238,0.039265733809333334,3.1780607135854813e-05,0.074324999999999988,104,0.04493623346022111,10.850442959673789,0.074324999999999988,104,-0.017751077722926518
twozone_apartment_hydronic,72,twozone_apartment_hydronic:day072,1,zone_drift_negative,rc_supervisory_selector,192,144,9,031e6be73ac02304e62d7b3085cc5d1f08580bdfd14b14e6308e43c7d26ebb1b,a8074dfcb19b8865f18499dd54eb058571e101e61f238e0a33a99a6d1fe3e650,0.83193913179925238,1.7703593936812752,4.3786270094697493,0.66666666666666663,0.1111111111111111,0.22222222222222221,4,4.4483785211643321,0,0.21508758719428303,0.040866641566913782,0.067107327204616318,0.039920155875655998,7.8500308846234578e-06,0.074324999999999988,104,0.04493623346022111,10.850442959673789,0.074324999999999988,104,-0.058156161627479205
twozone_apartment_hydronic,72,twozone_apartment_hydronic:day072,1,zone_drift_negative,tuned_rule_based,192,144,9,031e6be73ac02304e62d7b3085cc5d1f08580bdfd14b14e6308e43c7d26ebb1b,a8074dfcb19b8865f18499dd54eb058571e101e61f238e0a33a99a6d1fe3e650,1.2606196596897186,5.3900089735752204,6.1873354194963301,0.44444444444444442,0.33333333333333331,0.22222222222222221,6,8.0399201707013663,0,0.25634305489956738,0.050727999571061416,0.079979033128665028,0.039920155875655998,6.7904080118531051e-06,0.074324999999999988,104,0.04493623346022111,10.850442959673789,0.074324999999999988,104,0.025450307203098183
twozone_apartment_hydronic,72,twozone_apartment_hydronic:day072,1,zone_drift_positive,constant_zero,192,144,0,031e6be73ac02304e62d7b3085cc5d1f08580bdfd14b14e6308e43c7d26ebb1b,a8074dfcb19b8865f18499dd54eb058571e101e61f238e0a33a99a6d1fe3e650,1.0727411125853008,8.2574968126182995,5.6460058557121098,0,1,0,0,10.850442959673789,0,0.23650649189590059,0.04493623346022111,0.073790025471520984,0.038549862236389988,6.723677161961812e-06,0.074324999999999988,104,0.04493623346022111,10.850442959673789,0.074324999999999988,104,0
twozone_apartment_hydronic,72,twozone_apartment_hydronic:day072,1,zone_drift_positive,deterministic_wm,192,144,9,031e6be73ac02304e62d7b3085cc5d1f08580bdfd14b14e6308e43c7d26ebb1b,a8074dfcb19b8865f18499dd54eb058571e101e61f238e0a33a99a6d1fe3e650,0.98508124568756994,0.81270252263198017,5.1846381351977362,0.33333333333333331,0.55555555555555558,0.1111111111111111,4,3.4014318910662231,0,0.23499123187306592,0.044648334055882526,0.073317264344396574,0.039416988412766044,1.6562199440024634e-05,0.074324999999999988,104,0.04493623346022111,10.850442959673789,0.074324999999999988,104,-0.037749313418553525
twozone_apartment_hydronic,72,twozone_apartment_hydronic:day072,1,zone_drift_positive,direct_h8_rssm,192,144,9,031e6be73ac02304e62d7b3085cc5d1f08580bdfd14b14e6308e43c7d26ebb1b,a8074dfcb19b8865f18499dd54eb058571e101e61f238e0a33a99a6d1fe3e650,1.0243198157551838,9.9174440979365528,5.3911569250272837,1,0,0,1,12.411837070075054,0,0.23313828567034423,0.044296274277365398,0.072739145129147392,0.038549862236389988,3.0874316951713982e-05,0.074324999999999988,104,0.04493623346022111,10.850442959673789,0.074324999999999988,104,0.0032015616341030785
twozone_apartment_hydronic,72,twozone_apartment_hydronic:day072,1,zone_drift_positive,legacy_rssm,192,144,9,031e6be73ac02304e62d7b3085cc5d1f08580bdfd14b14e6308e43c7d26ebb1b,a8074dfcb19b8865f18499dd54eb058571e101e61f238e0a33a99a6d1fe3e650,1.1446339879600806,5.4341127046129145,6.0243894103162132,0.77777777777777779,0.1111111111111111,0.1111111111111111,4,7.8938499262865855,0,0.25200276090781215,0.047880524572484311,0.078624861403237392,0.03920134310312412,3.0717802574774628e-05,0.074324999999999988,104,0.04493623346022111,10.850442959673789,0.074324999999999988,104,0.0055924796546397721
twozone_apartment_hydronic,72,twozone_apartment_hydronic:day072,1,zone_drift_positive,rc_supervisory_selector,192,144,9,031e6be73ac02304e62d7b3085cc5d1f08580bdfd14b14e6308e43c7d26ebb1b,a8074dfcb19b8865f18499dd54eb058571e101e61f238e0a33a99a6d1fe3e650,1.1446339879600806,5.6008244522557789,6.0243894103162132,0.88888888888888884,0,0.1111111111111111,3,8.0498206823405134,0,0.25200276090781215,0.047880524572484311,0.078624861403237392,0.03920134310312412,8.0153330458396388e-06,0.074324999999999988,104,0.04493623346022111,10.850442959673789,0.074324999999999988,104,0.0063423390587451951
twozone_apartment_hydronic,72,twozone_apartment_hydronic:day072,1,zone_drift_positive,tuned_rule_based,192,144,9,031e6be73ac02304e62d7b3085cc5d1f08580bdfd14b14e6308e43c7d26ebb1b,a8074dfcb19b8865f18499dd54eb058571e101e61f238e0a33a99a6d1fe3e650,1.1157732275015069,1.9427834584329418,5.8724906710605609,0.55555555555555558,0.33333333333333331,0.1111111111111111,6,4.5308213581714121,0,0.24470343932203922,0.046493653471187446,0.076347473068476238,0.039265733809333334,6.6502791910132663e-06,0.074324999999999988,104,0.04493623346022111,10.850442959673789,0.074324999999999988,104,-0.019905702242694841
twozone_apartment_hydronic,72,twozone_apartment_hydronic:day072,1,zone_stuck,constant_zero,192,144,0,031e6be73ac02304e62d7b3085cc5d1f08580bdfd14b14e6308e43c7d26ebb1b,a8074dfcb19b8865f18499dd54eb058571e101e61f238e0a33a99a6d1fe3e650,1.0727411125853008,8.2574968126182995,5.6460058557121098,0,1,0,0,10.850442959673789,0,0.23650649189590059,0.04493623346022111,0.073790025471520984,0.038549862236389988,6.6909129845673014e-06,0.074324999999999988,104,0.04493623346022111,10.850442959673789,0.074324999999999988,104,0
twozone_apartment_hydronic,72,twozone_apartment_hydronic:day072,1,zone_stuck,deterministic_wm,192,144,9,031e6be73ac02304e62d7b3085cc5d1f08580bdfd14b14e6308e43c7d26ebb1b,a8074dfcb19b8865f18499dd54eb058571e101e61f238e0a33a99a6d1fe3e650,1.2852793090098202,2.1524844225844362,6.6373281658980217,0.44444444444444442,0.33333333333333331,0.22222222222222221,5,4.7635277268735168,0,0.25538120738884207,0.048917376864636944,0.079678936705318726,0.039795710359530126,1.6732731830803299e-05,0.074324999999999988,104,0.04493623346022111,10.850442959673789,0.074324999999999988,104,-0.0024820215670931615
twozone_apartment_hydronic,72,twozone_apartment_hydronic:day072,1,zone_stuck,direct_h8_rssm,192,144,9,031e6be73ac02304e62d7b3085cc5d1f08580bdfd14b14e6308e43c7d26ebb1b,a8074dfcb19b8865f18499dd54eb058571e101e61f238e0a33a99a6d1fe3e650,1.0243198157551838,9.9174440979365528,5.3911569250272837,1,0,0,1,12.411837070075054,0,0.23313828567034423,0.044296274277365398,0.072739145129147392,0.038549862236389988,3.1033823003319546e-05,0.074324999999999988,104,0.04493623346022111,10.850442959673789,0.074324999999999988,104,0.0032015616341030785
twozone_apartment_hydronic,72,twozone_apartment_hydronic:day072,1,zone_stuck,legacy_rssm,192,144,9,031e6be73ac02304e62d7b3085cc5d1f08580bdfd14b14e6308e43c7d26ebb1b,a8074dfcb19b8865f18499dd54eb058571e101e61f238e0a33a99a6d1fe3e650,1.1446339879600806,5.4341127046129145,6.0243894103162132,0.77777777777777779,0.1111111111111111,0.1111111111111111,4,7.8938499262865855,0,0.25200276090781215,0.047880524572484311,0.078624861403237392,0.03920134310312412,2.9901082325702909e-05,0.074324999999999988,104,0.04493623346022111,10.850442959673789,0.074324999999999988,104,0.0055924796546397721
twozone_apartment_hydronic,72,twozone_apartment_hydronic:day072,1,zone_stuck,rc_supervisory_selector,192,144,9,031e6be73ac02304e62d7b3085cc5d1f08580bdfd14b14e6308e43c7d26ebb1b,a8074dfcb19b8865f18499dd54eb058571e101e61f238e0a33a99a6d1fe3e650,1.0243198157551838,9.9174440979365528,5.3911569250272837,1,0,0,1,12.411837070075054,0,0.23313828567034423,0.044296274277365398,0.072739145129147392,0.038549862236389988,7.8724247553516359e-06,0.074324999999999988,104,0.04493623346022111,10.850442959673789,0.074324999999999988,104,0.0032015616341030785
twozone_apartment_hydronic,72,twozone_apartment_hydronic:day072,1,zone_stuck,tuned_rule_based,192,144,9,031e6be73ac02304e62d7b3085cc5d1f08580bdfd14b14e6308e43c7d26ebb1b,a8074dfcb19b8865f18499dd54eb058571e101e61f238e0a33a99a6d1fe3e650,1.1157732275015069,1.9427834584329418,5.8724906710605609,0.55555555555555558,0.33333333333333331,0.1111111111111111,6,4.5308213581714121,0,0.24470343932203922,0.046493653471187446,0.076347473068476238,0.039265733809333334,6.7774954058528979e-06,0.074324999999999988,104,0.04493623346022111,10.850442959673789,0.074324999999999988,104,-0.019905702242694841
twozone_apartment_hydronic,135,twozone_apartment_hydronic:day135,3,clean,constant_zero,192,144,0,3d3686ad4a1ddd355177b8644261aa26047df674b5c5e4a91907cc79d18eb73f,e699a1aae48dc3cf696f4ab2675b0bbddb03138eec31712b3be332e4deb7c96c,5.9686670403031953e-36,10.178237791513013,2.7142280310856221e-35,0,1,0,0,11.134256664170595,0,1.1197702111455943e-36,2.5214603952389388e-37,3.4936830587742539e-37,1.6421454439282078e-36,6.381343311178886e-06,0.074324999999999988,104,2.5214603952389388e-37,11.134256664170595,0.074324999999999988,104,0
twozone_apartment_hydronic,135,twozone_apartment_hydronic:day135,3,clean,deterministic_wm,192,144,9,3d3686ad4a1ddd355177b8644261aa26047df674b5c5e4a91907cc79d18eb73f,e699a1aae48dc3cf696f4ab2675b0bbddb03138eec31712b3be332e4deb7c96c,8.0986418873327696e-37,0,3.6945205146416889e-36,0.55555555555555558,0.33333333333333331,0.1111111111111111,5,0.94123711895031259,0,3.0042351879580373e-37,7.190963640625383e-38,9.3732137864290733e-38,1.4076774322394563e-36,1.702016283426956e-05,0.074324999999999988,104,2.5214603952389388e-37,11.134256664170595,0.074324999999999988,104,-0.049004901659712899
twozone_apartment_hydronic,135,twozone_apartment_hydronic:day135,3,clean,direct_h8_rssm,192,144,9,3d3686ad4a1ddd355177b8644261aa26047df674b5c5e4a91907cc79d18eb73f,e699a1aae48dc3cf696f4ab2675b0bbddb03138eec31712b3be332e4deb7c96c,1.173755597373737e-35,4.089702686806973,5.3355287161968822e-35,0.88888888888888884,0,0.1111111111111111,3,5.0916688021234862,0,8.1759700264782213e-37,1.8570877288525922e-37,2.5509026482612052e-37,1.4076774322394563e-36,3.1502779449675929e-05,0.074324999999999988,104,2.5214603952389388e-37,11.134256664170595,0.074324999999999988,104,-0.029050903182918791
twozone_apartment_hydronic,135,twozone_apartment_hydronic:day135,3,clean,legacy_rssm,192,144,9,3d3686ad4a1ddd355177b8644261aa26047df674b5c5e4a91907cc79d18eb73f,e699a1aae48dc3cf696f4ab2675b0bbddb03138eec31712b3be332e4deb7c96c,3.3290089806987606e-37,0.82500553078266137,1.5330784458197625e-36,0.88888888888888884,0.1111111111111111,0,3,1.7533605424718315,0,2.7824235102307394e-37,6.7017908084559847e-38,8.6811613519199007e-38,1.4076774322394563e-36,3.1812390731891415e-05,0.074324999999999988,104,2.5214603952389388e-37,11.134256664170595,0.074324999999999988,104,-0.045100462123551746
twozone_apartment_hydronic,135,twozone_apartment_hydronic:day135,3,clean,rc_supervisory_selector,192,144,9,3d3686ad4a1ddd355177b8644261aa26047df674b5c5e4a91907cc79d18eb73f,e699a1aae48dc3cf696f4ab2675b0bbddb03138eec31712b3be332e4deb7c96c,0.44145682612728959,7.2517919947231917,2.3234569796173137,0.88888888888888884,0,0.1111111111111111,3,8.1766432233693234,0,0.05429126737393071,0.010315340801046834,0.016938875420666383,0.029632647087538364,7.8997451112047056e-06,0.074324999999999988,104,2.5214603952389388e-37,11.134256664170595,0.074324999999999988,104,0.055174184605120205
twozone_apartment_hydronic,135,twozone_apartment_hydronic:day135,3,clean,tuned_rule_based,192,144,9,3d3686ad4a1ddd355177b8644261aa26047df674b5c5e4a91907cc79d18eb73f,e699a1aae48dc3cf696f4ab2675b0bbddb03138eec31712b3be332e4deb7c96c,9.2838997808400492e-37,0,4.2266464663013786e-36,0.55555555555555558,0.44444444444444442,0,4,0.94123711895031259,0,3.1201125794678118e-37,7.4470851421788109e-38,9.7347512479395683e-38,1.4076774322394563e-36,6.3893835235293895e-06,0.074324999999999988,104,2.5214603952389388e-37,11.134256664170595,0.074324999999999988,104,-0.049004901659712899
twozone_apartment_hydronic,135,twozone_apartment_hydronic:day135,3,zone_bias_negative,constant_zero,192,144,0,3d3686ad4a1ddd355177b8644261aa26047df674b5c5e4a91907cc79d18eb73f,e699a1aae48dc3cf696f4ab2675b0bbddb03138eec31712b3be332e4deb7c96c,5.9686670403031953e-36,10.178237791513013,2.7142280310856221e-35,0,1,0,0,11.134256664170595,0,1.1197702111455943e-36,2.5214603952389388e-37,3.4936830587742539e-37,1.6421454439282078e-36,6.5844332221776267e-06,0.074324999999999988,104,2.5214603952389388e-37,11.134256664170595,0.074324999999999988,104,0
twozone_apartment_hydronic,135,twozone_apartment_hydronic:day135,3,zone_bias_negative,deterministic_wm,192,144,9,3d3686ad4a1ddd355177b8644261aa26047df674b5c5e4a91907cc79d18eb73f,e699a1aae48dc3cf696f4ab2675b0bbddb03138eec31712b3be332e4deb7c96c,4.1318493702818604e-37,0,1.8884613321695992e-36,0.55555555555555558,0.22222222222222221,0.22222222222222221,5,0.94123711895031259,0,3.2996350755595456e-37,7.8404051754158061e-38,1.0294861435745779e-37,1.4076774322394563e-36,1.763421619541774e-05,0.074324999999999988,104,2.5214603952389388e-37,11.134256664170595,0.074324999999999988,104,-0.049004901659712899
twozone_apartment_hydronic,135,twozone_apartment_hydronic:day135,3,zone_bias_negative,direct_h8_rssm,192,144,9,3d3686ad4a1ddd355177b8644261aa26047df674b5c5e4a91907cc79d18eb73f,e699a1aae48dc3cf696f4ab2675b0bbddb03138eec31712b3be332e4deb7c96c,1.173755597373737e-35,4.089702686806973,5.3355287161968822e-35,0.88888888888888884,0,0.1111111111111111,3,5.0916688021234862,0,8.1759700264782213e-37,1.8570877288525922e-37,2.5509026482612052e-37,1.4076774322394563e-36,3.0747056354125477e-05,0.074324999999999988,104,2.5214603952389388e-37,11.134256664170595,0.074324999999999988,104,-0.029050903182918791
twozone_apartment_hydronic,135,twozone_apartment_hydronic:day135,3,zone_bias_negative,legacy_rssm,192,144,9,3d3686ad4a1ddd355177b8644261aa26047df674b5c5e4a91907cc79d18eb73f,e699a1aae48dc3cf696f4ab2675b0bbddb03138eec31712b3be332e4deb7c96c,7.6004991428549762e-36,1.9388084338446987,3.4584141929879407e-35,0.88888888888888884,0.1111111111111111,0,3,2.9171609794683095,0,7.805347906519133e-39,7.4478786680464877e-39,2.435268546833909e-39,1.4076774322394563e-36,2.9864799428499321e-05,0.074324999999999988,104,2.5214603952389388e-37,11.134256664170595,0.074324999999999988,104,-0.039505267714914832
twozone_apartment_hydronic,135,twozone_apartment_hydronic:day135,3,zone_bias_negative,rc_supervisory_selector,192,144,9,3d3686ad4a1ddd355177b8644261aa26047df674b5c5e4a91907cc79d18eb73f,e699a1aae48dc3cf696f4ab2675b0bbddb03138eec31712b3be332e4deb7c96c,7.4070267797457239e-36,1.40193769819696,3.3754778154598735e-35,0.77777777777777779,0.1111111111111111,0.1111111111111111,4,2.3717672803629486,0,5.572028742783122e-37,1.2839472928661923e-37,1.7384729677483339e-37,1.4076774322394563e-36,7.9758088210074273e-06,0.074324999999999988,104,2.5214603952389388e-37,11.134256664170595,0.074324999999999988,104,-0.042127352806767528
twozone_apartment_hydronic,135,twozone_apartment_hydronic:day135,3,zone_bias_negative,tuned_rule_based,192,144,9,3d3686ad4a1ddd355177b8644261aa26047df674b5c5e4a91907cc79d18eb73f,e699a1aae48dc3cf696f4ab2675b0bbddb03138eec31712b3be332e4deb7c96c,9.2838997808400492e-37,0,4.2266464663013786e-36,0.55555555555555558,0.33333333333333331,0.1111111111111111,5,0.94123711895031259,0,3.1201125794678118e-37,7.4470851421788109e-38,9.7347512479395683e-38,1.4076774322394563e-36,6.8383372197531197e-06,0.074324999999999988,104,2.5214603952389388e-37,11.134256664170595,0.074324999999999988,104,-0.049004901659712899
twozone_apartment_hydronic,135,twozone_apartment_hydronic:day135,3,zone_bias_positive,constant_zero,192,144,0,3d3686ad4a1ddd355177b8644261aa26047df674b5c5e4a91907cc79d18eb73f,e699a1aae48dc3cf696f4ab2675b0bbddb03138eec31712b3be332e4deb7c96c,5.9686670403031953e-36,10.178237791513013,2.7142280310856221e-35,0,1,0,0,11.134256664170595,0,1.1197702111455943e-36,2.5214603952389388e-37,3.4936830587742539e-37,1.6421454439282078e-36,6.7419032151786453e-06,0.074324999999999988,104,2.5214603952389388e-37,11.134256664170595,0.074324999999999988,104,0
twozone_apartment_hydronic,135,twozone_apartment_hydronic:day135,3,zone_bias_positive,deterministic_wm,192,144,9,3d3686ad4a1ddd355177b8644261aa26047df674b5c5e4a91907cc79d18eb73f,e699a1aae48dc3cf696f4ab2675b0bbddb03138eec31712b3be332e4deb7c96c,3.7463554466079033e-37,0.0029831996622959878,1.714080602424904e-36,0.66666666666666663,0.22222222222222221,0.1111111111111111,5,0.94429408936946491,0,2.6867850366314224e-37,6.4898637845437478e-38,8.3827693142900327e-38,1.4076774322394563e-36,1.6391477035602351e-05,0.074324999999999988,104,2.5214603952389388e-37,11.134256664170595,0.074324999999999988,104,-0.048990204686543887
twozone_apartment_hydronic,135,twozone_apartment_hydronic:day135,3,zone_bias_positive,direct_h8_rssm,192,144,9,3d3686ad4a1ddd355177b8644261aa26047df674b5c5e4a91907cc79d18eb73f,e699a1aae48dc3cf696f4ab2675b0bbddb03138eec31712b3be332e4deb7c96c,1.173755597373737e-35,4.089702686806973,5.3355287161968822e-35,0.88888888888888884,0,0.1111111111111111,3,5.0916688021234862,0,8.1759700264782213e-37,1.8570877288525922e-37,2.5509026482612052e-37,1.4076774322394563e-36,3.1501529797902972e-05,0.074324999999999988,104,2.5214603952389388e-37,11.134256664170595,0.074324999999999988,104,-0.029050903182918791
twozone_apartment_hydronic,135,twozone_apartment_hydronic:day135,3,zone_bias_positive,legacy_rssm,192,144,9,3d3686ad4a1ddd355177b8644261aa26047df674b5c5e4a91907cc79d18eb73f,e699a1aae48dc3cf696f4ab2675b0bbddb03138eec31712b3be332e4deb7c96c,3.3290089806987606e-37,0.82500553078266137,1.5330784458197625e-36,0.88888888888888884,0.1111111111111111,0,3,1.7533605424718315,0,2.7824235102307394e-37,6.7017908084559847e-38,8.6811613519199007e-38,1.4076774322394563e-36,3.1580642047768899e-05,0.074324999999999988,104,2.5214603952389388e-37,11.134256664170595,0.074324999999999988,104,-0.045100462123551746
twozone_apartment_hydronic,135,twozone_apartment_hydronic:day135,3,zone_bias_positive,rc_supervisory_selector,192,144,9,3d3686ad4a1ddd355177b8644261aa26047df674b5c5e4a91907cc79d18eb73f,e699a1aae48dc3cf696f4ab2675b0bbddb03138eec31712b3be332e4deb7c96c,0.44145682612728959,7.3427725756598505,2.3234569796173137,0.77777777777777779,0.1111111111111111,0.1111111111111111,4,8.2676898956742768,0,0.05429126737393071,0.010315340801046834,0.016938875420666383,0.029632647087538364,7.9097007165612571e-06,0.074324999999999988,104,2.5214603952389388e-37,11.134256664170595,0.074324999999999988,104,0.055611908991201719
twozone_apartment_hydronic,135,twozone_apartment_hydronic:day135,3,zone_bias_positive,tuned_rule_based,192,144,9,3d3686ad4a1ddd355177b8644261aa26047df674b5c5e4a91907cc79d18eb73f,e699a1aae48dc3cf696f4ab2675b0bbddb03138eec31712b3be332e4deb7c96c,9.2838997808400492e-37,0,4.2266464663013786e-36,0.55555555555555558,0.44444444444444442,0,4,0.94123711895031259,0,3.1201125794678118e-37,7.4470851421788109e-38,9.7347512479395683e-38,1.4076774322394563e-36,6.8601208276842959e-06,0.074324999999999988,104,2.5214603952389388e-37,11.134256664170595,0.074324999999999988,104,-0.049004901659712899
twozone_apartment_hydronic,135,twozone_apartment_hydronic:day135,3,zone_drift_negative,constant_zero,192,144,0,3d3686ad4a1ddd355177b8644261aa26047df674b5c5e4a91907cc79d18eb73f,e699a1aae48dc3cf696f4ab2675b0bbddb03138eec31712b3be332e4deb7c96c,5.9686670403031953e-36,10.178237791513013,2.7142280310856221e-35,0,1,0,0,11.134256664170595,0,1.1197702111455943e-36,2.5214603952389388e-37,3.4936830587742539e-37,1.6421454439282078e-36,6.6813651457160225e-06,0.074324999999999988,104,2.5214603952389388e-37,11.134256664170595,0.074324999999999988,104,0
twozone_apartment_hydronic,135,twozone_apartment_hydronic:day135,3,zone_drift_negative,deterministic_wm,192,144,9,3d3686ad4a1ddd355177b8644261aa26047df674b5c5e4a91907cc79d18eb73f,e699a1aae48dc3cf696f4ab2675b0bbddb03138eec31712b3be332e4deb7c96c,4.1318493702818604e-37,0,1.8884613321695992e-36,0.55555555555555558,0.22222222222222221,0.22222222222222221,5,0.94123711895031259,0,3.2996350755595456e-37,7.8404051754158061e-38,1.0294861435745779e-37,1.4076774322394563e-36,1.6680311643501711e-05,0.074324999999999988,104,2.5214603952389388e-37,11.134256664170595,0.074324999999999988,104,-0.049004901659712899
twozone_apartment_hydronic,135,twozone_apartment_hydronic:day135,3,zone_drift_negative,direct_h8_rssm,192,144,9,3d3686ad4a1ddd355177b8644261aa26047df674b5c5e4a91907cc79d18eb73f,e699a1aae48dc3cf696f4ab2675b0bbddb03138eec31712b3be332e4deb7c96c,1.173755597373737e-35,4.089702686806973,5.3355287161968822e-35,0.88888888888888884,0,0.1111111111111111,3,5.0916688021234862,0,8.1759700264782213e-37,1.8570877288525922e-37,2.5509026482612052e-37,1.4076774322394563e-36,3.0232367645938291e-05,0.074324999999999988,104,2.5214603952389388e-37,11.134256664170595,0.074324999999999988,104,-0.029050903182918791
twozone_apartment_hydronic,135,twozone_apartment_hydronic:day135,3,zone_drift_negative,legacy_rssm,192,144,9,3d3686ad4a1ddd355177b8644261aa26047df674b5c5e4a91907cc79d18eb73f,e699a1aae48dc3cf696f4ab2675b0bbddb03138eec31712b3be332e4deb7c96c,7.6004991428549762e-36,1.9388084338446987,3.4584141929879407e-35,0.88888888888888884,0.1111111111111111,0,3,2.9171609794683095,0,7.805347906519133e-39,7.4478786680464877e-39,2.435268546833909e-39,1.4076774322394563e-36,3.011757582686126e-05,0.074324999999999988,104,2.5214603952389388e-37,11.134256664170595,0.074324999999999988,104,-0.039505267714914832
twozone_apartment_hydronic,135,twozone_apartment_hydronic:day135,3,zone_drift_negative,rc_supervisory_selector,192,144,9,3d3686ad4a1ddd355177b8644261aa26047df674b5c5e4a91907cc79d18eb73f,e699a1aae48dc3cf696f4ab2675b0bbddb03138eec31712b3be332e4deb7c96c,3.70451451041088e-37,0.0029831996622959878,1.69205905705805e-36,0.77777777777777779,0.1111111111111111,0.1111111111111111,4,0.94429408936946491,0,2.6837470857113038e-37,6.4840916777955201e-38,8.3732909074192615e-38,1.4076774322394563e-36,7.8248852834651603e-06,0.074324999999999988,104,2.5214603952389388e-37,11.134256664170595,0.074324999999999988,104,-0.048990204686543887
twozone_apartment_hydronic,135,twozone_apartment_hydronic:day135,3,zone_drift_negative,tuned_rule_based,192,144,9,3d3686ad4a1ddd355177b8644261aa26047df674b5c5e4a91907cc79d18eb73f,e699a1aae48dc3cf696f4ab2675b0bbddb03138eec31712b3be332e4deb7c96c,9.2838997808400492e-37,0,4.2266464663013786e-36,0.55555555555555558,0.33333333333333331,0.1111111111111111,5,0.94123711895031259,0,3.1201125794678118e-37,7.4470851421788109e-38,9.7347512479395683e-38,1.4076774322394563e-36,6.7588810035834283e-06,0.074324999999999988,104,2.5214603952389388e-37,11.134256664170595,0.074324999999999988,104,-0.049004901659712899
twozone_apartment_hydronic,135,twozone_apartment_hydronic:day135,3,zone_drift_positive,constant_zero,192,144,0,3d3686ad4a1ddd355177b8644261aa26047df674b5c5e4a91907cc79d18eb73f,e699a1aae48dc3cf696f4ab2675b0bbddb03138eec31712b3be332e4deb7c96c,5.9686670403031953e-36,10.178237791513013,2.7142280310856221e-35,0,1,0,0,11.134256664170595,0,1.1197702111455943e-36,2.5214603952389388e-37,3.4936830587742539e-37,1.6421454439282078e-36,6.8572428838120708e-06,0.074324999999999988,104,2.5214603952389388e-37,11.134256664170595,0.074324999999999988,104,0
twozone_apartment_hydronic,135,twozone_apartment_hydronic:day135,3,zone_drift_positive,deterministic_wm,192,144,9,3d3686ad4a1ddd355177b8644261aa26047df674b5c5e4a91907cc79d18eb73f,e699a1aae48dc3cf696f4ab2675b0bbddb03138eec31712b3be332e4deb7c96c,3.7463554466079033e-37,0.0029831996622959878,1.714080602424904e-36,0.66666666666666663,0.22222222222222221,0.1111111111111111,5,0.94429408936946491,0,2.6867850366314224e-37,6.4898637845437478e-38,8.3827693142900327e-38,1.4076774322394563e-36,1.7632489429094407e-05,0.074324999999999988,104,2.5214603952389388e-37,11.134256664170595,0.074324999999999988,104,-0.048990204686543887
twozone_apartment_hydronic,135,twozone_apartment_hydronic:day135,3,zone_drift_positive,direct_h8_rssm,192,144,9,3d3686ad4a1ddd355177b8644261aa26047df674b5c5e4a91907cc79d18eb73f,e699a1aae48dc3cf696f4ab2675b0bbddb03138eec31712b3be332e4deb7c96c,1.173755597373737e-35,4.089702686806973,5.3355287161968822e-35,0.88888888888888884,0,0.1111111111111111,3,5.0916688021234862,0,8.1759700264782213e-37,1.8570877288525922e-37,2.5509026482612052e-37,1.4076774322394563e-36,3.0443198185732649e-05,0.074324999999999988,104,2.5214603952389388e-37,11.134256664170595,0.074324999999999988,104,-0.029050903182918791
twozone_apartment_hydronic,135,twozone_apartment_hydronic:day135,3,zone_drift_positive,legacy_rssm,192,144,9,3d3686ad4a1ddd355177b8644261aa26047df674b5c5e4a91907cc79d18eb73f,e699a1aae48dc3cf696f4ab2675b0bbddb03138eec31712b3be332e4deb7c96c,3.3290089806987606e-37,0.82500553078266137,1.5330784458197625e-36,0.88888888888888884,0.1111111111111111,0,3,1.7533605424718315,0,2.7824235102307394e-37,6.7017908084559847e-38,8.6811613519199007e-38,1.4076774322394563e-36,3.1453791990607474e-05,0.074324999999999988,104,2.5214603952389388e-37,11.134256664170595,0.074324999999999988,104,-0.045100462123551746
twozone_apartment_hydronic,135,twozone_apartment_hydronic:day135,3,zone_drift_positive,rc_supervisory_selector,192,144,9,3d3686ad4a1ddd355177b8644261aa26047df674b5c5e4a91907cc79d18eb73f,e699a1aae48dc3cf696f4ab2675b0bbddb03138eec31712b3be332e4deb7c96c,0.44145682612728959,7.3427725756598505,2.3234569796173137,0.77777777777777779,0.1111111111111111,0.1111111111111111,4,8.2676898956742768,0,0.05429126737393071,0.010315340801046834,0.016938875420666383,0.029632647087538364,7.6084514216256049e-06,0.074324999999999988,104,2.5214603952389388e-37,11.134256664170595,0.074324999999999988,104,0.055611908991201719
twozone_apartment_hydronic,135,twozone_apartment_hydronic:day135,3,zone_drift_positive,tuned_rule_based,192,144,9,3d3686ad4a1ddd355177b8644261aa26047df674b5c5e4a91907cc79d18eb73f,e699a1aae48dc3cf696f4ab2675b0bbddb03138eec31712b3be332e4deb7c96c,9.2838997808400492e-37,0,4.2266464663013786e-36,0.55555555555555558,0.44444444444444442,0,4,0.94123711895031259,0,3.1201125794678118e-37,7.4470851421788109e-38,9.7347512479395683e-38,1.4076774322394563e-36,6.8645091719791053e-06,0.074324999999999988,104,2.5214603952389388e-37,11.134256664170595,0.074324999999999988,104,-0.049004901659712899
twozone_apartment_hydronic,135,twozone_apartment_hydronic:day135,3,zone_stuck,constant_zero,192,144,0,3d3686ad4a1ddd355177b8644261aa26047df674b5c5e4a91907cc79d18eb73f,e699a1aae48dc3cf696f4ab2675b0bbddb03138eec31712b3be332e4deb7c96c,5.9686670403031953e-36,10.178237791513013,2.7142280310856221e-35,0,1,0,0,11.134256664170595,0,1.1197702111455943e-36,2.5214603952389388e-37,3.4936830587742539e-37,1.6421454439282078e-36,6.7278630099648853e-06,0.074324999999999988,104,2.5214603952389388e-37,11.134256664170595,0.074324999999999988,104,0
twozone_apartment_hydronic,135,twozone_apartment_hydronic:day135,3,zone_stuck,deterministic_wm,192,144,9,3d3686ad4a1ddd355177b8644261aa26047df674b5c5e4a91907cc79d18eb73f,e699a1aae48dc3cf696f4ab2675b0bbddb03138eec31712b3be332e4deb7c96c,8.0986418873327696e-37,0,3.6945205146416889e-36,0.55555555555555558,0.33333333333333331,0.1111111111111111,5,0.94123711895031259,0,3.0042351879580373e-37,7.190963640625383e-38,9.3732137864290733e-38,1.4076774322394563e-36,1.6832921725501145e-05,0.074324999999999988,104,2.5214603952389388e-37,11.134256664170595,0.074324999999999988,104,-0.049004901659712899
twozone_apartment_hydronic,135,twozone_apartment_hydronic:day135,3,zone_stuck,direct_h8_rssm,192,144,9,3d3686ad4a1ddd355177b8644261aa26047df674b5c5e4a91907cc79d18eb73f,e699a1aae48dc3cf696f4ab2675b0bbddb03138eec31712b3be332e4deb7c96c,1.173755597373737e-35,4.089702686806973,5.3355287161968822e-35,0.88888888888888884,0,0.1111111111111111,3,5.0916688021234862,0,8.1759700264782213e-37,1.8570877288525922e-37,2.5509026482612052e-37,1.4076774322394563e-36,3.0837934193325429e-05,0.074324999999999988,104,2.5214603952389388e-37,11.134256664170595,0.074324999999999988,104,-0.029050903182918791
twozone_apartment_hydronic,135,twozone_apartment_hydronic:day135,3,zone_stuck,legacy_rssm,192,144,9,3d3686ad4a1ddd355177b8644261aa26047df674b5c5e4a91907cc79d18eb73f,e699a1aae48dc3cf696f4ab2675b0bbddb03138eec31712b3be332e4deb7c96c,3.3290089806987606e-37,0.82500553078266137,1.5330784458197625e-36,0.88888888888888884,0.1111111111111111,0,3,1.7533605424718315,0,2.7824235102307394e-37,6.7017908084559847e-38,8.6811613519199007e-38,1.4076774322394563e-36,3.1075789666300661e-05,0.074324999999999988,104,2.5214603952389388e-37,11.134256664170595,0.074324999999999988,104,-0.045100462123551746
twozone_apartment_hydronic,135,twozone_apartment_hydronic:day135,3,zone_stuck,rc_supervisory_selector,192,144,9,3d3686ad4a1ddd355177b8644261aa26047df674b5c5e4a91907cc79d18eb73f,e699a1aae48dc3cf696f4ab2675b0bbddb03138eec31712b3be332e4deb7c96c,0.40764720425420675,7.3633077175894641,2.1455116013379301,0.66666666666666663,0.22222222222222221,0.1111111111111111,6,8.2802375059768316,0,0.052139396753440308,0.0099064853831536577,0.016267491787073377,0.029031250497079889,7.7455663764247938e-06,0.074324999999999988,104,2.5214603952389388e-37,11.134256664170595,0.074324999999999988,104,0.052921777142696393
twozone_apartment_hydronic,135,twozone_apartment_hydronic:day135,3,zone_stuck,tuned_rule_based,192,144,9,3d3686ad4a1ddd355177b8644261aa26047df674b5c5e4a91907cc79d18eb73f,e699a1aae48dc3cf696f4ab2675b0bbddb03138eec31712b3be332e4deb7c96c,9.2838997808400492e-37,0,4.2266464663013786e-36,0.55555555555555558,0.44444444444444442,0,4,0.94123711895031259,0,3.1201125794678118e-37,7.4470851421788109e-38,9.7347512479395683e-38,1.4076774322394563e-36,6.8304703775154014e-06,0.074324999999999988,104,2.5214603952389388e-37,11.134256664170595,0.074324999999999988,104,-0.049004901659712899
twozone_apartment_hydronic,162,twozone_apartment_hydronic:day162,3,clean,constant_zero,192,144,0,5b4401956c81159b5bcb7a8a5ff5fe9dc0806c4387206efef7a4499316dfb5ba,1101dca659e988fc74408b558c0ad202d42fe2a81b83030a14e871193a71a1c7,1.4918659732012934e-33,44.978909249218233,7.0500271627256326e-33,0,1,0,0,45.770047516940139,0,-2.0793082145226136e-35,-3.2318723646264434e-36,-6.487441629310562e-36,7.0298115557365151e-35,6.8063317099721568e-06,0.074324999999999988,104,-3.2318723646264434e-36,45.770047516940139,0.074324999999999988,104,0
twozone_apartment_hydronic,162,twozone_apartment_hydronic:day162,3,clean,deterministic_wm,192,144,9,5b4401956c81159b5bcb7a8a5ff5fe9dc0806c4387206efef7a4499316dfb5ba,1101dca659e988fc74408b558c0ad202d42fe2a81b83030a14e871193a71a1c7,3.3950005587142609e-34,18.990116768749985,1.568958677288433e-33,0.77777777777777779,0.22222222222222221,0,3,19.846378577763964,0,-5.7440227659057053e-36,-1.3068553328445627e-36,-1.7921351029625828e-36,7.0298115557365151e-35,1.7624110798283745e-05,0.074324999999999988,104,-3.2318723646264434e-36,45.770047516940139,0.074324999999999988,104,-0.1246330237460393
twozone_apartment_hydronic,162,twozone_apartment_hydronic:day162,3,clean,direct_h8_rssm,192,144,9,5b4401956c81159b5bcb7a8a5ff5fe9dc0806c4387206efef7a4499316dfb5ba,1101dca659e988fc74408b558c0ad202d42fe2a81b83030a14e871193a71a1c7,9.3532390613156535e-34,30.934343788693084,4.8246279177841759e-33,0.55555555555555558,0,0.44444444444444442,3,31.776775622550382,0,1.4099585418561177e-34,2.69550691901251e-35,4.3990706505910874e-35,2.7225068536155689e-34,2.9487127200887255e-05,0.074324999999999988,104,-3.2318723646264434e-36,45.770047516940139,0.074324999999999988,104,-0.067275345646104601
twozone_apartment_hydronic,162,twozone_apartment_hydronic:day162,3,clean,legacy_rssm,192,144,9,5b4401956c81159b5bcb7a8a5ff5fe9dc0806c4387206efef7a4499316dfb5ba,1101dca659e988fc74408b558c0ad202d42fe2a81b83030a14e871193a71a1c7,8.1834059051574429e-34,19.901649712399347,3.7273254524955186e-33,0.77777777777777779,0.22222222222222221,0,4,20.788888654741839,0,6.9849363122781597e-35,1.5347648605565452e-35,2.1793001294307859e-35,1.2351944190228682e-34,3.0151168019914439e-05,0.074324999999999988,104,-3.2318723646264434e-36,45.770047516940139,0.074324999999999988,104,-0.12010172529903028
twozone_apartment_hydronic,162,twozone_apartment_hydronic:day162,3,clean,rc_supervisory_selector,192,144,9,5b4401956c81159b5bcb7a8a5ff5fe9dc0806c4387206efef7a4499316dfb5ba,1101dca659e988fc74408b558c0ad202d42fe2a81b83030a14e871193a71a1c7,8.2583777479330895e-34,17.750534530109618,3.7667843171142812e-33,0.88888888888888884,0.1111111111111111,0,3,18.62650254028912,0,7.0118528820355e-35,1.5398790088104398e-35,2.1876980991950756e-35,1.2351944190228682e-34,8.0533538050537822e-06,0.074324999999999988,104,-3.2318723646264434e-36,45.770047516940139,0.074324999999999988,104,-0.13049781238774527
twozone_apartment_hydronic,162,twozone_apartment_hydronic:day162,3,clean,tuned_rule_based,192,144,9,5b4401956c81159b5bcb7a8a5ff5fe9dc0806c4387206efef7a4499316dfb5ba,1101dca659e988fc74408b558c0ad202d42fe2a81b83030a14e871193a71a1c7,9.2343437954919281e-34,23.10579805398288,4.6494295556392526e-33,0.55555555555555558,0.44444444444444442,0,4,23.97644407516702,0,2.9172276790953391e-35,4.6456721562311969e-36,9.1017503587774505e-36,7.8749068837226363e-35,6.8085342038849756e-06,0.074324999999999988,104,-3.2318723646264434e-36,45.770047516940139,0.074324999999999988,104,-0.10477693962390923
twozone_apartment_hydronic,162,twozone_apartment_hydronic:day162,3,zone_bias_negative,constant_zero,192,144,0,5b4401956c81159b5bcb7a8a5ff5fe9dc0806c4387206efef7a4499316dfb5ba,1101dca659e988fc74408b558c0ad202d42fe2a81b83030a14e871193a71a1c7,1.4918659732012934e-33,44.978909249218233,7.0500271627256326e-33,0,1,0,0,45.770047516940139,0,-2.0793082145226136e-35,-3.2318723646264434e-36,-6.487441629310562e-36,7.0298115557365151e-35,6.7557048631172106e-06,0.074324999999999988,104,-3.2318723646264434e-36,45.770047516940139,0.074324999999999988,104,0
twozone_apartment_hydronic,162,twozone_apartment_hydronic:day162,3,zone_bias_negative,deterministic_wm,192,144,9,5b4401956c81159b5bcb7a8a5ff5fe9dc0806c4387206efef7a4499316dfb5ba,1101dca659e988fc74408b558c0ad202d42fe2a81b83030a14e871193a71a1c7,9.289166666832832e-34,20.634670521047354,4.6782836984502538e-33,0.66666666666666663,0.33333333333333331,0,3,21.515148831628881,0,3.0195625748281326e-35,4.8401084581235048e-36,9.4210352334637665e-36,7.8749068837226363e-35,1.6613400488693124e-05,0.074324999999999988,104,-3.2318723646264434e-36,45.770047516940139,0.074324999999999988,104,-0.1166100898332272
twozone_apartment_hydronic,162,twozone_apartment_hydronic:day162,3,zone_bias_negative,direct_h8_rssm,192,144,9,5b4401956c81159b5bcb7a8a5ff5fe9dc0806c4387206efef7a4499316dfb5ba,1101dca659e988fc74408b558c0ad202d42fe2a81b83030a14e871193a71a1c7,9.3532390613156535e-34,30.934343788693084,4.8246279177841759e-33,0.55555555555555558,0,0.44444444444444442,3,31.776775622550382,0,1.4099585418561177e-34,2.69550691901251e-35,4.3990706505910874e-35,2.7225068536155689e-34,3.0469163480784183e-05,0.074324999999999988,104,-3.2318723646264434e-36,45.770047516940139,0.074324999999999988,104,-0.067275345646104601
twozone_apartment_hydronic,162,twozone_apartment_hydronic:day162,3,zone_bias_negative,legacy_rssm,192,144,9,5b4401956c81159b5bcb7a8a5ff5fe9dc0806c4387206efef7a4499316dfb5ba,1101dca659e988fc74408b558c0ad202d42fe2a81b83030a14e871193a71a1c7,8.1834059051574429e-34,19.901649712399347,3.7273254524955186e-33,0.77777777777777779,0.22222222222222221,0,4,20.788888654741839,0,6.9849363122781597e-35,1.5347648605565452e-35,2.1793001294307859e-35,1.2351944190228682e-34,3.0714570955872327e-05,0.074324999999999988,104,-3.2318723646264434e-36,45.770047516940139,0.074324999999999988,104,-0.12010172529903028
twozone_apartment_hydronic,162,twozone_apartment_hydronic:day162,3,zone_bias_negative,rc_supervisory_selector,192,144,9,5b4401956c81159b5bcb7a8a5ff5fe9dc0806c4387206efef7a4499316dfb5ba,1101dca659e988fc74408b558c0ad202d42fe2a81b83030a14e871193a71a1c7,3.4883660053862051e-34,16.205416192751926,1.7887804154117553e-33,1,0,0,1,17.062077380195738,0,2.2847585399761755e-35,4.4466778581559746e-36,7.1284466447256666e-36,8.2250650465496357e-35,7.5910436753411154e-06,0.074324999999999988,104,-3.2318723646264434e-36,45.770047516940139,0.074324999999999988,104,-0.13801908719588654
twozone_apartment_hydronic,162,twozone_apartment_hydronic:day162,3,zone_bias_negative,tuned_rule_based,192,144,9,5b4401956c81159b5bcb7a8a5ff5fe9dc0806c4387206efef7a4499316dfb5ba,1101dca659e988fc74408b558c0ad202d42fe2a81b83030a14e871193a71a1c7,9.2343437954919281e-34,23.10579805398288,4.6494295556392526e-33,0.55555555555555558,0.44444444444444442,0,4,23.97644407516702,0,2.9172276790953391e-35,4.6456721562311969e-36,9.1017503587774505e-36,7.8749068837226363e-35,6.7522957132194126e-06,0.074324999999999988,104,-3.2318723646264434e-36,45.770047516940139,0.074324999999999988,104,-0.10477693962390923
twozone_apartment_hydronic,162,twozone_apartment_hydronic:day162,3,zone_bias_positive,constant_zero,192,144,0,5b4401956c81159b5bcb7a8a5ff5fe9dc0806c4387206efef7a4499316dfb5ba,1101dca659e988fc74408b558c0ad202d42fe2a81b83030a14e871193a71a1c7,1.4918659732012934e-33,44.978909249218233,7.0500271627256326e-33,0,1,0,0,45.770047516940139,0,-2.0793082145226136e-35,-3.2318723646264434e-36,-6.487441629310562e-36,7.0298115557365151e-35,6.7385301262643041e-06,0.074324999999999988,104,-3.2318723646264434e-36,45.770047516940139,0.074324999999999988,104,0
twozone_apartment_hydronic,162,twozone_apartment_hydronic:day162,3,zone_bias_positive,deterministic_wm,192,144,9,5b4401956c81159b5bcb7a8a5ff5fe9dc0806c4387206efef7a4499316dfb5ba,1101dca659e988fc74408b558c0ad202d42fe2a81b83030a14e871193a71a1c7,3.3950005587142609e-34,18.990116768749985,1.568958677288433e-33,0.77777777777777779,0.22222222222222221,0,3,19.846378577763964,0,-5.7440227659057053e-36,-1.3068553328445627e-36,-1.7921351029625828e-36,7.0298115557365151e-35,1.6092953118839673e-05,0.074324999999999988,104,-3.2318723646264434e-36,45.770047516940139,0.074324999999999988,104,-0.1246330237460393
twozone_apartment_hydronic,162,twozone_apartment_hydronic:day162,3,zone_bias_positive,direct_h8_rssm,192,144,9,5b4401956c81159b5bcb7a8a5ff5fe9dc0806c4387206efef7a4499316dfb5ba,1101dca659e988fc74408b558c0ad202d42fe2a81b83030a14e871193a71a1c7,3.7130227732870694e-34,37.480626308367519,1.696915181630961e-33,0.33333333333333331,0,0.66666666666666663,3,38.320961167819959,0,1.9528610174472933e-35,4.2907530042239363e-36,6.0929263744355519e-36,7.0298115557365151e-35,3.0928929924202074e-05,0.074324999999999988,104,-3.2318723646264434e-36,45.770047516940139,0.074324999999999988,104,-0.035812915140000859
twozone_apartment_hydronic,162,twozone_apartment_hydronic:day162,3,zone_bias_positive,legacy_rssm,192,144,9,5b4401956c81159b5bcb7a8a5ff5fe9dc0806c4387206efef7a4499316dfb5ba,1101dca659e988fc74408b558c0ad202d42fe2a81b83030a14e871193a71a1c7,8.1834059051574429e-34,19.901649712399347,3.7273254524955186e-33,0.77777777777777779,0.22222222222222221,0,4,20.788888654741839,0,6.9849363122781597e-35,1.5347648605565452e-35,2.1793001294307859e-35,1.2351944190228682e-34,3.1710313183405567e-05,0.074324999999999988,104,-3.2318723646264434e-36,45.770047516940139,0.074324999999999988,104,-0.12010172529903028
twozone_apartment_hydronic,162,twozone_apartment_hydronic:day162,3,zone_bias_positive,rc_supervisory_selector,192,144,9,5b4401956c81159b5bcb7a8a5ff5fe9dc0806c4387206efef7a4499316dfb5ba,1101dca659e988fc74408b558c0ad202d42fe2a81b83030a14e871193a71a1c7,3.4883660053862051e-34,16.205416192751926,1.7887804154117553e-33,1,0,0,1,17.062077380195738,0,2.2847585399761755e-35,4.4466778581559746e-36,7.1284466447256666e-36,8.2250650465496357e-35,7.6139354650332108e-06,0.074324999999999988,104,-3.2318723646264434e-36,45.770047516940139,0.074324999999999988,104,-0.13801908719588654
twozone_apartment_hydronic,162,twozone_apartment_hydronic:day162,3,zone_bias_positive,tuned_rule_based,192,144,9,5b4401956c81159b5bcb7a8a5ff5fe9dc0806c4387206efef7a4499316dfb5ba,1101dca659e988fc74408b558c0ad202d42fe2a81b83030a14e871193a71a1c7,9.2343437954919281e-34,23.10579805398288,4.6494295556392526e-33,0.55555555555555558,0.44444444444444442,0,4,23.97644407516702,0,2.9172276790953391e-35,4.6456721562311969e-36,9.1017503587774505e-36,7.8749068837226363e-35,6.7700779389475165e-06,0.074324999999999988,104,-3.2318723646264434e-36,45.770047516940139,0.074324999999999988,104,-0.10477693962390923
twozone_apartment_hydronic,162,twozone_apartment_hydronic:day162,3,zone_drift_negative,constant_zero,192,144,0,5b4401956c81159b5bcb7a8a5ff5fe9dc0806c4387206efef7a4499316dfb5ba,1101dca659e988fc74408b558c0ad202d42fe2a81b83030a14e871193a71a1c7,1.4918659732012934e-33,44.978909249218233,7.0500271627256326e-33,0,1,0,0,45.770047516940139,0,-2.0793082145226136e-35,-3.2318723646264434e-36,-6.487441629310562e-36,7.0298115557365151e-35,6.7386230526447576e-06,0.074324999999999988,104,-3.2318723646264434e-36,45.770047516940139,0.074324999999999988,104,0
twozone_apartment_hydronic,162,twozone_apartment_hydronic:day162,3,zone_drift_negative,deterministic_wm,192,144,9,5b4401956c81159b5bcb7a8a5ff5fe9dc0806c4387206efef7a4499316dfb5ba,1101dca659e988fc74408b558c0ad202d42fe2a81b83030a14e871193a71a1c7,9.289166666832832e-34,20.634670521047354,4.6782836984502538e-33,0.66666666666666663,0.33333333333333331,0,3,21.515148831628881,0,3.0195625748281326e-35,4.8401084581235048e-36,9.4210352334637665e-36,7.8749068837226363e-35,1.700091042998504e-05,0.074324999999999988,104,-3.2318723646264434e-36,45.770047516940139,0.074324999999999988,104,-0.1166100898332272
twozone_apartment_hydronic,162,twozone_apartment_hydronic:day162,3,zone_drift_negative,direct_h8_rssm,192,144,9,5b4401956c81159b5bcb7a8a5ff5fe9dc0806c4387206efef7a4499316dfb5ba,1101dca659e988fc74408b558c0ad202d42fe2a81b83030a14e871193a71a1c7,9.3532390613156535e-34,30.934343788693084,4.8246279177841759e-33,0.55555555555555558,0,0.44444444444444442,3,31.776775622550382,0,1.4099585418561177e-34,2.69550691901251e-35,4.3990706505910874e-35,2.7225068536155689e-34,3.1135686959826439e-05,0.074324999999999988,104,-3.2318723646264434e-36,45.770047516940139,0.074324999999999988,104,-0.067275345646104601
twozone_apartment_hydronic,162,twozone_apartment_hydronic:day162,3,zone_drift_negative,legacy_rssm,192,144,9,5b4401956c81159b5bcb7a8a5ff5fe9dc0806c4387206efef7a4499316dfb5ba,1101dca659e988fc74408b558c0ad202d42fe2a81b83030a14e871193a71a1c7,8.1834059051574429e-34,19.901649712399347,3.7273254524955186e-33,0.77777777777777779,0.22222222222222221,0,4,20.788888654741839,0,6.9849363122781597e-35,1.5347648605565452e-35,2.1793001294307859e-35,1.2351944190228682e-34,3.252049807270576e-05,0.074324999999999988,104,-3.2318723646264434e-36,45.770047516940139,0.074324999999999988,104,-0.12010172529903028
twozone_apartment_hydronic,162,twozone_apartment_hydronic:day162,3,zone_drift_negative,rc_supervisory_selector,192,144,9,5b4401956c81159b5bcb7a8a5ff5fe9dc0806c4387206efef7a4499316dfb5ba,1101dca659e988fc74408b558c0ad202d42fe2a81b83030a14e871193a71a1c7,1.0921498612162312e-33,17.396736910842421,4.9738568904222495e-33,0.88888888888888884,0,0.1111111111111111,3,18.251706896159568,0,-9.1340021476919201e-35,-2.0139900929928935e-35,-2.8498086700798795e-35,7.0298115557365151e-35,7.7980683944196178e-06,0.074324999999999988,104,-3.2318723646264434e-36,45.770047516940139,0.074324999999999988,104,-0.1322997145229835
twozone_apartment_hydronic,162,twozone_apartment_hydronic:day162,3,zone_drift_negative,tuned_rule_based,192,144,9,5b4401956c81159b5bcb7a8a5ff5fe9dc0806c4387206efef7a4499316dfb5ba,1101dca659e988fc74408b558c0ad202d42fe2a81b83030a14e871193a71a1c7,9.2343437954919281e-34,23.10579805398288,4.6494295556392526e-33,0.55555555555555558,0.44444444444444442,0,4,23.97644407516702,0,2.9172276790953391e-35,4.6456721562311969e-36,9.1017503587774505e-36,7.8749068837226363e-35,6.8489086357502839e-06,0.074324999999999988,104,-3.2318723646264434e-36,45.770047516940139,0.074324999999999988,104,-0.10477693962390923
twozone_apartment_hydronic,162,twozone_apartment_hydronic:day162,3,zone_drift_positive,constant_zero,192,144,0,5b4401956c81159b5bcb7a8a5ff5fe9dc0806c4387206efef7a4499316dfb5ba,1101dca659e988fc74408b558c0ad202d42fe2a81b83030a14e871193a71a1c7,1.4918659732012934e-33,44.978909249218233,7.0500271627256326e-33,0,1,0,0,45.770047516940139,0,-2.0793082145226136e-35,-3.2318723646264434e-36,-6.487441629310562e-36,7.0298115557365151e-35,6.7745300834438284e-06,0.074324999999999988,104,-3.2318723646264434e-36,45.770047516940139,0.074324999999999988,104,0
twozone_apartment_hydronic,162,twozone_apartment_hydronic:day162,3,zone_drift_positive,deterministic_wm,192,144,9,5b4401956c81159b5bcb7a8a5ff5fe9dc0806c4387206efef7a4499316dfb5ba,1101dca659e988fc74408b558c0ad202d42fe2a81b83030a14e871193a71a1c7,3.3950005587142609e-34,18.990116768749985,1.568958677288433e-33,0.77777777777777779,0.22222222222222221,0,3,19.846378577763964,0,-5.7440227659057053e-36,-1.3068553328445627e-36,-1.7921351029625828e-36,7.0298115557365151e-35,1.7189154311485801e-05,0.074324999999999988,104,-3.2318723646264434e-36,45.770047516940139,0.074324999999999988,104,-0.1246330237460393
twozone_apartment_hydronic,162,twozone_apartment_hydronic:day162,3,zone_drift_positive,direct_h8_rssm,192,144,9,5b4401956c81159b5bcb7a8a5ff5fe9dc0806c4387206efef7a4499316dfb5ba,1101dca659e988fc74408b558c0ad202d42fe2a81b83030a14e871193a71a1c7,3.7130227732870694e-34,37.480626308367519,1.696915181630961e-33,0.33333333333333331,0,0.66666666666666663,3,38.320961167819959,0,1.9528610174472933e-35,4.2907530042239363e-36,6.0929263744355519e-36,7.0298115557365151e-35,3.2201761974714193e-05,0.074324999999999988,104,-3.2318723646264434e-36,45.770047516940139,0.074324999999999988,104,-0.035812915140000859
twozone_apartment_hydronic,162,twozone_apartment_hydronic:day162,3,zone_drift_positive,legacy_rssm,192,144,9,5b4401956c81159b5bcb7a8a5ff5fe9dc0806c4387206efef7a4499316dfb5ba,1101dca659e988fc74408b558c0ad202d42fe2a81b83030a14e871193a71a1c7,8.1834059051574429e-34,19.901649712399347,3.7273254524955186e-33,0.77777777777777779,0.22222222222222221,0,4,20.788888654741839,0,6.9849363122781597e-35,1.5347648605565452e-35,2.1793001294307859e-35,1.2351944190228682e-34,2.9815205867516571e-05,0.074324999999999988,104,-3.2318723646264434e-36,45.770047516940139,0.074324999999999988,104,-0.12010172529903028
twozone_apartment_hydronic,162,twozone_apartment_hydronic:day162,3,zone_drift_positive,rc_supervisory_selector,192,144,9,5b4401956c81159b5bcb7a8a5ff5fe9dc0806c4387206efef7a4499316dfb5ba,1101dca659e988fc74408b558c0ad202d42fe2a81b83030a14e871193a71a1c7,3.4883660053862051e-34,16.205416192751926,1.7887804154117553e-33,1,0,0,1,17.062077380195738,0,2.2847585399761755e-35,4.4466778581559746e-36,7.1284466447256666e-36,8.2250650465496357e-35,8.011692273471158e-06,0.074324999999999988,104,-3.2318723646264434e-36,45.770047516940139,0.074324999999999988,104,-0.13801908719588654
twozone_apartment_hydronic,162,twozone_apartment_hydronic:day162,3,zone_drift_positive,tuned_rule_based,192,144,9,5b4401956c81159b5bcb7a8a5ff5fe9dc0806c4387206efef7a4499316dfb5ba,1101dca659e988fc74408b558c0ad202d42fe2a81b83030a14e871193a71a1c7,9.2343437954919281e-34,23.10579805398288,4.6494295556392526e-33,0.55555555555555558,0.44444444444444442,0,4,23.97644407516702,0,2.9172276790953391e-35,4.6456721562311969e-36,9.1017503587774505e-36,7.8749068837226363e-35,6.7741708605701396e-06,0.074324999999999988,104,-3.2318723646264434e-36,45.770047516940139,0.074324999999999988,104,-0.10477693962390923
twozone_apartment_hydronic,162,twozone_apartment_hydronic:day162,3,zone_stuck,constant_zero,192,144,0,5b4401956c81159b5bcb7a8a5ff5fe9dc0806c4387206efef7a4499316dfb5ba,1101dca659e988fc74408b558c0ad202d42fe2a81b83030a14e871193a71a1c7,1.4918659732012934e-33,44.978909249218233,7.0500271627256326e-33,0,1,0,0,45.770047516940139,0,-2.0793082145226136e-35,-3.2318723646264434e-36,-6.487441629310562e-36,7.0298115557365151e-35,6.8465175151547569e-06,0.074324999999999988,104,-3.2318723646264434e-36,45.770047516940139,0.074324999999999988,104,0
twozone_apartment_hydronic,162,twozone_apartment_hydronic:day162,3,zone_stuck,deterministic_wm,192,144,9,5b4401956c81159b5bcb7a8a5ff5fe9dc0806c4387206efef7a4499316dfb5ba,1101dca659e988fc74408b558c0ad202d42fe2a81b83030a14e871193a71a1c7,3.3950005587142609e-34,18.990116768749985,1.568958677288433e-33,0.77777777777777779,0.22222222222222221,0,3,19.846378577763964,0,-5.7440227659057053e-36,-1.3068553328445627e-36,-1.7921351029625828e-36,7.0298115557365151e-35,1.6780905143822123e-05,0.074324999999999988,104,-3.2318723646264434e-36,45.770047516940139,0.074324999999999988,104,-0.1246330237460393
twozone_apartment_hydronic,162,twozone_apartment_hydronic:day162,3,zone_stuck,direct_h8_rssm,192,144,9,5b4401956c81159b5bcb7a8a5ff5fe9dc0806c4387206efef7a4499316dfb5ba,1101dca659e988fc74408b558c0ad202d42fe2a81b83030a14e871193a71a1c7,9.3532390613156535e-34,30.934343788693084,4.8246279177841759e-33,0.55555555555555558,0,0.44444444444444442,3,31.776775622550382,0,1.4099585418561177e-34,2.69550691901251e-35,4.3990706505910874e-35,2.7225068536155689e-34,3.000529163309556e-05,0.074324999999999988,104,-3.2318723646264434e-36,45.770047516940139,0.074324999999999988,104,-0.067275345646104601
twozone_apartment_hydronic,162,twozone_apartment_hydronic:day162,3,zone_stuck,legacy_rssm,192,144,9,5b4401956c81159b5bcb7a8a5ff5fe9dc0806c4387206efef7a4499316dfb5ba,1101dca659e988fc74408b558c0ad202d42fe2a81b83030a14e871193a71a1c7,8.1834059051574429e-34,19.901649712399347,3.7273254524955186e-33,0.77777777777777779,0.22222222222222221,0,4,20.788888654741839,0,6.9849363122781597e-35,1.5347648605565452e-35,2.1793001294307859e-35,1.2351944190228682e-34,3.076936700719953e-05,0.074324999999999988,104,-3.2318723646264434e-36,45.770047516940139,0.074324999999999988,104,-0.12010172529903028
twozone_apartment_hydronic,162,twozone_apartment_hydronic:day162,3,zone_stuck,rc_supervisory_selector,192,144,9,5b4401956c81159b5bcb7a8a5ff5fe9dc0806c4387206efef7a4499316dfb5ba,1101dca659e988fc74408b558c0ad202d42fe2a81b83030a14e871193a71a1c7,3.4883660053862051e-34,16.205416192751926,1.7887804154117553e-33,1,0,0,1,17.062077380195738,0,2.2847585399761755e-35,4.4466778581559746e-36,7.1284466447256666e-36,8.2250650465496357e-35,7.7870309595592911e-06,0.074324999999999988,104,-3.2318723646264434e-36,45.770047516940139,0.074324999999999988,104,-0.13801908719588654
twozone_apartment_hydronic,162,twozone_apartment_hydronic:day162,3,zone_stuck,tuned_rule_based,192,144,9,5b4401956c81159b5bcb7a8a5ff5fe9dc0806c4387206efef7a4499316dfb5ba,1101dca659e988fc74408b558c0ad202d42fe2a81b83030a14e871193a71a1c7,9.2343437954919281e-34,23.10579805398288,4.6494295556392526e-33,0.55555555555555558,0.44444444444444442,0,4,23.97644407516702,0,2.9172276790953391e-35,4.6456721562311969e-36,9.1017503587774505e-36,7.8749068837226363e-35,6.7265800711302791e-06,0.074324999999999988,104,-3.2318723646264434e-36,45.770047516940139,0.074324999999999988,104,-0.10477693962390923
twozone_apartment_hydronic,207,twozone_apartment_hydronic:day207,4,clean,constant_zero,192,144,0,0a2901eae9dfbd937b90f0c7dd130b47f1c099b1a386b5d7d8079daa6d2549a9,02e2fe5e1851fe4b520eb3818c1f48532497993f88e772f4f23fe34532072e14,0,59.068658859654477,0,0,1,0,0,59.890483170763922,0,0,0,0,0,6.6643221701488301e-06,0.074324999999999988,114,0,59.890483170763922,0.074324999999999988,114,0
twozone_apartment_hydronic,207,twozone_apartment_hydronic:day207,4,clean,deterministic_wm,192,144,9,0a2901eae9dfbd937b90f0c7dd130b47f1c099b1a386b5d7d8079daa6d2549a9,02e2fe5e1851fe4b520eb3818c1f48532497993f88e772f4f23fe34532072e14,0,29.785087489341706,0,0.77777777777777779,0.22222222222222221,0,3,30.770437319445438,0,0,0,0,0,1.6093362272305846e-05,0.074324999999999988,114,0,59.890483170763922,0.074324999999999988,114,-0.12771949934788809
twozone_apartment_hydronic,207,twozone_apartment_hydronic:day207,4,clean,direct_h8_rssm,192,144,9,0a2901eae9dfbd937b90f0c7dd130b47f1c099b1a386b5d7d8079daa6d2549a9,02e2fe5e1851fe4b520eb3818c1f48532497993f88e772f4f23fe34532072e14,0,51.488486985914406,0,0.33333333333333331,0,0.66666666666666663,3,52.337276480295557,0,0,0,0,0,3.0820099263083043e-05,0.074324999999999988,114,0,59.890483170763922,0.074324999999999988,114,-0.033128099519598088
twozone_apartment_hydronic,207,twozone_apartment_hydronic:day207,4,clean,legacy_rssm,192,144,9,0a2901eae9dfbd937b90f0c7dd130b47f1c099b1a386b5d7d8079daa6d2549a9,02e2fe5e1851fe4b520eb3818c1f48532497993f88e772f4f23fe34532072e14,0,31.693058265784231,0,0.77777777777777779,0.22222222222222221,0,3,32.696291205696376,0,0,0,0,0,3.0857555529209954e-05,0.074324999999999988,114,0,59.890483170763922,0.074324999999999988,114,-0.11927277177661204
twozone_apartment_hydronic,207,twozone_apartment_hydronic:day207,4,clean,rc_supervisory_selector,192,144,9,0a2901eae9dfbd937b90f0c7dd130b47f1c099b1a386b5d7d8079daa6d2549a9,02e2fe5e1851fe4b520eb3818c1f48532497993f88e772f4f23fe34532072e14,0,28.060132829904916,0,0.88888888888888884,0.1111111111111111,0,3,29.050465303886654,0,0,0,0,0,7.6068356121744496e-06,0.074324999999999988,114,0,59.890483170763922,0.074324999999999988,114,-0.13526323625823364
twozone_apartment_hydronic,207,twozone_apartment_hydronic:day207,4,clean,tuned_rule_based,192,144,9,0a2901eae9dfbd937b90f0c7dd130b47f1c099b1a386b5d7d8079daa6d2549a9,02e2fe5e1851fe4b520eb3818c1f48532497993f88e772f4f23fe34532072e14,0,36.57740321427805,0,0.55555555555555558,0.44444444444444442,0,4,37.477138034785909,0,0,0,0,0,6.5553444911741537e-06,0.074324999999999988,114,0,59.890483170763922,0.074324999999999988,114,-0.098304145333236892
twozone_apartment_hydronic,207,twozone_apartment_hydronic:day207,4,zone_bias_negative,constant_zero,192,144,0,0a2901eae9dfbd937b90f0c7dd130b47f1c099b1a386b5d7d8079daa6d2549a9,02e2fe5e1851fe4b520eb3818c1f48532497993f88e772f4f23fe34532072e14,0,59.068658859654477,0,0,1,0,0,59.890483170763922,0,0,0,0,0,6.5135969680155894e-06,0.074324999999999988,114,0,59.890483170763922,0.074324999999999988,114,0
twozone_apartment_hydronic,207,twozone_apartment_hydronic:day207,4,zone_bias_negative,deterministic_wm,192,144,9,0a2901eae9dfbd937b90f0c7dd130b47f1c099b1a386b5d7d8079daa6d2549a9,02e2fe5e1851fe4b520eb3818c1f48532497993f88e772f4f23fe34532072e14,0,33.448076725956113,0,0.66666666666666663,0.33333333333333331,0,3,34.440917159521717,0,0,0,0,0,1.6158678422076817e-05,0.074324999999999988,114,0,59.890483170763922,0.074324999999999988,114,-0.11162090355807984
twozone_apartment_hydronic,207,twozone_apartment_hydronic:day207,4,zone_bias_negative,direct_h8_rssm,192,144,9,0a2901eae9dfbd937b90f0c7dd130b47f1c099b1a386b5d7d8079daa6d2549a9,02e2fe5e1851fe4b520eb3818c1f48532497993f88e772f4f23fe34532072e14,0,43.451057177270926,0,0.55555555555555558,0,0.44444444444444442,3,44.32301639772534,0,0,0,0,0,3.001175625786107e-05,0.074324999999999988,114,0,59.890483170763922,0.074324999999999988,114,-0.068278363039642909
twozone_apartment_hydronic,207,twozone_apartment_hydronic:day207,4,zone_bias_negative,legacy_rssm,192,144,9,0a2901eae9dfbd937b90f0c7dd130b47f1c099b1a386b5d7d8079daa6d2549a9,02e2fe5e1851fe4b520eb3818c1f48532497993f88e772f4f23fe34532072e14,0,30.207102895737492,0,0.88888888888888884,0.1111111111111111,0,3,31.200821251211359,0,0,0,0,0,2.9910243202462451e-05,0.074324999999999988,114,0,59.890483170763922,0.074324999999999988,114,-0.12583185052435333
twozone_apartment_hydronic,207,twozone_apartment_hydronic:day207,4,zone_bias_negative,rc_supervisory_selector,192,144,9,0a2901eae9dfbd937b90f0c7dd130b47f1c099b1a386b5d7d8079daa6d2549a9,02e2fe5e1851fe4b520eb3818c1f48532497993f88e772f4f23fe34532072e14,0,26.710489260746158,0,1,0,0,1,27.711643807087583,0,0,0,0,0,7.6164541860317471e-06,0.074324999999999988,114,0,59.890483170763922,0.074324999999999988,114,-0.1411352603670015
twozone_apartment_hydronic,207,twozone_apartment_hydronic:day207,4,zone_bias_negative,tuned_rule_based,192,144,9,0a2901eae9dfbd937b90f0c7dd130b47f1c099b1a386b5d7d8079daa6d2549a9,02e2fe5e1851fe4b520eb3818c1f48532497993f88e772f4f23fe34532072e14,0,36.57740321427805,0,0.55555555555555558,0.44444444444444442,0,4,37.477138034785909,0,0,0,0,0,6.8257047798551757e-06,0.074324999999999988,114,0,59.890483170763922,0.074324999999999988,114,-0.098304145333236892
twozone_apartment_hydronic,207,twozone_apartment_hydronic:day207,4,zone_bias_positive,constant_zero,192,144,0,0a2901eae9dfbd937b90f0c7dd130b47f1c099b1a386b5d7d8079daa6d2549a9,02e2fe5e1851fe4b520eb3818c1f48532497993f88e772f4f23fe34532072e14,0,59.068658859654477,0,0,1,0,0,59.890483170763922,0,0,0,0,0,6.6434844695530078e-06,0.074324999999999988,114,0,59.890483170763922,0.074324999999999988,114,0
twozone_apartment_hydronic,207,twozone_apartment_hydronic:day207,4,zone_bias_positive,deterministic_wm,192,144,9,0a2901eae9dfbd937b90f0c7dd130b47f1c099b1a386b5d7d8079daa6d2549a9,02e2fe5e1851fe4b520eb3818c1f48532497993f88e772f4f23fe34532072e14,0,28.412934005226276,0,0.88888888888888884,0.1111111111111111,0,3,29.400156713716903,0,0,0,0,0,1.7225294351716455e-05,0.074324999999999988,114,0,59.890483170763922,0.074324999999999988,114,-0.13372950200459219
twozone_apartment_hydronic,207,twozone_apartment_hydronic:day207,4,zone_bias_positive,direct_h8_rssm,192,144,9,0a2901eae9dfbd937b90f0c7dd130b47f1c099b1a386b5d7d8079daa6d2549a9,02e2fe5e1851fe4b520eb3818c1f48532497993f88e772f4f23fe34532072e14,0,51.488486985914406,0,0.33333333333333331,0,0.66666666666666663,3,52.337276480295557,0,0,0,0,0,2.9646439077966504e-05,0.074324999999999988,114,0,59.890483170763922,0.074324999999999988,114,-0.033128099519598088
twozone_apartment_hydronic,207,twozone_apartment_hydronic:day207,4,zone_bias_positive,legacy_rssm,192,144,9,0a2901eae9dfbd937b90f0c7dd130b47f1c099b1a386b5d7d8079daa6d2549a9,02e2fe5e1851fe4b520eb3818c1f48532497993f88e772f4f23fe34532072e14,0,31.693058265784231,0,0.77777777777777779,0.22222222222222221,0,3,32.696291205696376,0,0,0,0,0,2.9586242200885837e-05,0.074324999999999988,114,0,59.890483170763922,0.074324999999999988,114,-0.11927277177661204
twozone_apartment_hydronic,207,twozone_apartment_hydronic:day207,4,zone_bias_positive,rc_supervisory_selector,192,144,9,0a2901eae9dfbd937b90f0c7dd130b47f1c099b1a386b5d7d8079daa6d2549a9,02e2fe5e1851fe4b520eb3818c1f48532497993f88e772f4f23fe34532072e14,0,26.710489260746158,0,1,0,0,1,27.711643807087583,0,0,0,0,0,7.9717880213517229e-06,0.074324999999999988,114,0,59.890483170763922,0.074324999999999988,114,-0.1411352603670015
twozone_apartment_hydronic,207,twozone_apartment_hydronic:day207,4,zone_bias_positive,tuned_rule_based,192,144,9,0a2901eae9dfbd937b90f0c7dd130b47f1c099b1a386b5d7d8079daa6d2549a9,02e2fe5e1851fe4b520eb3818c1f48532497993f88e772f4f23fe34532072e14,0,36.57740321427805,0,0.55555555555555558,0.44444444444444442,0,4,37.477138034785909,0,0,0,0,0,6.6915079907943795e-06,0.074324999999999988,114,0,59.890483170763922,0.074324999999999988,114,-0.098304145333236892
twozone_apartment_hydronic,207,twozone_apartment_hydronic:day207,4,zone_drift_negative,constant_zero,192,144,0,0a2901eae9dfbd937b90f0c7dd130b47f1c099b1a386b5d7d8079daa6d2549a9,02e2fe5e1851fe4b520eb3818c1f48532497993f88e772f4f23fe34532072e14,0,59.068658859654477,0,0,1,0,0,59.890483170763922,0,0,0,0,0,6.6706938685338947e-06,0.074324999999999988,114,0,59.890483170763922,0.074324999999999988,114,0
twozone_apartment_hydronic,207,twozone_apartment_hydronic:day207,4,zone_drift_negative,deterministic_wm,192,144,9,0a2901eae9dfbd937b90f0c7dd130b47f1c099b1a386b5d7d8079daa6d2549a9,02e2fe5e1851fe4b520eb3818c1f48532497993f88e772f4f23fe34532072e14,0,29.785087489341706,0,0.77777777777777779,0.22222222222222221,0,3,30.770437319445438,0,0,0,0,0,1.6650290874771909e-05,0.074324999999999988,114,0,59.890483170763922,0.074324999999999988,114,-0.12771949934788809
twozone_apartment_hydronic,207,twozone_apartment_hydronic:day207,4,zone_drift_negative,direct_h8_rssm,192,144,9,0a2901eae9dfbd937b90f0c7dd130b47f1c099b1a386b5d7d8079daa6d2549a9,02e2fe5e1851fe4b520eb3818c1f48532497993f88e772f4f23fe34532072e14,0,51.488486985914406,0,0.33333333333333331,0,0.66666666666666663,3,52.337276480295557,0,0,0,0,0,3.0617568297327913e-05,0.074324999999999988,114,0,59.890483170763922,0.074324999999999988,114,-0.033128099519598088
twozone_apartment_hydronic,207,twozone_apartment_hydronic:day207,4,zone_drift_negative,legacy_rssm,192,144,9,0a2901eae9dfbd937b90f0c7dd130b47f1c099b1a386b5d7d8079daa6d2549a9,02e2fe5e1851fe4b520eb3818c1f48532497993f88e772f4f23fe34532072e14,0,30.207102895737492,0,0.88888888888888884,0.1111111111111111,0,3,31.200821251211359,0,0,0,0,0,3.2379065508617786e-05,0.074324999999999988,114,0,59.890483170763922,0.074324999999999988,114,-0.12583185052435333
twozone_apartment_hydronic,207,twozone_apartment_hydronic:day207,4,zone_drift_negative,rc_supervisory_selector,192,144,9,0a2901eae9dfbd937b90f0c7dd130b47f1c099b1a386b5d7d8079daa6d2549a9,02e2fe5e1851fe4b520eb3818c1f48532497993f88e772f4f23fe34532072e14,0,26.710489260746158,0,1,0,0,1,27.711643807087583,0,0,0,0,0,7.8252320236907307e-06,0.074324999999999988,114,0,59.890483170763922,0.074324999999999988,114,-0.1411352603670015
twozone_apartment_hydronic,207,twozone_apartment_hydronic:day207,4,zone_drift_negative,tuned_rule_based,192,144,9,0a2901eae9dfbd937b90f0c7dd130b47f1c099b1a386b5d7d8079daa6d2549a9,02e2fe5e1851fe4b520eb3818c1f48532497993f88e772f4f23fe34532072e14,0,36.57740321427805,0,0.55555555555555558,0.44444444444444442,0,4,37.477138034785909,0,0,0,0,0,6.81851061365506e-06,0.074324999999999988,114,0,59.890483170763922,0.074324999999999988,114,-0.098304145333236892
twozone_apartment_hydronic,207,twozone_apartment_hydronic:day207,4,zone_drift_positive,constant_zero,192,144,0,0a2901eae9dfbd937b90f0c7dd130b47f1c099b1a386b5d7d8079daa6d2549a9,02e2fe5e1851fe4b520eb3818c1f48532497993f88e772f4f23fe34532072e14,0,59.068658859654477,0,0,1,0,0,59.890483170763922,0,0,0,0,0,6.7165620525331253e-06,0.074324999999999988,114,0,59.890483170763922,0.074324999999999988,114,0
twozone_apartment_hydronic,207,twozone_apartment_hydronic:day207,4,zone_drift_positive,deterministic_wm,192,144,9,0a2901eae9dfbd937b90f0c7dd130b47f1c099b1a386b5d7d8079daa6d2549a9,02e2fe5e1851fe4b520eb3818c1f48532497993f88e772f4f23fe34532072e14,0,28.412934005226276,0,0.88888888888888884,0.1111111111111111,0,3,29.400156713716903,0,0,0,0,0,1.7814772152637171e-05,0.074324999999999988,114,0,59.890483170763922,0.074324999999999988,114,-0.13372950200459219
twozone_apartment_hydronic,207,twozone_apartment_hydronic:day207,4,zone_drift_positive,direct_h8_rssm,192,144,9,0a2901eae9dfbd937b90f0c7dd130b47f1c099b1a386b5d7d8079daa6d2549a9,02e2fe5e1851fe4b520eb3818c1f48532497993f88e772f4f23fe34532072e14,0,51.488486985914406,0,0.33333333333333331,0,0.66666666666666663,3,52.337276480295557,0,0,0,0,0,3.0589809661829723e-05,0.074324999999999988,114,0,59.890483170763922,0.074324999999999988,114,-0.033128099519598088
twozone_apartment_hydronic,207,twozone_apartment_hydronic:day207,4,zone_drift_positive,legacy_rssm,192,144,9,0a2901eae9dfbd937b90f0c7dd130b47f1c099b1a386b5d7d8079daa6d2549a9,02e2fe5e1851fe4b520eb3818c1f48532497993f88e772f4f23fe34532072e14,0,31.693058265784231,0,0.77777777777777779,0.22222222222222221,0,3,32.696291205696376,0,0,0,0,0,2.948969030463467e-05,0.074324999999999988,114,0,59.890483170763922,0.074324999999999988,114,-0.11927277177661204
twozone_apartment_hydronic,207,twozone_apartment_hydronic:day207,4,zone_drift_positive,rc_supervisory_selector,192,144,9,0a2901eae9dfbd937b90f0c7dd130b47f1c099b1a386b5d7d8079daa6d2549a9,02e2fe5e1851fe4b520eb3818c1f48532497993f88e772f4f23fe34532072e14,0,26.710489260746158,0,1,0,0,1,27.711643807087583,0,0,0,0,0,7.4905930319936422e-06,0.074324999999999988,114,0,59.890483170763922,0.074324999999999988,114,-0.1411352603670015
twozone_apartment_hydronic,207,twozone_apartment_hydronic:day207,4,zone_drift_positive,tuned_rule_based,192,144,9,0a2901eae9dfbd937b90f0c7dd130b47f1c099b1a386b5d7d8079daa6d2549a9,02e2fe5e1851fe4b520eb3818c1f48532497993f88e772f4f23fe34532072e14,0,36.57740321427805,0,0.55555555555555558,0.44444444444444442,0,4,37.477138034785909,0,0,0,0,0,6.7259060081317721e-06,0.074324999999999988,114,0,59.890483170763922,0.074324999999999988,114,-0.098304145333236892
twozone_apartment_hydronic,207,twozone_apartment_hydronic:day207,4,zone_stuck,constant_zero,192,144,0,0a2901eae9dfbd937b90f0c7dd130b47f1c099b1a386b5d7d8079daa6d2549a9,02e2fe5e1851fe4b520eb3818c1f48532497993f88e772f4f23fe34532072e14,0,59.068658859654477,0,0,1,0,0,59.890483170763922,0,0,0,0,0,6.7949586305734797e-06,0.074324999999999988,114,0,59.890483170763922,0.074324999999999988,114,0
twozone_apartment_hydronic,207,twozone_apartment_hydronic:day207,4,zone_stuck,deterministic_wm,192,144,9,0a2901eae9dfbd937b90f0c7dd130b47f1c099b1a386b5d7d8079daa6d2549a9,02e2fe5e1851fe4b520eb3818c1f48532497993f88e772f4f23fe34532072e14,0,29.785087489341706,0,0.77777777777777779,0.22222222222222221,0,3,30.770437319445438,0,0,0,0,0,1.5877738395633219e-05,0.074324999999999988,114,0,59.890483170763922,0.074324999999999988,114,-0.12771949934788809
twozone_apartment_hydronic,207,twozone_apartment_hydronic:day207,4,zone_stuck,direct_h8_rssm,192,144,9,0a2901eae9dfbd937b90f0c7dd130b47f1c099b1a386b5d7d8079daa6d2549a9,02e2fe5e1851fe4b520eb3818c1f48532497993f88e772f4f23fe34532072e14,0,51.488486985914406,0,0.33333333333333331,0,0.66666666666666663,3,52.337276480295557,0,0,0,0,0,3.0720670809920548e-05,0.074324999999999988,114,0,59.890483170763922,0.074324999999999988,114,-0.033128099519598088
twozone_apartment_hydronic,207,twozone_apartment_hydronic:day207,4,zone_stuck,legacy_rssm,192,144,9,0a2901eae9dfbd937b90f0c7dd130b47f1c099b1a386b5d7d8079daa6d2549a9,02e2fe5e1851fe4b520eb3818c1f48532497993f88e772f4f23fe34532072e14,0,31.693058265784231,0,0.77777777777777779,0.22222222222222221,0,3,32.696291205696376,0,0,0,0,0,3.0302785037907838e-05,0.074324999999999988,114,0,59.890483170763922,0.074324999999999988,114,-0.11927277177661204
twozone_apartment_hydronic,207,twozone_apartment_hydronic:day207,4,zone_stuck,rc_supervisory_selector,192,144,9,0a2901eae9dfbd937b90f0c7dd130b47f1c099b1a386b5d7d8079daa6d2549a9,02e2fe5e1851fe4b520eb3818c1f48532497993f88e772f4f23fe34532072e14,0,26.710489260746158,0,1,0,0,1,27.711643807087583,0,0,0,0,0,7.8351155070803616e-06,0.074324999999999988,114,0,59.890483170763922,0.074324999999999988,114,-0.1411352603670015
twozone_apartment_hydronic,207,twozone_apartment_hydronic:day207,4,zone_stuck,tuned_rule_based,192,144,9,0a2901eae9dfbd937b90f0c7dd130b47f1c099b1a386b5d7d8079daa6d2549a9,02e2fe5e1851fe4b520eb3818c1f48532497993f88e772f4f23fe34532072e14,0,36.57740321427805,0,0.55555555555555558,0.44444444444444442,0,4,37.477138034785909,0,0,0,0,0,6.7386854658853591e-06,0.074324999999999988,114,0,59.890483170763922,0.074324999999999988,114,-0.098304145333236892
twozone_apartment_hydronic,234,twozone_apartment_hydronic:day234,4,clean,constant_zero,192,144,0,daf5a90b31f8fa5043f1865cf9d7ba95c541fd677e2076dbfea79917df0526b5,7e2d3eb818c80e9e1cad5ef673b633f916c6b18ecae1b489dbc5b8f4b01093b9,2.6803908480177486e-34,80.509510250729903,1.2518142910760072e-33,0,1,0,0,85.265385740098324,0,6.1133670787855845e-36,1.2738927056992124e-36,1.9073705285811016e-36,1.5272352341525562e-35,6.537484595635521e-06,0.074324999999999988,104,1.2738927056992124e-36,85.265385740098324,0.074324999999999988,104,0
twozone_apartment_hydronic,234,twozone_apartment_hydronic:day234,4,clean,deterministic_wm,192,144,9,daf5a90b31f8fa5043f1865cf9d7ba95c541fd677e2076dbfea79917df0526b5,7e2d3eb818c80e9e1cad5ef673b633f916c6b18ecae1b489dbc5b8f4b01093b9,6.5485331391338762e-35,51.028089062093841,2.9809980206720911e-34,0.77777777777777779,0.22222222222222221,0,3,55.934166973264148,0,-2.4239135876371016e-36,-4.1368839164682717e-37,-7.5626103934277606e-37,4.1530750868504498e-36,1.6637945535780732e-05,0.074324999999999988,104,1.2738927056992124e-36,85.265385740098324,0.074324999999999988,104,-0.14101547484054894
twozone_apartment_hydronic,234,twozone_apartment_hydronic:day234,4,clean,direct_h8_rssm,192,144,9,daf5a90b31f8fa5043f1865cf9d7ba95c541fd677e2076dbfea79917df0526b5,7e2d3eb818c80e9e1cad5ef673b633f916c6b18ecae1b489dbc5b8f4b01093b9,1.601995917891258e-34,71.708602500025449,7.3108095737883011e-34,0.33333333333333331,0.1111111111111111,0.55555555555555558,4,76.494828621455142,0,-4.6764421570483479e-36,-8.8793847529954274e-37,-1.4590499529990847e-36,4.3217919910299351e-36,3.1626669732271891e-05,0.074324999999999988,104,1.2738927056992124e-36,85.265385740098324,0.074324999999999988,104,-0.042166139993476841
twozone_apartment_hydronic,234,twozone_apartment_hydronic:day234,4,clean,legacy_rssm,192,144,9,daf5a90b31f8fa5043f1865cf9d7ba95c541fd677e2076dbfea79917df0526b5,7e2d3eb818c80e9e1cad5ef673b633f916c6b18ecae1b489dbc5b8f4b01093b9,7.6732936131003589e-35,54.52439691098779,3.4904695029407738e-34,0.77777777777777779,0.22222222222222221,0,4,59.354937888819116,0,-1.755722961857645e-36,-2.0801551812889011e-37,-5.4778556409958542e-37,8.3526105941152708e-36,3.1773608531141915e-05,0.074324999999999988,104,1.2738927056992124e-36,85.265385740098324,0.074324999999999988,104,-0.12456946082345774
twozone_apartment_hydronic,234,twozone_apartment_hydronic:day234,4,clean,rc_supervisory_selector,192,144,9,daf5a90b31f8fa5043f1865cf9d7ba95c541fd677e2076dbfea79917df0526b5,7e2d3eb818c80e9e1cad5ef673b633f916c6b18ecae1b489dbc5b8f4b01093b9,8.9974602796483806e-35,49.111760436433428,4.2798838808677401e-34,0.88888888888888884,0.1111111111111111,0,3,54.027149601448556,0,-5.6928936407875627e-36,-1.1199938342110506e-36,-1.7761828159257197e-36,2.655017616315838e-36,8.0507768316973499e-06,0.074324999999999988,104,1.2738927056992124e-36,85.265385740098324,0.074324999999999988,104,-0.15018382758966234
twozone_apartment_hydronic,234,twozone_apartment_hydronic:day234,4,clean,tuned_rule_based,192,144,9,daf5a90b31f8fa5043f1865cf9d7ba95c541fd677e2076dbfea79917df0526b5,7e2d3eb818c80e9e1cad5ef673b633f916c6b18ecae1b489dbc5b8f4b01093b9,6.4425266532022295e-35,58.431265620248666,2.9402046330306288e-34,0.55555555555555558,0.44444444444444442,0,4,63.266111987751884,0,-7.9190045288148257e-36,-1.5178024620533233e-36,-2.470729412990226e-36,4.0594911756162016e-36,7.021682355347035e-06,0.074324999999999988,104,1.2738927056992124e-36,85.265385740098324,0.074324999999999988,104,-0.10576573919397327
twozone_apartment_hydronic,234,twozone_apartment_hydronic:day234,4,zone_bias_negative,constant_zero,192,144,0,daf5a90b31f8fa5043f1865cf9d7ba95c541fd677e2076dbfea79917df0526b5,7e2d3eb818c80e9e1cad5ef673b633f916c6b18ecae1b489dbc5b8f4b01093b9,2.6803908480177486e-34,80.509510250729903,1.2518142910760072e-33,0,1,0,0,85.265385740098324,0,6.1133670787855845e-36,1.2738927056992124e-36,1.9073705285811016e-36,1.5272352341525562e-35,6.7113207272834171e-06,0.074324999999999988,104,1.2738927056992124e-36,85.265385740098324,0.074324999999999988,104,0
twozone_apartment_hydronic,234,twozone_apartment_hydronic:day234,4,zone_bias_negative,deterministic_wm,192,144,9,daf5a90b31f8fa5043f1865cf9d7ba95c541fd677e2076dbfea79917df0526b5,7e2d3eb818c80e9e1cad5ef673b633f916c6b18ecae1b489dbc5b8f4b01093b9,6.4571429008754775e-35,55.458452135312356,2.9478973949639174e-34,0.66666666666666663,0.33333333333333331,0,3,60.383917642238757,0,-7.8880356925515649e-36,-1.5119183831633037e-36,-2.4610671360760882e-36,4.0594911756162016e-36,1.704345822958422e-05,0.074324999999999988,104,1.2738927056992124e-36,85.265385740098324,0.074324999999999988,104,-0.119622442778171
twozone_apartment_hydronic,234,twozone_apartment_hydronic:day234,4,zone_bias_negative,direct_h8_rssm,192,144,9,daf5a90b31f8fa5043f1865cf9d7ba95c541fd677e2076dbfea79917df0526b5,7e2d3eb818c80e9e1cad5ef673b633f916c6b18ecae1b489dbc5b8f4b01093b9,1.5760771534333485e-34,67.510767185363946,7.2839795473570148e-34,0.44444444444444442,0,0.55555555555555558,3,72.301776932297344,0,-2.036830645526788e-35,-3.9036476096546776e-36,-6.3549116140435787e-36,3.9012517263987576e-36,3.0485164848713765e-05,0.074324999999999988,104,1.2738927056992124e-36,85.265385740098324,0.074324999999999988,104,-0.062325042345197021
twozone_apartment_hydronic,234,twozone_apartment_hydronic:day234,4,zone_bias_negative,legacy_rssm,192,144,9,daf5a90b31f8fa5043f1865cf9d7ba95c541fd677e2076dbfea79917df0526b5,7e2d3eb818c80e9e1cad5ef673b633f916c6b18ecae1b489dbc5b8f4b01093b9,7.6732936131003589e-35,54.52439691098779,3.4904695029407738e-34,0.77777777777777779,0.22222222222222221,0,4,59.354937888819116,0,-1.755722961857645e-36,-2.0801551812889011e-37,-5.4778556409958542e-37,8.3526105941152708e-36,3.0473682199403807e-05,0.074324999999999988,104,1.2738927056992124e-36,85.265385740098324,0.074324999999999988,104,-0.12456946082345774
twozone_apartment_hydronic,234,twozone_apartment_hydronic:day234,4,zone_bias_negative,rc_supervisory_selector,192,144,9,daf5a90b31f8fa5043f1865cf9d7ba95c541fd677e2076dbfea79917df0526b5,7e2d3eb818c80e9e1cad5ef673b633f916c6b18ecae1b489dbc5b8f4b01093b9,2.4144417830373369e-34,47.544994820454818,1.1871844927876599e-33,1,0,0,1,52.482571174726019,0,-8.7059618517974666e-36,-1.6957190553127058e-36,-2.7162600977608101e-36,2.655017616315838e-36,7.8178367481597841e-06,0.074324999999999988,104,1.2738927056992124e-36,85.265385740098324,0.074324999999999988,104,-0.15760968541044379
twozone_apartment_hydronic,234,twozone_apartment_hydronic:day234,4,zone_bias_negative,tuned_rule_based,192,144,9,daf5a90b31f8fa5043f1865cf9d7ba95c541fd677e2076dbfea79917df0526b5,7e2d3eb818c80e9e1cad5ef673b633f916c6b18ecae1b489dbc5b8f4b01093b9,6.4425266532022295e-35,58.431265620248666,2.9402046330306288e-34,0.55555555555555558,0.44444444444444442,0,4,63.266111987751884,0,-7.9190045288148257e-36,-1.5178024620533233e-36,-2.470729412990226e-36,4.0594911756162016e-36,6.8707726874137892e-06,0.074324999999999988,104,1.2738927056992124e-36,85.265385740098324,0.074324999999999988,104,-0.10576573919397327
twozone_apartment_hydronic,234,twozone_apartment_hydronic:day234,4,zone_bias_positive,constant_zero,192,144,0,daf5a90b31f8fa5043f1865cf9d7ba95c541fd677e2076dbfea79917df0526b5,7e2d3eb818c80e9e1cad5ef673b633f916c6b18ecae1b489dbc5b8f4b01093b9,2.6803908480177486e-34,80.509510250729903,1.2518142910760072e-33,0,1,0,0,85.265385740098324,0,6.1133670787855845e-36,1.2738927056992124e-36,1.9073705285811016e-36,1.5272352341525562e-35,6.6757784672016451e-06,0.074324999999999988,104,1.2738927056992124e-36,85.265385740098324,0.074324999999999988,104,0
twozone_apartment_hydronic,234,twozone_apartment_hydronic:day234,4,zone_bias_positive,deterministic_wm,192,144,9,daf5a90b31f8fa5043f1865cf9d7ba95c541fd677e2076dbfea79917df0526b5,7e2d3eb818c80e9e1cad5ef673b633f916c6b18ecae1b489dbc5b8f4b01093b9,1.2224722769630811e-34,49.431092245395718,5.5749795597350214e-34,0.88888888888888884,0.1111111111111111,0,3,54.354146425065458,0,-5.6125894189211143e-36,-1.1010778375223267e-36,-1.7511278987033878e-36,2.7537138627894332e-36,1.6234400939497579e-05,0.074324999999999988,104,1.2738927056992124e-36,85.265385740098324,0.074324999999999988,104,-0.14861172747611956
twozone_apartment_hydronic,234,twozone_apartment_hydronic:day234,4,zone_bias_positive,direct_h8_rssm,192,144,9,daf5a90b31f8fa5043f1865cf9d7ba95c541fd677e2076dbfea79917df0526b5,7e2d3eb818c80e9e1cad5ef673b633f916c6b18ecae1b489dbc5b8f4b01093b9,1.601995917891258e-34,71.708602500025449,7.3108095737883011e-34,0.33333333333333331,0,0.66666666666666663,3,76.494828621455142,0,-4.6764421570483479e-36,-8.8793847529954274e-37,-1.4590499529990847e-36,4.3217919910299351e-36,3.2697135865376264e-05,0.074324999999999988,104,1.2738927056992124e-36,85.265385740098324,0.074324999999999988,104,-0.042166139993476841
twozone_apartment_hydronic,234,twozone_apartment_hydronic:day234,4,zone_bias_positive,legacy_rssm,192,144,9,daf5a90b31f8fa5043f1865cf9d7ba95c541fd677e2076dbfea79917df0526b5,7e2d3eb818c80e9e1cad5ef673b633f916c6b18ecae1b489dbc5b8f4b01093b9,7.6732936131003589e-35,54.52439691098779,3.4904695029407738e-34,0.77777777777777779,0.22222222222222221,0,4,59.354937888819116,0,-1.755722961857645e-36,-2.0801551812889011e-37,-5.4778556409958542e-37,8.3526105941152708e-36,3.1111222356471161e-05,0.074324999999999988,104,1.2738927056992124e-36,85.265385740098324,0.074324999999999988,104,-0.12456946082345774
twozone_apartment_hydronic,234,twozone_apartment_hydronic:day234,4,zone_bias_positive,rc_supervisory_selector,192,144,9,daf5a90b31f8fa5043f1865cf9d7ba95c541fd677e2076dbfea79917df0526b5,7e2d3eb818c80e9e1cad5ef673b633f916c6b18ecae1b489dbc5b8f4b01093b9,2.4144417830373369e-34,47.544994820454818,1.1871844927876599e-33,1,0,0,1,52.482571174726019,0,-8.7059618517974666e-36,-1.6957190553127058e-36,-2.7162600977608101e-36,2.655017616315838e-36,7.5352739774605238e-06,0.074324999999999988,104,1.2738927056992124e-36,85.265385740098324,0.074324999999999988,104,-0.15760968541044379
twozone_apartment_hydronic,234,twozone_apartment_hydronic:day234,4,zone_bias_positive,tuned_rule_based,192,144,9,daf5a90b31f8fa5043f1865cf9d7ba95c541fd677e2076dbfea79917df0526b5,7e2d3eb818c80e9e1cad5ef673b633f916c6b18ecae1b489dbc5b8f4b01093b9,6.4425266532022295e-35,58.431265620248666,2.9402046330306288e-34,0.55555555555555558,0.44444444444444442,0,4,63.266111987751884,0,-7.9190045288148257e-36,-1.5178024620533233e-36,-2.470729412990226e-36,4.0594911756162016e-36,6.6113152983855744e-06,0.074324999999999988,104,1.2738927056992124e-36,85.265385740098324,0.074324999999999988,104,-0.10576573919397327
twozone_apartment_hydronic,234,twozone_apartment_hydronic:day234,4,zone_drift_negative,constant_zero,192,144,0,daf5a90b31f8fa5043f1865cf9d7ba95c541fd677e2076dbfea79917df0526b5,7e2d3eb818c80e9e1cad5ef673b633f916c6b18ecae1b489dbc5b8f4b01093b9,2.6803908480177486e-34,80.509510250729903,1.2518142910760072e-33,0,1,0,0,85.265385740098324,0,6.1133670787855845e-36,1.2738927056992124e-36,1.9073705285811016e-36,1.5272352341525562e-35,6.6044831289809546e-06,0.074324999999999988,104,1.2738927056992124e-36,85.265385740098324,0.074324999999999988,104,0
twozone_apartment_hydronic,234,twozone_apartment_hydronic:day234,4,zone_drift_negative,deterministic_wm,192,144,9,daf5a90b31f8fa5043f1865cf9d7ba95c541fd677e2076dbfea79917df0526b5,7e2d3eb818c80e9e1cad5ef673b633f916c6b18ecae1b489dbc5b8f4b01093b9,6.5485331391338762e-35,51.028089062093841,2.9809980206720911e-34,0.77777777777777779,0.22222222222222221,0,3,55.934166973264148,0,-2.4239135876371016e-36,-4.1368839164682717e-37,-7.5626103934277606e-37,4.1530750868504498e-36,1.607993094292819e-05,0.074324999999999988,104,1.2738927056992124e-36,85.265385740098324,0.074324999999999988,104,-0.14101547484054894
twozone_apartment_hydronic,234,twozone_apartment_hydronic:day234,4,zone_drift_negative,direct_h8_rssm,192,144,9,daf5a90b31f8fa5043f1865cf9d7ba95c541fd677e2076dbfea79917df0526b5,7e2d3eb818c80e9e1cad5ef673b633f916c6b18ecae1b489dbc5b8f4b01093b9,1.5760771534333485e-34,67.510767185363946,7.2839795473570148e-34,0.44444444444444442,0,0.55555555555555558,3,72.301776932297344,0,-2.036830645526788e-35,-3.9036476096546776e-36,-6.3549116140435787e-36,3.9012517263987576e-36,3.0517465781166915e-05,0.074324999999999988,104,1.2738927056992124e-36,85.265385740098324,0.074324999999999988,104,-0.062325042345197021
twozone_apartment_hydronic,234,twozone_apartment_hydronic:day234,4,zone_drift_negative,legacy_rssm,192,144,9,daf5a90b31f8fa5043f1865cf9d7ba95c541fd677e2076dbfea79917df0526b5,7e2d3eb818c80e9e1cad5ef673b633f916c6b18ecae1b489dbc5b8f4b01093b9,7.6732936131003589e-35,54.52439691098779,3.4904695029407738e-34,0.77777777777777779,0.22222222222222221,0,4,59.354937888819116,0,-1.755722961857645e-36,-2.0801551812889011e-37,-5.4778556409958542e-37,8.3526105941152708e-36,3.0353407723880078e-05,0.074324999999999988,104,1.2738927056992124e-36,85.265385740098324,0.074324999999999988,104,-0.12456946082345774
twozone_apartment_hydronic,234,twozone_apartment_hydronic:day234,4,zone_drift_negative,rc_supervisory_selector,192,144,9,daf5a90b31f8fa5043f1865cf9d7ba95c541fd677e2076dbfea79917df0526b5,7e2d3eb818c80e9e1cad5ef673b633f916c6b18ecae1b489dbc5b8f4b01093b9,7.6741818280057663e-35,51.533983104557606,3.4909369844699356e-34,0.88888888888888884,0.1111111111111111,0,3,56.455429880545466,0,-1.7405264510250599e-36,-2.0512818107069895e-37,-5.43044252719819e-37,8.3526105941152708e-36,7.664768969062596e-06,0.074324999999999988,104,1.2738927056992124e-36,85.265385740098324,0.074324999999999988,104,-0.13850940317092719
twozone_apartment_hydronic,234,twozone_apartment_hydronic:day234,4,zone_drift_negative,tuned_rule_based,192,144,9,daf5a90b31f8fa5043f1865cf9d7ba95c541fd677e2076dbfea79917df0526b5,7e2d3eb818c80e9e1cad5ef673b633f916c6b18ecae1b489dbc5b8f4b01093b9,6.4425266532022295e-35,58.431265620248666,2.9402046330306288e-34,0.55555555555555558,0.44444444444444442,0,4,63.266111987751884,0,-7.9190045288148257e-36,-1.5178024620533233e-36,-2.470729412990226e-36,4.0594911756162016e-36,6.573076786309777e-06,0.074324999999999988,104,1.2738927056992124e-36,85.265385740098324,0.074324999999999988,104,-0.10576573919397327
twozone_apartment_hydronic,234,twozone_apartment_hydronic:day234,4,zone_drift_positive,constant_zero,192,144,0,daf5a90b31f8fa5043f1865cf9d7ba95c541fd677e2076dbfea79917df0526b5,7e2d3eb818c80e9e1cad5ef673b633f916c6b18ecae1b489dbc5b8f4b01093b9,2.6803908480177486e-34,80.509510250729903,1.2518142910760072e-33,0,1,0,0,85.265385740098324,0,6.1133670787855845e-36,1.2738927056992124e-36,1.9073705285811016e-36,1.5272352341525562e-35,6.6198881037225543e-06,0.074324999999999988,104,1.2738927056992124e-36,85.265385740098324,0.074324999999999988,104,0
twozone_apartment_hydronic,234,twozone_apartment_hydronic:day234,4,zone_drift_positive,deterministic_wm,192,144,9,daf5a90b31f8fa5043f1865cf9d7ba95c541fd677e2076dbfea79917df0526b5,7e2d3eb818c80e9e1cad5ef673b633f916c6b18ecae1b489dbc5b8f4b01093b9,1.2224722769630811e-34,49.431092245395718,5.5749795597350214e-34,0.88888888888888884,0.1111111111111111,0,3,54.354146425065458,0,-5.6125894189211143e-36,-1.1010778375223267e-36,-1.7511278987033878e-36,2.7537138627894332e-36,1.6805522312876651e-05,0.074324999999999988,104,1.2738927056992124e-36,85.265385740098324,0.074324999999999988,104,-0.14861172747611956
twozone_apartment_hydronic,234,twozone_apartment_hydronic:day234,4,zone_drift_positive,direct_h8_rssm,192,144,9,daf5a90b31f8fa5043f1865cf9d7ba95c541fd677e2076dbfea79917df0526b5,7e2d3eb818c80e9e1cad5ef673b633f916c6b18ecae1b489dbc5b8f4b01093b9,1.601995917891258e-34,71.708602500025449,7.3108095737883011e-34,0.33333333333333331,0,0.66666666666666663,3,76.494828621455142,0,-4.6764421570483479e-36,-8.8793847529954274e-37,-1.4590499529990847e-36,4.3217919910299351e-36,3.1177817284194033e-05,0.074324999999999988,104,1.2738927056992124e-36,85.265385740098324,0.074324999999999988,104,-0.042166139993476841
twozone_apartment_hydronic,234,twozone_apartment_hydronic:day234,4,zone_drift_positive,legacy_rssm,192,144,9,daf5a90b31f8fa5043f1865cf9d7ba95c541fd677e2076dbfea79917df0526b5,7e2d3eb818c80e9e1cad5ef673b633f916c6b18ecae1b489dbc5b8f4b01093b9,7.6732936131003589e-35,54.52439691098779,3.4904695029407738e-34,0.77777777777777779,0.22222222222222221,0,4,59.354937888819116,0,-1.755722961857645e-36,-2.0801551812889011e-37,-5.4778556409958542e-37,8.3526105941152708e-36,3.0229226179494633e-05,0.074324999999999988,104,1.2738927056992124e-36,85.265385740098324,0.074324999999999988,104,-0.12456946082345774
twozone_apartment_hydronic,234,twozone_apartment_hydronic:day234,4,zone_drift_positive,rc_supervisory_selector,192,144,9,daf5a90b31f8fa5043f1865cf9d7ba95c541fd677e2076dbfea79917df0526b5,7e2d3eb818c80e9e1cad5ef673b633f916c6b18ecae1b489dbc5b8f4b01093b9,2.4144417830373369e-34,47.544994820454818,1.1871844927876599e-33,1,0,0,1,52.482571174726019,0,-8.7059618517974666e-36,-1.6957190553127058e-36,-2.7162600977608101e-36,2.655017616315838e-36,7.9641098057967137e-06,0.074324999999999988,104,1.2738927056992124e-36,85.265385740098324,0.074324999999999988,104,-0.15760968541044379
twozone_apartment_hydronic,234,twozone_apartment_hydronic:day234,4,zone_drift_positive,tuned_rule_based,192,144,9,daf5a90b31f8fa5043f1865cf9d7ba95c541fd677e2076dbfea79917df0526b5,7e2d3eb818c80e9e1cad5ef673b633f916c6b18ecae1b489dbc5b8f4b01093b9,6.4425266532022295e-35,58.431265620248666,2.9402046330306288e-34,0.55555555555555558,0.44444444444444442,0,4,63.266111987751884,0,-7.9190045288148257e-36,-1.5178024620533233e-36,-2.470729412990226e-36,4.0594911756162016e-36,6.8685632586964628e-06,0.074324999999999988,104,1.2738927056992124e-36,85.265385740098324,0.074324999999999988,104,-0.10576573919397327
twozone_apartment_hydronic,234,twozone_apartment_hydronic:day234,4,zone_stuck,constant_zero,192,144,0,daf5a90b31f8fa5043f1865cf9d7ba95c541fd677e2076dbfea79917df0526b5,7e2d3eb818c80e9e1cad5ef673b633f916c6b18ecae1b489dbc5b8f4b01093b9,2.6803908480177486e-34,80.509510250729903,1.2518142910760072e-33,0,1,0,0,85.265385740098324,0,6.1133670787855845e-36,1.2738927056992124e-36,1.9073705285811016e-36,1.5272352341525562e-35,6.7304108571423717e-06,0.074324999999999988,104,1.2738927056992124e-36,85.265385740098324,0.074324999999999988,104,0
twozone_apartment_hydronic,234,twozone_apartment_hydronic:day234,4,zone_stuck,deterministic_wm,192,144,9,daf5a90b31f8fa5043f1865cf9d7ba95c541fd677e2076dbfea79917df0526b5,7e2d3eb818c80e9e1cad5ef673b633f916c6b18ecae1b489dbc5b8f4b01093b9,1.2224722769630811e-34,49.431092245395718,5.5749795597350214e-34,0.88888888888888884,0.1111111111111111,0,3,54.354146425065458,0,-5.6125894189211143e-36,-1.1010778375223267e-36,-1.7511278987033878e-36,2.7537138627894332e-36,1.6418510290548645e-05,0.074324999999999988,104,1.2738927056992124e-36,85.265385740098324,0.074324999999999988,104,-0.14861172747611956
twozone_apartment_hydronic,234,twozone_apartment_hydronic:day234,4,zone_stuck,direct_h8_rssm,192,144,9,daf5a90b31f8fa5043f1865cf9d7ba95c541fd677e2076dbfea79917df0526b5,7e2d3eb818c80e9e1cad5ef673b633f916c6b18ecae1b489dbc5b8f4b01093b9,1.601995917891258e-34,71.708602500025449,7.3108095737883011e-34,0.33333333333333331,0,0.66666666666666663,3,76.494828621455142,0,-4.6764421570483479e-36,-8.8793847529954274e-37,-1.4590499529990847e-36,4.3217919910299351e-36,3.0983512383550314e-05,0.074324999999999988,104,1.2738927056992124e-36,85.265385740098324,0.074324999999999988,104,-0.042166139993476841
twozone_apartment_hydronic,234,twozone_apartment_hydronic:day234,4,zone_stuck,legacy_rssm,192,144,9,daf5a90b31f8fa5043f1865cf9d7ba95c541fd677e2076dbfea79917df0526b5,7e2d3eb818c80e9e1cad5ef673b633f916c6b18ecae1b489dbc5b8f4b01093b9,7.6732936131003589e-35,54.52439691098779,3.4904695029407738e-34,0.77777777777777779,0.22222222222222221,0,4,59.354937888819116,0,-1.755722961857645e-36,-2.0801551812889011e-37,-5.4778556409958542e-37,8.3526105941152708e-36,2.9691372450317594e-05,0.074324999999999988,104,1.2738927056992124e-36,85.265385740098324,0.074324999999999988,104,-0.12456946082345774
twozone_apartment_hydronic,234,twozone_apartment_hydronic:day234,4,zone_stuck,rc_supervisory_selector,192,144,9,daf5a90b31f8fa5043f1865cf9d7ba95c541fd677e2076dbfea79917df0526b5,7e2d3eb818c80e9e1cad5ef673b633f916c6b18ecae1b489dbc5b8f4b01093b9,2.4144417830373369e-34,47.544994820454818,1.1871844927876599e-33,1,0,0,1,52.482571174726019,0,-8.7059618517974666e-36,-1.6957190553127058e-36,-2.7162600977608101e-36,2.655017616315838e-36,7.8684108905004434e-06,0.074324999999999988,104,1.2738927056992124e-36,85.265385740098324,0.074324999999999988,104,-0.15760968541044379
twozone_apartment_hydronic,234,twozone_apartment_hydronic:day234,4,zone_stuck,tuned_rule_based,192,144,9,daf5a90b31f8fa5043f1865cf9d7ba95c541fd677e2076dbfea79917df0526b5,7e2d3eb818c80e9e1cad5ef673b633f916c6b18ecae1b489dbc5b8f4b01093b9,6.4425266532022295e-35,58.431265620248666,2.9402046330306288e-34,0.55555555555555558,0.44444444444444442,0,4,63.266111987751884,0,-7.9190045288148257e-36,-1.5178024620533233e-36,-2.470729412990226e-36,4.0594911756162016e-36,6.9712080741913385e-06,0.074324999999999988,104,1.2738927056992124e-36,85.265385740098324,0.074324999999999988,104,-0.10576573919397327
twozone_apartment_hydronic,243,twozone_apartment_hydronic:day243,4,clean,constant_zero,192,144,0,634541f90ccd33a19e107a23dac59f73bb7a95c2e69ee1668ab505bd53d10f0e,aaba3ee31ee7c91f018f7aa523f8068fdd6f440aa59eb6eaf55b2df3b2ddd304,3.9429127875610745e-34,60.494378916747294,1.8247439726245349e-33,0,1,0,0,62.5117964661492,0,-4.3117283893721416e-35,-9.578709433920265e-36,-1.3452592574841082e-35,2.117022899399498e-35,6.7790169019626979e-06,0.074324999999999988,144,-9.578709433920265e-36,62.5117964661492,0.074324999999999988,144,0
twozone_apartment_hydronic,243,twozone_apartment_hydronic:day243,4,clean,deterministic_wm,192,144,9,634541f90ccd33a19e107a23dac59f73bb7a95c2e69ee1668ab505bd53d10f0e,aaba3ee31ee7c91f018f7aa523f8068fdd6f440aa59eb6eaf55b2df3b2ddd304,1.6257961596425336e-34,29.418561777488151,7.4027199233472059e-34,0.77777777777777779,0.22222222222222221,0,3,31.590005582716962,0,-3.8919898113393813e-35,-8.5450658249408978e-36,-1.2143008211378869e-35,2.117022899399498e-35,1.6344685135642201e-05,0.074324999999999988,144,-9.578709433920265e-36,62.5117964661492,0.074324999999999988,144,-0.10736732945636193
twozone_apartment_hydronic,243,twozone_apartment_hydronic:day243,4,clean,direct_h8_rssm,192,144,9,634541f90ccd33a19e107a23dac59f73bb7a95c2e69ee1668ab505bd53d10f0e,aaba3ee31ee7c91f018f7aa523f8068fdd6f440aa59eb6eaf55b2df3b2ddd304,1.2899305511784936e-33,50.256759802110111,5.8639868766156049e-33,0.33333333333333331,0.1111111111111111,0.55555555555555558,4,52.327195260233253,0,2.0639947417022035e-35,4.5542707428487013e-36,6.4396635941108744e-36,9.4878709572302541e-35,3.1482876560728239e-05,0.074324999999999988,144,-9.578709433920265e-36,62.5117964661492,0.074324999999999988,144,-0.03536319863165259
twozone_apartment_hydronic,243,twozone_apartment_hydronic:day243,4,clean,legacy_rssm,192,144,9,634541f90ccd33a19e107a23dac59f73bb7a95c2e69ee1668ab505bd53d10f0e,aaba3ee31ee7c91f018f7aa523f8068fdd6f440aa59eb6eaf55b2df3b2ddd304,1.1839880363587669e-34,32.728018678606006,5.4175808875096143e-34,0.77777777777777779,0.1111111111111111,0.1111111111111111,5,34.901188409004007,0,-4.0378386377865401e-35,-8.8813008068261648e-36,-1.2598056549894003e-35,2.117022899399498e-35,3.0994042190720408e-05,0.074324999999999988,144,-9.578709433920265e-36,62.5117964661492,0.074324999999999988,144,-0.095870166865087481
twozone_apartment_hydronic,243,twozone_apartment_hydronic:day243,4,clean,rc_supervisory_selector,192,144,9,634541f90ccd33a19e107a23dac59f73bb7a95c2e69ee1668ab505bd53d10f0e,aaba3ee31ee7c91f018f7aa523f8068fdd6f440aa59eb6eaf55b2df3b2ddd304,4.6655760949375794e-34,33.495481769504579,2.1220346959349448e-33,0.66666666666666663,0.33333333333333331,0,3,35.640654053612778,0,-2.8412085026804683e-35,-6.2358983400020013e-36,-8.8645705283630583e-36,2.4810175007649966e-35,7.8861764726977224e-06,0.074324999999999988,144,-9.578709433920265e-36,62.5117964661492,0.074324999999999988,144,-0.09330257782130702
twozone_apartment_hydronic,243,twozone_apartment_hydronic:day243,4,clean,tuned_rule_based,192,144,9,634541f90ccd33a19e107a23dac59f73bb7a95c2e69ee1668ab505bd53d10f0e,aaba3ee31ee7c91f018f7aa523f8068fdd6f440aa59eb6eaf55b2df3b2ddd304,1.3808144561093289e-34,37.199950964284085,6.4382854561869942e-34,0.55555555555555558,0.44444444444444442,0,4,39.294044171329567,0,-5.4248425666812747e-35,-1.1618382939223102e-35,-1.6925508808045575e-35,2.117022899399498e-35,6.8736797574649661e-06,0.074324999999999988,144,-9.578709433920265e-36,62.5117964661492,0.074324999999999988,144,-0.080617195468123723
twozone_apartment_hydronic,243,twozone_apartment_hydronic:day243,4,zone_bias_negative,constant_zero,192,144,0,634541f90ccd33a19e107a23dac59f73bb7a95c2e69ee1668ab505bd53d10f0e,aaba3ee31ee7c91f018f7aa523f8068fdd6f440aa59eb6eaf55b2df3b2ddd304,3.9429127875610745e-34,60.494378916747294,1.8247439726245349e-33,0,1,0,0,62.5117964661492,0,-4.3117283893721416e-35,-9.578709433920265e-36,-1.3452592574841082e-35,2.117022899399498e-35,6.5908978469431431e-06,0.074324999999999988,144,-9.578709433920265e-36,62.5117964661492,0.074324999999999988,144,0
twozone_apartment_hydronic,243,twozone_apartment_hydronic:day243,4,zone_bias_negative,deterministic_wm,192,144,9,634541f90ccd33a19e107a23dac59f73bb7a95c2e69ee1668ab505bd53d10f0e,aaba3ee31ee7c91f018f7aa523f8068fdd6f440aa59eb6eaf55b2df3b2ddd304,1.385731176767201e-34,33.910705832641113,6.464162933333689e-34,0.66666666666666663,0.33333333333333331,0,3,36.103222035128411,0,-5.4269381832083837e-35,-1.1622364610624609e-35,-1.6932047131610159e-35,2.117022899399498e-35,1.6911641465431734e-05,0.074324999999999988,144,-9.578709433920265e-36,62.5117964661492,0.074324999999999988,144,-0.09169643899659996
twozone_apartment_hydronic,243,twozone_apartment_hydronic:day243,4,zone_bias_negative,direct_h8_rssm,192,144,9,634541f90ccd33a19e107a23dac59f73bb7a95c2e69ee1668ab505bd53d10f0e,aaba3ee31ee7c91f018f7aa523f8068fdd6f440aa59eb6eaf55b2df3b2ddd304,1.2899305511784936e-33,50.256759802110111,5.8639868766156049e-33,0.33333333333333331,0.1111111111111111,0.55555555555555558,4,52.327195260233253,0,2.0639947417022035e-35,4.5542707428487013e-36,6.4396635941108744e-36,9.4878709572302541e-35,3.0836997994716389e-05,0.074324999999999988,144,-9.578709433920265e-36,62.5117964661492,0.074324999999999988,144,-0.03536319863165259
twozone_apartment_hydronic,243,twozone_apartment_hydronic:day243,4,zone_bias_negative,legacy_rssm,192,144,9,634541f90ccd33a19e107a23dac59f73bb7a95c2e69ee1668ab505bd53d10f0e,aaba3ee31ee7c91f018f7aa523f8068fdd6f440aa59eb6eaf55b2df3b2ddd304,1.1839880363587669e-34,32.728018678606006,5.4175808875096143e-34,0.77777777777777779,0.1111111111111111,0.1111111111111111,5,34.901188409004007,0,-4.0378386377865401e-35,-8.8813008068261648e-36,-1.2598056549894003e-35,2.117022899399498e-35,3.0904565182031764e-05,0.074324999999999988,144,-9.578709433920265e-36,62.5117964661492,0.074324999999999988,144,-0.095870166865087481
twozone_apartment_hydronic,243,twozone_apartment_hydronic:day243,4,zone_bias_negative,rc_supervisory_selector,192,144,9,634541f90ccd33a19e107a23dac59f73bb7a95c2e69ee1668ab505bd53d10f0e,aaba3ee31ee7c91f018f7aa523f8068fdd6f440aa59eb6eaf55b2df3b2ddd304,5.7006874210296546e-34,38.168370738940752,2.6076234492668764e-33,0.55555555555555558,0.44444444444444442,0,3,40.323118667619198,0,-5.2194213940299507e-37,2.0085115109086199e-37,-1.6284594749373599e-37,4.5771913825492789e-35,7.5910589319110392e-06,0.074324999999999988,144,-9.578709433920265e-36,62.5117964661492,0.074324999999999988,144,-0.077044020133784724
twozone_apartment_hydronic,243,twozone_apartment_hydronic:day243,4,zone_bias_negative,tuned_rule_based,192,144,9,634541f90ccd33a19e107a23dac59f73bb7a95c2e69ee1668ab505bd53d10f0e,aaba3ee31ee7c91f018f7aa523f8068fdd6f440aa59eb6eaf55b2df3b2ddd304,1.3808144561093289e-34,37.199950964284085,6.4382854561869942e-34,0.55555555555555558,0.44444444444444442,0,4,39.294044171329567,0,-5.4248425666812747e-35,-1.1618382939223102e-35,-1.6925508808045575e-35,2.117022899399498e-35,6.5880185161100136e-06,0.074324999999999988,144,-9.578709433920265e-36,62.5117964661492,0.074324999999999988,144,-0.080617195468123723
twozone_apartment_hydronic,243,twozone_apartment_hydronic:day243,4,zone_bias_positive,constant_zero,192,144,0,634541f90ccd33a19e107a23dac59f73bb7a95c2e69ee1668ab505bd53d10f0e,aaba3ee31ee7c91f018f7aa523f8068fdd6f440aa59eb6eaf55b2df3b2ddd304,3.9429127875610745e-34,60.494378916747294,1.8247439726245349e-33,0,1,0,0,62.5117964661492,0,-4.3117283893721416e-35,-9.578709433920265e-36,-1.3452592574841082e-35,2.117022899399498e-35,6.6446120687665606e-06,0.074324999999999988,144,-9.578709433920265e-36,62.5117964661492,0.074324999999999988,144,0
twozone_apartment_hydronic,243,twozone_apartment_hydronic:day243,4,zone_bias_positive,deterministic_wm,192,144,9,634541f90ccd33a19e107a23dac59f73bb7a95c2e69ee1668ab505bd53d10f0e,aaba3ee31ee7c91f018f7aa523f8068fdd6f440aa59eb6eaf55b2df3b2ddd304,1.3320138645297667e-34,28.037980109861749,6.0714563738989853e-34,0.88888888888888884,0.1111111111111111,0,3,30.211824478314739,0,-3.8913575292137727e-35,-8.5496628488721264e-36,-1.2141035491146969e-35,2.117022899399498e-35,1.7299359450858996e-05,0.074324999999999988,144,-9.578709433920265e-36,62.5117964661492,0.074324999999999988,144,-0.1121526805133141
twozone_apartment_hydronic,243,twozone_apartment_hydronic:day243,4,zone_bias_positive,direct_h8_rssm,192,144,9,634541f90ccd33a19e107a23dac59f73bb7a95c2e69ee1668ab505bd53d10f0e,aaba3ee31ee7c91f018f7aa523f8068fdd6f440aa59eb6eaf55b2df3b2ddd304,1.2899305511784936e-33,50.256759802110111,5.8639868766156049e-33,0.33333333333333331,0.1111111111111111,0.55555555555555558,4,52.327195260233253,0,2.0639947417022035e-35,4.5542707428487013e-36,6.4396635941108744e-36,9.4878709572302541e-35,3.0474236983764721e-05,0.074324999999999988,144,-9.578709433920265e-36,62.5117964661492,0.074324999999999988,144,-0.03536319863165259
twozone_apartment_hydronic,243,twozone_apartment_hydronic:day243,4,zone_bias_positive,legacy_rssm,192,144,9,634541f90ccd33a19e107a23dac59f73bb7a95c2e69ee1668ab505bd53d10f0e,aaba3ee31ee7c91f018f7aa523f8068fdd6f440aa59eb6eaf55b2df3b2ddd304,1.1839880363587669e-34,32.728018678606006,5.4175808875096143e-34,0.77777777777777779,0.1111111111111111,0.1111111111111111,5,34.901188409004007,0,-4.0378386377865401e-35,-8.8813008068261648e-36,-1.2598056549894003e-35,2.117022899399498e-35,2.9545752651265642e-05,0.074324999999999988,144,-9.578709433920265e-36,62.5117964661492,0.074324999999999988,144,-0.095870166865087481
twozone_apartment_hydronic,243,twozone_apartment_hydronic:day243,4,zone_bias_positive,rc_supervisory_selector,192,144,9,634541f90ccd33a19e107a23dac59f73bb7a95c2e69ee1668ab505bd53d10f0e,aaba3ee31ee7c91f018f7aa523f8068fdd6f440aa59eb6eaf55b2df3b2ddd304,1.56763911132241e-34,31.872054964434668,7.1462892836574844e-34,0.77777777777777779,0.22222222222222221,0,3,34.02239459899593,0,-6.2730860654035465e-35,-1.3790370637862868e-35,-1.9572028524059058e-35,6.0206601177785721e-35,7.878133486425411e-06,0.074324999999999988,144,-9.578709433920265e-36,62.5117964661492,0.074324999999999988,144,-0.098921534260948851
twozone_apartment_hydronic,243,twozone_apartment_hydronic:day243,4,zone_bias_positive,tuned_rule_based,192,144,9,634541f90ccd33a19e107a23dac59f73bb7a95c2e69ee1668ab505bd53d10f0e,aaba3ee31ee7c91f018f7aa523f8068fdd6f440aa59eb6eaf55b2df3b2ddd304,1.3808144561093289e-34,37.199950964284085,6.4382854561869942e-34,0.55555555555555558,0.44444444444444442,0,4,39.294044171329567,0,-5.4248425666812747e-35,-1.1618382939223102e-35,-1.6925508808045575e-35,2.117022899399498e-35,6.5998381969192264e-06,0.074324999999999988,144,-9.578709433920265e-36,62.5117964661492,0.074324999999999988,144,-0.080617195468123723
twozone_apartment_hydronic,243,twozone_apartment_hydronic:day243,4,zone_drift_negative,constant_zero,192,144,0,634541f90ccd33a19e107a23dac59f73bb7a95c2e69ee1668ab505bd53d10f0e,aaba3ee31ee7c91f018f7aa523f8068fdd6f440aa59eb6eaf55b2df3b2ddd304,3.9429127875610745e-34,60.494378916747294,1.8247439726245349e-33,0,1,0,0,62.5117964661492,0,-4.3117283893721416e-35,-9.578709433920265e-36,-1.3452592574841082e-35,2.117022899399498e-35,6.6318617371919211e-06,0.074324999999999988,144,-9.578709433920265e-36,62.5117964661492,0.074324999999999988,144,0
twozone_apartment_hydronic,243,twozone_apartment_hydronic:day243,4,zone_drift_negative,deterministic_wm,192,144,9,634541f90ccd33a19e107a23dac59f73bb7a95c2e69ee1668ab505bd53d10f0e,aaba3ee31ee7c91f018f7aa523f8068fdd6f440aa59eb6eaf55b2df3b2ddd304,1.385731176767201e-34,33.910705832641113,6.464162933333689e-34,0.66666666666666663,0.33333333333333331,0,3,36.103222035128411,0,-5.4269381832083837e-35,-1.1622364610624609e-35,-1.6932047131610159e-35,2.117022899399498e-35,1.6630511425344523e-05,0.074324999999999988,144,-9.578709433920265e-36,62.5117964661492,0.074324999999999988,144,-0.09169643899659996
twozone_apartment_hydronic,243,twozone_apartment_hydronic:day243,4,zone_drift_negative,direct_h8_rssm,192,144,9,634541f90ccd33a19e107a23dac59f73bb7a95c2e69ee1668ab505bd53d10f0e,aaba3ee31ee7c91f018f7aa523f8068fdd6f440aa59eb6eaf55b2df3b2ddd304,9.5903265570740329e-34,47.675596014508898,4.3609099669513823e-33,0.44444444444444442,0,0.55555555555555558,3,49.730778512561699,0,-5.3456882437334944e-35,-1.1750540467994619e-35,-1.6678547320448502e-35,2.8014606676285514e-35,3.0901520802851258e-05,0.074324999999999988,144,-9.578709433920265e-36,62.5117964661492,0.074324999999999988,144,-0.04437853456106771
twozone_apartment_hydronic,243,twozone_apartment_hydronic:day243,4,zone_drift_negative,legacy_rssm,192,144,9,634541f90ccd33a19e107a23dac59f73bb7a95c2e69ee1668ab505bd53d10f0e,aaba3ee31ee7c91f018f7aa523f8068fdd6f440aa59eb6eaf55b2df3b2ddd304,1.1839880363587669e-34,32.728018678606006,5.4175808875096143e-34,0.77777777777777779,0.1111111111111111,0.1111111111111111,5,34.901188409004007,0,-4.0378386377865401e-35,-8.8813008068261648e-36,-1.2598056549894003e-35,2.117022899399498e-35,3.132154665553618e-05,0.074324999999999988,144,-9.578709433920265e-36,62.5117964661492,0.074324999999999988,144,-0.095870166865087481
twozone_apartment_hydronic,243,twozone_apartment_hydronic:day243,4,zone_drift_negative,rc_supervisory_selector,192,144,9,634541f90ccd33a19e107a23dac59f73bb7a95c2e69ee1668ab505bd53d10f0e,aaba3ee31ee7c91f018f7aa523f8068fdd6f440aa59eb6eaf55b2df3b2ddd304,5.7006874210296546e-34,38.168370738940752,2.6076234492668764e-33,0.55555555555555558,0.44444444444444442,0,3,40.323118667619198,0,-5.2194213940299507e-37,2.0085115109086199e-37,-1.6284594749373599e-37,4.5771913825492789e-35,7.8723401507365978e-06,0.074324999999999988,144,-9.578709433920265e-36,62.5117964661492,0.074324999999999988,144,-0.077044020133784724
twozone_apartment_hydronic,243,twozone_apartment_hydronic:day243,4,zone_drift_negative,tuned_rule_based,192,144,9,634541f90ccd33a19e107a23dac59f73bb7a95c2e69ee1668ab505bd53d10f0e,aaba3ee31ee7c91f018f7aa523f8068fdd6f440aa59eb6eaf55b2df3b2ddd304,1.3808144561093289e-34,37.199950964284085,6.4382854561869942e-34,0.55555555555555558,0.44444444444444442,0,4,39.294044171329567,0,-5.4248425666812747e-35,-1.1618382939223102e-35,-1.6925508808045575e-35,2.117022899399498e-35,6.9475825821819383e-06,0.074324999999999988,144,-9.578709433920265e-36,62.5117964661492,0.074324999999999988,144,-0.080617195468123723
twozone_apartment_hydronic,243,twozone_apartment_hydronic:day243,4,zone_drift_positive,constant_zero,192,144,0,634541f90ccd33a19e107a23dac59f73bb7a95c2e69ee1668ab505bd53d10f0e,aaba3ee31ee7c91f018f7aa523f8068fdd6f440aa59eb6eaf55b2df3b2ddd304,3.9429127875610745e-34,60.494378916747294,1.8247439726245349e-33,0,1,0,0,62.5117964661492,0,-4.3117283893721416e-35,-9.578709433920265e-36,-1.3452592574841082e-35,2.117022899399498e-35,6.7667145587594942e-06,0.074324999999999988,144,-9.578709433920265e-36,62.5117964661492,0.074324999999999988,144,0
twozone_apartment_hydronic,243,twozone_apartment_hydronic:day243,4,zone_drift_positive,deterministic_wm,192,144,9,634541f90ccd33a19e107a23dac59f73bb7a95c2e69ee1668ab505bd53d10f0e,aaba3ee31ee7c91f018f7aa523f8068fdd6f440aa59eb6eaf55b2df3b2ddd304,1.3320138645297667e-34,28.037980109861749,6.0714563738989853e-34,0.88888888888888884,0.1111111111111111,0,3,30.211824478314739,0,-3.8913575292137727e-35,-8.5496628488721264e-36,-1.2141035491146969e-35,2.117022899399498e-35,1.7118216809177898e-05,0.074324999999999988,144,-9.578709433920265e-36,62.5117964661492,0.074324999999999988,144,-0.1121526805133141
twozone_apartment_hydronic,243,twozone_apartment_hydronic:day243,4,zone_drift_positive,direct_h8_rssm,192,144,9,634541f90ccd33a19e107a23dac59f73bb7a95c2e69ee1668ab505bd53d10f0e,aaba3ee31ee7c91f018f7aa523f8068fdd6f440aa59eb6eaf55b2df3b2ddd304,1.2899305511784936e-33,50.256759802110111,5.8639868766156049e-33,0.33333333333333331,0.1111111111111111,0.55555555555555558,4,52.327195260233253,0,2.0639947417022035e-35,4.5542707428487013e-36,6.4396635941108744e-36,9.4878709572302541e-35,2.9949738301115716e-05,0.074324999999999988,144,-9.578709433920265e-36,62.5117964661492,0.074324999999999988,144,-0.03536319863165259
twozone_apartment_hydronic,243,twozone_apartment_hydronic:day243,4,zone_drift_positive,legacy_rssm,192,144,9,634541f90ccd33a19e107a23dac59f73bb7a95c2e69ee1668ab505bd53d10f0e,aaba3ee31ee7c91f018f7aa523f8068fdd6f440aa59eb6eaf55b2df3b2ddd304,1.1839880363587669e-34,32.728018678606006,5.4175808875096143e-34,0.77777777777777779,0.1111111111111111,0.1111111111111111,5,34.901188409004007,0,-4.0378386377865401e-35,-8.8813008068261648e-36,-1.2598056549894003e-35,2.117022899399498e-35,2.9109939022630088e-05,0.074324999999999988,144,-9.578709433920265e-36,62.5117964661492,0.074324999999999988,144,-0.095870166865087481
twozone_apartment_hydronic,243,twozone_apartment_hydronic:day243,4,zone_drift_positive,rc_supervisory_selector,192,144,9,634541f90ccd33a19e107a23dac59f73bb7a95c2e69ee1668ab505bd53d10f0e,aaba3ee31ee7c91f018f7aa523f8068fdd6f440aa59eb6eaf55b2df3b2ddd304,1.56763911132241e-34,31.872054964434668,7.1462892836574844e-34,0.77777777777777779,0.22222222222222221,0,3,34.02239459899593,0,-6.2730860654035465e-35,-1.3790370637862868e-35,-1.9572028524059058e-35,6.0206601177785721e-35,7.8391404676187724e-06,0.074324999999999988,144,-9.578709433920265e-36,62.5117964661492,0.074324999999999988,144,-0.098921534260948851
twozone_apartment_hydronic,243,twozone_apartment_hydronic:day243,4,zone_drift_positive,tuned_rule_based,192,144,9,634541f90ccd33a19e107a23dac59f73bb7a95c2e69ee1668ab505bd53d10f0e,aaba3ee31ee7c91f018f7aa523f8068fdd6f440aa59eb6eaf55b2df3b2ddd304,1.3808144561093289e-34,37.199950964284085,6.4382854561869942e-34,0.55555555555555558,0.44444444444444442,0,4,39.294044171329567,0,-5.4248425666812747e-35,-1.1618382939223102e-35,-1.6925508808045575e-35,2.117022899399498e-35,6.8192637334249959e-06,0.074324999999999988,144,-9.578709433920265e-36,62.5117964661492,0.074324999999999988,144,-0.080617195468123723
twozone_apartment_hydronic,243,twozone_apartment_hydronic:day243,4,zone_stuck,constant_zero,192,144,0,634541f90ccd33a19e107a23dac59f73bb7a95c2e69ee1668ab505bd53d10f0e,aaba3ee31ee7c91f018f7aa523f8068fdd6f440aa59eb6eaf55b2df3b2ddd304,3.9429127875610745e-34,60.494378916747294,1.8247439726245349e-33,0,1,0,0,62.5117964661492,0,-4.3117283893721416e-35,-9.578709433920265e-36,-1.3452592574841082e-35,2.117022899399498e-35,6.5096940600365797e-06,0.074324999999999988,144,-9.578709433920265e-36,62.5117964661492,0.074324999999999988,144,0
twozone_apartment_hydronic,243,twozone_apartment_hydronic:day243,4,zone_stuck,deterministic_wm,192,144,9,634541f90ccd33a19e107a23dac59f73bb7a95c2e69ee1668ab505bd53d10f0e,aaba3ee31ee7c91f018f7aa523f8068fdd6f440aa59eb6eaf55b2df3b2ddd304,1.3320138645297667e-34,28.037980109861749,6.0714563738989853e-34,0.88888888888888884,0.1111111111111111,0,3,30.211824478314739,0,-3.8913575292137727e-35,-8.5496628488721264e-36,-1.2141035491146969e-35,2.117022899399498e-35,1.6067224994102417e-05,0.074324999999999988,144,-9.578709433920265e-36,62.5117964661492,0.074324999999999988,144,-0.1121526805133141
twozone_apartment_hydronic,243,twozone_apartment_hydronic:day243,4,zone_stuck,direct_h8_rssm,192,144,9,634541f90ccd33a19e107a23dac59f73bb7a95c2e69ee1668ab505bd53d10f0e,aaba3ee31ee7c91f018f7aa523f8068fdd6f440aa59eb6eaf55b2df3b2ddd304,1.2899305511784936e-33,50.256759802110111,5.8639868766156049e-33,0.33333333333333331,0.1111111111111111,0.55555555555555558,4,52.327195260233253,0,2.0639947417022035e-35,4.5542707428487013e-36,6.4396635941108744e-36,9.4878709572302541e-35,3.0449035904170326e-05,0.074324999999999988,144,-9.578709433920265e-36,62.5117964661492,0.074324999999999988,144,-0.03536319863165259
twozone_apartment_hydronic,243,twozone_apartment_hydronic:day243,4,zone_stuck,legacy_rssm,192,144,9,634541f90ccd33a19e107a23dac59f73bb7a95c2e69ee1668ab505bd53d10f0e,aaba3ee31ee7c91f018f7aa523f8068fdd6f440aa59eb6eaf55b2df3b2ddd304,1.1839880363587669e-34,32.728018678606006,5.4175808875096143e-34,0.77777777777777779,0.1111111111111111,0.1111111111111111,5,34.901188409004007,0,-4.0378386377865401e-35,-8.8813008068261648e-36,-1.2598056549894003e-35,2.117022899399498e-35,3.0803545884714354e-05,0.074324999999999988,144,-9.578709433920265e-36,62.5117964661492,0.074324999999999988,144,-0.095870166865087481
twozone_apartment_hydronic,243,twozone_apartment_hydronic:day243,4,zone_stuck,rc_supervisory_selector,192,144,9,634541f90ccd33a19e107a23dac59f73bb7a95c2e69ee1668ab505bd53d10f0e,aaba3ee31ee7c91f018f7aa523f8068fdd6f440aa59eb6eaf55b2df3b2ddd304,1.56763911132241e-34,31.872054964434668,7.1462892836574844e-34,0.77777777777777779,0.22222222222222221,0,3,34.02239459899593,0,-6.2730860654035465e-35,-1.3790370637862868e-35,-1.9572028524059058e-35,6.0206601177785721e-35,7.8965897751520236e-06,0.074324999999999988,144,-9.578709433920265e-36,62.5117964661492,0.074324999999999988,144,-0.098921534260948851
twozone_apartment_hydronic,243,twozone_apartment_hydronic:day243,4,zone_stuck,tuned_rule_based,192,144,9,634541f90ccd33a19e107a23dac59f73bb7a95c2e69ee1668ab505bd53d10f0e,aaba3ee31ee7c91f018f7aa523f8068fdd6f440aa59eb6eaf55b2df3b2ddd304,1.3808144561093289e-34,37.199950964284085,6.4382854561869942e-34,0.55555555555555558,0.44444444444444442,0,4,39.294044171329567,0,-5.4248425666812747e-35,-1.1618382939223102e-35,-1.6925508808045575e-35,2.117022899399498e-35,6.7119157335104943e-06,0.074324999999999988,144,-9.578709433920265e-36,62.5117964661492,0.074324999999999988,144,-0.080617195468123723
twozone_apartment_hydronic,288,twozone_apartment_hydronic:day288,2,clean,constant_zero,192,144,0,018088a800f9a38862c9903e5ae76157fb1aab148758e1eb117efde9f58231ab,3a77d63244b73e246365ef4330086043e2139548e2aaa4f0fc45a7c2b5826f00,8.2615237046260029e-33,15.308988558333198,4.0385470091037782e-32,0,1,0,0,21.199860461395375,0,0.081291894856839922,0.016185720299787494,0.025363071195334055,0.039232292583642574,6.83373944436207e-06,0.074324999999999988,104,0.016185720299787494,21.199860461395375,0.074324999999999988,104,0
twozone_apartment_hydronic,288,twozone_apartment_hydronic:day288,2,clean,deterministic_wm,192,144,9,018088a800f9a38862c9903e5ae76157fb1aab148758e1eb117efde9f58231ab,3a77d63244b73e246365ef4330086043e2139548e2aaa4f0fc45a7c2b5826f00,0.43518905117346818,11.020206377416287,2.0911583079226634,0.55555555555555558,0.33333333333333331,0.1111111111111111,5,16.954287717898044,0,0.12273948101077316,0.024724712175600717,0.038294718075361223,0.039232292583642574,1.6895928585369828e-05,0.074324999999999988,104,0.016185720299787494,21.199860461395375,0.074324999999999988,104,0.037032197529310994
twozone_apartment_hydronic,288,twozone_apartment_hydronic:day288,2,clean,direct_h8_rssm,192,144,9,018088a800f9a38862c9903e5ae76157fb1aab148758e1eb117efde9f58231ab,3a77d63244b73e246365ef4330086043e2139548e2aaa4f0fc45a7c2b5826f00,7.3401634137006201e-33,14.370117907232597,3.4347841055959318e-32,0.77777777777777779,0,0.22222222222222221,2,20.393144008081102,0,0.081291894856839922,0.016185720299787494,0.025363071195334055,0.039232292583642574,3.0528881856353562e-05,0.074324999999999988,104,0.016185720299787494,21.199860461395375,0.074324999999999988,104,-0.0038784444870878509
twozone_apartment_hydronic,288,twozone_apartment_hydronic:day288,2,clean,legacy_rssm,192,144,9,018088a800f9a38862c9903e5ae76157fb1aab148758e1eb117efde9f58231ab,3a77d63244b73e246365ef4330086043e2139548e2aaa4f0fc45a7c2b5826f00,2.1590065460944369e-33,8.3675670958723316,1.0492157975180718e-32,0.88888888888888884,0.1111111111111111,0,3,14.341440015617437,0,0.081291894856839922,0.016185720299787494,0.025363071195334055,0.039232292583642574,2.9672966092183465e-05,0.074324999999999988,104,0.016185720299787494,21.199860461395375,0.074324999999999988,104,-0.032973175220086241
twozone_apartment_hydronic,288,twozone_apartment_hydronic:day288,2,clean,rc_supervisory_selector,192,144,9,018088a800f9a38862c9903e5ae76157fb1aab148758e1eb117efde9f58231ab,3a77d63244b73e246365ef4330086043e2139548e2aaa4f0fc45a7c2b5826f00,0.62142564855924243,14.561384123860037,3.2706613082065381,0.88888888888888884,0,0.1111111111111111,3,20.413261141082142,0,0.15759066120692528,0.030682485906303712,0.049168286296560684,0.039232292583642574,7.9636645913470816e-06,0.074324999999999988,104,0.016185720299787494,21.199860461395375,0.074324999999999988,104,0.093741081825882019
twozone_apartment_hydronic,288,twozone_apartment_hydronic:day288,2,clean,tuned_rule_based,192,144,9,018088a800f9a38862c9903e5ae76157fb1aab148758e1eb117efde9f58231ab,3a77d63244b73e246365ef4330086043e2139548e2aaa4f0fc45a7c2b5826f00,0.54389246743895026,15.654069357252183,2.5852647454930362,0.44444444444444442,0.33333333333333331,0.22222222222222221,5,21.5006047147278,0,0.13400968059858792,0.027204156084919977,0.041811020346759431,0.039232292583642574,6.6730863760903236e-06,0.074324999999999988,104,0.016185720299787494,21.199860461395375,0.074324999999999988,104,0.075569234539231991
twozone_apartment_hydronic,288,twozone_apartment_hydronic:day288,2,zone_bias_negative,constant_zero,192,144,0,018088a800f9a38862c9903e5ae76157fb1aab148758e1eb117efde9f58231ab,3a77d63244b73e246365ef4330086043e2139548e2aaa4f0fc45a7c2b5826f00,8.2615237046260029e-33,15.308988558333198,4.0385470091037782e-32,0,1,0,0,21.199860461395375,0,0.081291894856839922,0.016185720299787494,0.025363071195334055,0.039232292583642574,6.7114164275856744e-06,0.074324999999999988,104,0.016185720299787494,21.199860461395375,0.074324999999999988,104,0
twozone_apartment_hydronic,288,twozone_apartment_hydronic:day288,2,zone_bias_negative,deterministic_wm,192,144,9,018088a800f9a38862c9903e5ae76157fb1aab148758e1eb117efde9f58231ab,3a77d63244b73e246365ef4330086043e2139548e2aaa4f0fc45a7c2b5826f00,0.43518899313140774,11.020154648132504,2.0911580187267633,0.55555555555555558,0.22222222222222221,0.22222222222222221,5,16.954235049309112,0,0.12273947551234124,0.024724711092597919,0.038294716359850468,0.039232292583642574,1.640578631123115e-05,0.074324999999999988,104,0.016185720299787494,21.199860461395375,0.074324999999999988,104,0.037031937029352174
twozone_apartment_hydronic,288,twozone_apartment_hydronic:day288,2,zone_bias_negative,direct_h8_rssm,192,144,9,018088a800f9a38862c9903e5ae76157fb1aab148758e1eb117efde9f58231ab,3a77d63244b73e246365ef4330086043e2139548e2aaa4f0fc45a7c2b5826f00,7.3401634137006201e-33,14.370117907232597,3.4347841055959318e-32,0.77777777777777779,0,0.22222222222222221,2,20.393144008081102,0,0.081291894856839922,0.016185720299787494,0.025363071195334055,0.039232292583642574,3.1071419352497586e-05,0.074324999999999988,104,0.016185720299787494,21.199860461395375,0.074324999999999988,104,-0.0038784444870878509
twozone_apartment_hydronic,288,twozone_apartment_hydronic:day288,2,zone_bias_negative,legacy_rssm,192,144,9,018088a800f9a38862c9903e5ae76157fb1aab148758e1eb117efde9f58231ab,3a77d63244b73e246365ef4330086043e2139548e2aaa4f0fc45a7c2b5826f00,1.2960800637319942e-33,7.065260886311961,6.7333459611584863e-33,0.77777777777777779,0.22222222222222221,0,3,13.044913098563727,0,0.081291894856839922,0.016185720299787494,0.025363071195334055,0.039232292583642574,3.0763272700994913e-05,0.074324999999999988,104,0.016185720299787494,21.199860461395375,0.074324999999999988,104,-0.03920647770592138
twozone_apartment_hydronic,288,twozone_apartment_hydronic:day288,2,zone_bias_negative,rc_supervisory_selector,192,144,9,018088a800f9a38862c9903e5ae76157fb1aab148758e1eb117efde9f58231ab,3a77d63244b73e246365ef4330086043e2139548e2aaa4f0fc45a7c2b5826f00,9.8779522737565478e-34,6.8065914264710301,4.4997457695697107e-33,0.55555555555555558,0.22222222222222221,0.22222222222222221,6,12.767944197467049,0,0.081291894856839922,0.016185720299787494,0.025363071195334055,0.039232292583642574,7.8955440066317068e-06,0.074324999999999988,104,0.016185720299787494,21.199860461395375,0.074324999999999988,104,-0.040538058961193876
twozone_apartment_hydronic,288,twozone_apartment_hydronic:day288,2,zone_bias_negative,tuned_rule_based,192,144,9,018088a800f9a38862c9903e5ae76157fb1aab148758e1eb117efde9f58231ab,3a77d63244b73e246365ef4330086043e2139548e2aaa4f0fc45a7c2b5826f00,0.54389246743895026,15.654069357252183,2.5852647454930362,0.44444444444444442,0.22222222222222221,0.33333333333333331,6,21.5006047147278,0,0.13400968059858792,0.027204156084919977,0.041811020346759431,0.039232292583642574,6.7928102281358512e-06,0.074324999999999988,104,0.016185720299787494,21.199860461395375,0.074324999999999988,104,0.075569234539231991
twozone_apartment_hydronic,288,twozone_apartment_hydronic:day288,2,zone_bias_positive,constant_zero,192,144,0,018088a800f9a38862c9903e5ae76157fb1aab148758e1eb117efde9f58231ab,3a77d63244b73e246365ef4330086043e2139548e2aaa4f0fc45a7c2b5826f00,8.2615237046260029e-33,15.308988558333198,4.0385470091037782e-32,0,1,0,0,21.199860461395375,0,0.081291894856839922,0.016185720299787494,0.025363071195334055,0.039232292583642574,6.682510775421303e-06,0.074324999999999988,104,0.016185720299787494,21.199860461395375,0.074324999999999988,104,0
twozone_apartment_hydronic,288,twozone_apartment_hydronic:day288,2,zone_bias_positive,deterministic_wm,192,144,9,018088a800f9a38862c9903e5ae76157fb1aab148758e1eb117efde9f58231ab,3a77d63244b73e246365ef4330086043e2139548e2aaa4f0fc45a7c2b5826f00,0.43518905117346818,11.020206377416287,2.0911583079226634,0.55555555555555558,0.33333333333333331,0.1111111111111111,5,16.954287717898044,0,0.12273948101077316,0.024724712175600717,0.038294718075361223,0.039232292583642574,1.6299434149244486e-05,0.074324999999999988,104,0.016185720299787494,21.199860461395375,0.074324999999999988,104,0.037032197529310994
twozone_apartment_hydronic,288,twozone_apartment_hydronic:day288,2,zone_bias_positive,direct_h8_rssm,192,144,9,018088a800f9a38862c9903e5ae76157fb1aab148758e1eb117efde9f58231ab,3a77d63244b73e246365ef4330086043e2139548e2aaa4f0fc45a7c2b5826f00,7.3401634137006201e-33,14.370117907232597,3.4347841055959318e-32,0.77777777777777779,0,0.22222222222222221,2,20.393144008081102,0,0.081291894856839922,0.016185720299787494,0.025363071195334055,0.039232292583642574,2.9983459481532802e-05,0.074324999999999988,104,0.016185720299787494,21.199860461395375,0.074324999999999988,104,-0.0038784444870878509
twozone_apartment_hydronic,288,twozone_apartment_hydronic:day288,2,zone_bias_positive,legacy_rssm,192,144,9,018088a800f9a38862c9903e5ae76157fb1aab148758e1eb117efde9f58231ab,3a77d63244b73e246365ef4330086043e2139548e2aaa4f0fc45a7c2b5826f00,2.1590065460944369e-33,8.3675670958723316,1.0492157975180718e-32,0.88888888888888884,0.1111111111111111,0,3,14.341440015617437,0,0.081291894856839922,0.016185720299787494,0.025363071195334055,0.039232292583642574,3.1242451049201078e-05,0.074324999999999988,104,0.016185720299787494,21.199860461395375,0.074324999999999988,104,-0.032973175220086241
twozone_apartment_hydronic,288,twozone_apartment_hydronic:day288,2,zone_bias_positive,rc_supervisory_selector,192,144,9,018088a800f9a38862c9903e5ae76157fb1aab148758e1eb117efde9f58231ab,3a77d63244b73e246365ef4330086043e2139548e2aaa4f0fc45a7c2b5826f00,0.62142564855924243,14.561384123860037,3.2706613082065381,0.88888888888888884,0,0.1111111111111111,3,20.413261141082142,0,0.15759066120692528,0.030682485906303712,0.049168286296560684,0.039232292583642574,7.8000836486106278e-06,0.074324999999999988,104,0.016185720299787494,21.199860461395375,0.074324999999999988,104,0.093741081825882019
twozone_apartment_hydronic,288,twozone_apartment_hydronic:day288,2,zone_bias_positive,tuned_rule_based,192,144,9,018088a800f9a38862c9903e5ae76157fb1aab148758e1eb117efde9f58231ab,3a77d63244b73e246365ef4330086043e2139548e2aaa4f0fc45a7c2b5826f00,0.54389246743895026,15.654069357252183,2.5852647454930362,0.44444444444444442,0.33333333333333331,0.22222222222222221,5,21.5006047147278,0,0.13400968059858792,0.027204156084919977,0.041811020346759431,0.039232292583642574,6.7465037644915013e-06,0.074324999999999988,104,0.016185720299787494,21.199860461395375,0.074324999999999988,104,0.075569234539231991
twozone_apartment_hydronic,288,twozone_apartment_hydronic:day288,2,zone_drift_negative,constant_zero,192,144,0,018088a800f9a38862c9903e5ae76157fb1aab148758e1eb117efde9f58231ab,3a77d63244b73e246365ef4330086043e2139548e2aaa4f0fc45a7c2b5826f00,8.2615237046260029e-33,15.308988558333198,4.0385470091037782e-32,0,1,0,0,21.199860461395375,0,0.081291894856839922,0.016185720299787494,0.025363071195334055,0.039232292583642574,6.729360927739346e-06,0.074324999999999988,104,0.016185720299787494,21.199860461395375,0.074324999999999988,104,0
twozone_apartment_hydronic,288,twozone_apartment_hydronic:day288,2,zone_drift_negative,deterministic_wm,192,144,9,018088a800f9a38862c9903e5ae76157fb1aab148758e1eb117efde9f58231ab,3a77d63244b73e246365ef4330086043e2139548e2aaa4f0fc45a7c2b5826f00,0.43518899313140774,11.020154648132504,2.0911580187267633,0.55555555555555558,0.22222222222222221,0.22222222222222221,5,16.954235049309112,0,0.12273947551234124,0.024724711092597919,0.038294716359850468,0.039232292583642574,1.707441380996216e-05,0.074324999999999988,104,0.016185720299787494,21.199860461395375,0.074324999999999988,104,0.037031937029352174
twozone_apartment_hydronic,288,twozone_apartment_hydronic:day288,2,zone_drift_negative,direct_h8_rssm,192,144,9,018088a800f9a38862c9903e5ae76157fb1aab148758e1eb117efde9f58231ab,3a77d63244b73e246365ef4330086043e2139548e2aaa4f0fc45a7c2b5826f00,7.3401634137006201e-33,14.370117907232597,3.4347841055959318e-32,0.77777777777777779,0,0.22222222222222221,2,20.393144008081102,0,0.081291894856839922,0.016185720299787494,0.025363071195334055,0.039232292583642574,3.0824758064753787e-05,0.074324999999999988,104,0.016185720299787494,21.199860461395375,0.074324999999999988,104,-0.0038784444870878509
twozone_apartment_hydronic,288,twozone_apartment_hydronic:day288,2,zone_drift_negative,legacy_rssm,192,144,9,018088a800f9a38862c9903e5ae76157fb1aab148758e1eb117efde9f58231ab,3a77d63244b73e246365ef4330086043e2139548e2aaa4f0fc45a7c2b5826f00,1.2960800637319942e-33,7.065260886311961,6.7333459611584863e-33,0.77777777777777779,0.22222222222222221,0,3,13.044913098563727,0,0.081291894856839922,0.016185720299787494,0.025363071195334055,0.039232292583642574,3.1345181856271902e-05,0.074324999999999988,104,0.016185720299787494,21.199860461395375,0.074324999999999988,104,-0.03920647770592138
twozone_apartment_hydronic,288,twozone_apartment_hydronic:day288,2,zone_drift_negative,rc_supervisory_selector,192,144,9,018088a800f9a38862c9903e5ae76157fb1aab148758e1eb117efde9f58231ab,3a77d63244b73e246365ef4330086043e2139548e2aaa4f0fc45a7c2b5826f00,0.42791900452577375,10.862617982026379,2.1810272433965565,0.77777777777777779,0,0.22222222222222221,3,16.735391679460871,0,0.12722190312014586,0.024922439528411975,0.03969323377348552,0.039784245400042786,7.626290512750702e-06,0.074324999999999988,104,0.016185720299787494,21.199860461395375,0.074324999999999988,104,0.037309966464828606
twozone_apartment_hydronic,288,twozone_apartment_hydronic:day288,2,zone_drift_negative,tuned_rule_based,192,144,9,018088a800f9a38862c9903e5ae76157fb1aab148758e1eb117efde9f58231ab,3a77d63244b73e246365ef4330086043e2139548e2aaa4f0fc45a7c2b5826f00,0.54389246743895026,15.654069357252183,2.5852647454930362,0.44444444444444442,0.22222222222222221,0.33333333333333331,6,21.5006047147278,0,0.13400968059858792,0.027204156084919977,0.041811020346759431,0.039232292583642574,6.7494760217050809e-06,0.074324999999999988,104,0.016185720299787494,21.199860461395375,0.074324999999999988,104,0.075569234539231991
twozone_apartment_hydronic,288,twozone_apartment_hydronic:day288,2,zone_drift_positive,constant_zero,192,144,0,018088a800f9a38862c9903e5ae76157fb1aab148758e1eb117efde9f58231ab,3a77d63244b73e246365ef4330086043e2139548e2aaa4f0fc45a7c2b5826f00,8.2615237046260029e-33,15.308988558333198,4.0385470091037782e-32,0,1,0,0,21.199860461395375,0,0.081291894856839922,0.016185720299787494,0.025363071195334055,0.039232292583642574,6.7102749587630996e-06,0.074324999999999988,104,0.016185720299787494,21.199860461395375,0.074324999999999988,104,0
twozone_apartment_hydronic,288,twozone_apartment_hydronic:day288,2,zone_drift_positive,deterministic_wm,192,144,9,018088a800f9a38862c9903e5ae76157fb1aab148758e1eb117efde9f58231ab,3a77d63244b73e246365ef4330086043e2139548e2aaa4f0fc45a7c2b5826f00,0.43518905117346818,11.020206377416287,2.0911583079226634,0.55555555555555558,0.33333333333333331,0.1111111111111111,5,16.954287717898044,0,0.12273948101077316,0.024724712175600717,0.038294718075361223,0.039232292583642574,1.7159318008556001e-05,0.074324999999999988,104,0.016185720299787494,21.199860461395375,0.074324999999999988,104,0.037032197529310994
twozone_apartment_hydronic,288,twozone_apartment_hydronic:day288,2,zone_drift_positive,direct_h8_rssm,192,144,9,018088a800f9a38862c9903e5ae76157fb1aab148758e1eb117efde9f58231ab,3a77d63244b73e246365ef4330086043e2139548e2aaa4f0fc45a7c2b5826f00,7.3401634137006201e-33,14.370117907232597,3.4347841055959318e-32,0.77777777777777779,0,0.22222222222222221,2,20.393144008081102,0,0.081291894856839922,0.016185720299787494,0.025363071195334055,0.039232292583642574,2.8013343933087713e-05,0.074324999999999988,104,0.016185720299787494,21.199860461395375,0.074324999999999988,104,-0.0038784444870878509
twozone_apartment_hydronic,288,twozone_apartment_hydronic:day288,2,zone_drift_positive,legacy_rssm,192,144,9,018088a800f9a38862c9903e5ae76157fb1aab148758e1eb117efde9f58231ab,3a77d63244b73e246365ef4330086043e2139548e2aaa4f0fc45a7c2b5826f00,2.1590065460944369e-33,8.3675670958723316,1.0492157975180718e-32,0.88888888888888884,0.1111111111111111,0,3,14.341440015617437,0,0.081291894856839922,0.016185720299787494,0.025363071195334055,0.039232292583642574,3.0529045517740034e-05,0.074324999999999988,104,0.016185720299787494,21.199860461395375,0.074324999999999988,104,-0.032973175220086241
twozone_apartment_hydronic,288,twozone_apartment_hydronic:day288,2,zone_drift_positive,rc_supervisory_selector,192,144,9,018088a800f9a38862c9903e5ae76157fb1aab148758e1eb117efde9f58231ab,3a77d63244b73e246365ef4330086043e2139548e2aaa4f0fc45a7c2b5826f00,0.62142564855924243,14.561384123860037,3.2706613082065381,0.88888888888888884,0,0.1111111111111111,3,20.413261141082142,0,0.15759066120692528,0.030682485906303712,0.049168286296560684,0.039232292583642574,8.2214853665106106e-06,0.074324999999999988,104,0.016185720299787494,21.199860461395375,0.074324999999999988,104,0.093741081825882019
twozone_apartment_hydronic,288,twozone_apartment_hydronic:day288,2,zone_drift_positive,tuned_rule_based,192,144,9,018088a800f9a38862c9903e5ae76157fb1aab148758e1eb117efde9f58231ab,3a77d63244b73e246365ef4330086043e2139548e2aaa4f0fc45a7c2b5826f00,0.54389246743895026,15.654069357252183,2.5852647454930362,0.44444444444444442,0.33333333333333331,0.22222222222222221,5,21.5006047147278,0,0.13400968059858792,0.027204156084919977,0.041811020346759431,0.039232292583642574,6.797724230612621e-06,0.074324999999999988,104,0.016185720299787494,21.199860461395375,0.074324999999999988,104,0.075569234539231991
twozone_apartment_hydronic,288,twozone_apartment_hydronic:day288,2,zone_stuck,constant_zero,192,144,0,018088a800f9a38862c9903e5ae76157fb1aab148758e1eb117efde9f58231ab,3a77d63244b73e246365ef4330086043e2139548e2aaa4f0fc45a7c2b5826f00,8.2615237046260029e-33,15.308988558333198,4.0385470091037782e-32,0,1,0,0,21.199860461395375,0,0.081291894856839922,0.016185720299787494,0.025363071195334055,0.039232292583642574,6.789054338012482e-06,0.074324999999999988,104,0.016185720299787494,21.199860461395375,0.074324999999999988,104,0
twozone_apartment_hydronic,288,twozone_apartment_hydronic:day288,2,zone_stuck,deterministic_wm,192,144,9,018088a800f9a38862c9903e5ae76157fb1aab148758e1eb117efde9f58231ab,3a77d63244b73e246365ef4330086043e2139548e2aaa4f0fc45a7c2b5826f00,0.42791906097765842,10.862533945875668,2.181027535418623,0.66666666666666663,0.22222222222222221,0.1111111111111111,5,16.735307224737248,0,0.12722190754379276,0.024922440369621695,0.039693235153663339,0.03978424852510639,1.6590139767401017e-05,0.074324999999999988,104,0.016185720299787494,21.199860461395375,0.074324999999999988,104,0.037309566091499248
twozone_apartment_hydronic,288,twozone_apartment_hydronic:day288,2,zone_stuck,direct_h8_rssm,192,144,9,018088a800f9a38862c9903e5ae76157fb1aab148758e1eb117efde9f58231ab,3a77d63244b73e246365ef4330086043e2139548e2aaa4f0fc45a7c2b5826f00,7.3401634137006201e-33,14.370117907232597,3.4347841055959318e-32,0.77777777777777779,0,0.22222222222222221,2,20.393144008081102,0,0.081291894856839922,0.016185720299787494,0.025363071195334055,0.039232292583642574,2.9745394577461325e-05,0.074324999999999988,104,0.016185720299787494,21.199860461395375,0.074324999999999988,104,-0.0038784444870878509
twozone_apartment_hydronic,288,twozone_apartment_hydronic:day288,2,zone_stuck,legacy_rssm,192,144,9,018088a800f9a38862c9903e5ae76157fb1aab148758e1eb117efde9f58231ab,3a77d63244b73e246365ef4330086043e2139548e2aaa4f0fc45a7c2b5826f00,2.1590065460944369e-33,8.3675670958723316,1.0492157975180718e-32,0.88888888888888884,0.1111111111111111,0,3,14.341440015617437,0,0.081291894856839922,0.016185720299787494,0.025363071195334055,0.039232292583642574,3.0632324174367255e-05,0.074324999999999988,104,0.016185720299787494,21.199860461395375,0.074324999999999988,104,-0.032973175220086241
twozone_apartment_hydronic,288,twozone_apartment_hydronic:day288,2,zone_stuck,rc_supervisory_selector,192,144,9,018088a800f9a38862c9903e5ae76157fb1aab148758e1eb117efde9f58231ab,3a77d63244b73e246365ef4330086043e2139548e2aaa4f0fc45a7c2b5826f00,0.62142564855924243,14.561384123860037,3.2706613082065381,0.88888888888888884,0,0.1111111111111111,3,20.413261141082142,0,0.15759066120692528,0.030682485906303712,0.049168286296560684,0.039232292583642574,7.7766176571049883e-06,0.074324999999999988,104,0.016185720299787494,21.199860461395375,0.074324999999999988,104,0.093741081825882019
twozone_apartment_hydronic,288,twozone_apartment_hydronic:day288,2,zone_stuck,tuned_rule_based,192,144,9,018088a800f9a38862c9903e5ae76157fb1aab148758e1eb117efde9f58231ab,3a77d63244b73e246365ef4330086043e2139548e2aaa4f0fc45a7c2b5826f00,0.54389246743895026,15.654069357252183,2.5852647454930362,0.44444444444444442,0.33333333333333331,0.22222222222222221,5,21.5006047147278,0,0.13400968059858792,0.027204156084919977,0.041811020346759431,0.039232292583642574,6.8877782150366204e-06,0.074324999999999988,104,0.016185720299787494,21.199860461395375,0.074324999999999988,104,0.075569234539231991
twozone_apartment_hydronic,297,twozone_apartment_hydronic:day297,2,clean,constant_zero,192,144,0,b856bf61cda25dc6033991d54ca0b8eccc1121fe06e33ddbb32ca196c17ce4e2,f9bf525524dcd6c4eb9579dc65bb84ddf956666f67317a4780460cacb3f718ff,0.87260453023510398,3.824465572065705,4.1852180383402926,0,1,0,0,7.7013860719821849,0,0.17691784210593031,0.036272483212776728,0.055198366737050246,0.039647876346711769,6.8450057277712733e-06,0.074324999999999988,104,0.036272483212776728,7.7013860719821849,0.074324999999999988,104,0
twozone_apartment_hydronic,297,twozone_apartment_hydronic:day297,2,clean,deterministic_wm,192,144,9,b856bf61cda25dc6033991d54ca0b8eccc1121fe06e33ddbb32ca196c17ce4e2,f9bf525524dcd6c4eb9579dc65bb84ddf956666f67317a4780460cacb3f718ff,1.2868745259041119,0.81485677102858745,6.773023820547956,0.1111111111111111,0.66666666666666663,0.22222222222222221,4,4.6419545270214035,0,0.23319303865423657,0.045345514033242135,0.07275622806012183,0.039777506443602229,1.7107193243926592e-05,0.074324999999999988,104,0.036272483212776728,7.7013860719821849,0.074324999999999988,104,0.046327392413076166
twozone_apartment_hydronic,297,twozone_apartment_hydronic:day297,2,clean,direct_h8_rssm,192,144,9,b856bf61cda25dc6033991d54ca0b8eccc1121fe06e33ddbb32ca196c17ce4e2,f9bf525524dcd6c4eb9579dc65bb84ddf956666f67317a4780460cacb3f718ff,0.89545822396501273,14.287537342373483,4.7129380208684877,1,0,0,1,17.824380616792922,0,0.1922849265055937,0.037572972724999994,0.059992897069745241,0.039848092581417194,3.1686876318078874e-05,0.074324999999999988,104,0.036272483212776728,7.7013860719821849,0.074324999999999988,104,0.057416911098235254
twozone_apartment_hydronic,297,twozone_apartment_hydronic:day297,2,clean,legacy_rssm,192,144,9,b856bf61cda25dc6033991d54ca0b8eccc1121fe06e33ddbb32ca196c17ce4e2,f9bf525524dcd6c4eb9579dc65bb84ddf956666f67317a4780460cacb3f718ff,0.99941606966133245,6.1953249272633002,5.2600845771649078,0.55555555555555558,0.33333333333333331,0.1111111111111111,7,9.8604644007361291,0,0.20389019075651757,0.039777972932675522,0.063613739516033482,0.039782154388750518,3.0073414991732728e-05,0.074324999999999988,104,0.036272483212776728,7.7013860719821849,0.074324999999999988,104,0.033962355277892799
twozone_apartment_hydronic,297,twozone_apartment_hydronic:day297,2,clean,rc_supervisory_selector,192,144,9,b856bf61cda25dc6033991d54ca0b8eccc1121fe06e33ddbb32ca196c17ce4e2,f9bf525524dcd6c4eb9579dc65bb84ddf956666f67317a4780460cacb3f718ff,1.4738539151175361,1.7424646303543767,7.7571258690396636,0.77777777777777779,0,0.22222222222222221,4,5.4607503928574701,0,0.26124044089057669,0.050674520458146764,0.081507017557859912,0.039647876346711769,7.9110918383462397e-06,0.074324999999999988,104,0.036272483212776728,7.7013860719821849,0.074324999999999988,104,0.086113264681333249
twozone_apartment_hydronic,297,twozone_apartment_hydronic:day297,2,clean,tuned_rule_based,192,144,9,b856bf61cda25dc6033991d54ca0b8eccc1121fe06e33ddbb32ca196c17ce4e2,f9bf525524dcd6c4eb9579dc65bb84ddf956666f67317a4780460cacb3f718ff,1.4490289058837229,0.72347650609427205,7.6264679257038051,0.55555555555555558,0.1111111111111111,0.33333333333333331,5,4.4663268445897977,0,0.25376371233415135,0.049253942032425946,0.079174278248255237,0.039647876346711769,6.7612513197654214e-06,0.074324999999999988,104,0.036272483212776728,7.7013860719821849,0.074324999999999988,104,0.071775850614995196
twozone_apartment_hydronic,297,twozone_apartment_hydronic:day297,2,zone_bias_negative,constant_zero,192,144,0,b856bf61cda25dc6033991d54ca0b8eccc1121fe06e33ddbb32ca196c17ce4e2,f9bf525524dcd6c4eb9579dc65bb84ddf956666f67317a4780460cacb3f718ff,0.87260453023510398,3.824465572065705,4.1852180383402926,0,1,0,0,7.7013860719821849,0,0.17691784210593031,0.036272483212776728,0.055198366737050246,0.039647876346711769,6.8552442731518874e-06,0.074324999999999988,104,0.036272483212776728,7.7013860719821849,0.074324999999999988,104,0
twozone_apartment_hydronic,297,twozone_apartment_hydronic:day297,2,zone_bias_negative,deterministic_wm,192,144,9,b856bf61cda25dc6033991d54ca0b8eccc1121fe06e33ddbb32ca196c17ce4e2,f9bf525524dcd6c4eb9579dc65bb84ddf956666f67317a4780460cacb3f718ff,1.2868745259041119,0.81485677102858745,6.773023820547956,0.1111111111111111,0.55555555555555558,0.33333333333333331,4,4.6419545270214035,0,0.23319303865423657,0.045345514033242135,0.07275622806012183,0.039777506443602229,1.6359665700347704e-05,0.074324999999999988,104,0.036272483212776728,7.7013860719821849,0.074324999999999988,104,0.046327392413076166
twozone_apartment_hydronic,297,twozone_apartment_hydronic:day297,2,zone_bias_negative,direct_h8_rssm,192,144,9,b856bf61cda25dc6033991d54ca0b8eccc1121fe06e33ddbb32ca196c17ce4e2,f9bf525524dcd6c4eb9579dc65bb84ddf956666f67317a4780460cacb3f718ff,0.89545822396501273,14.287537342373483,4.7129380208684877,1,0,0,1,17.824380616792922,0,0.1922849265055937,0.037572972724999994,0.059992897069745241,0.039848092581417194,3.0101048800749718e-05,0.074324999999999988,104,0.036272483212776728,7.7013860719821849,0.074324999999999988,104,0.057416911098235254
twozone_apartment_hydronic,297,twozone_apartment_hydronic:day297,2,zone_bias_negative,legacy_rssm,192,144,9,b856bf61cda25dc6033991d54ca0b8eccc1121fe06e33ddbb32ca196c17ce4e2,f9bf525524dcd6c4eb9579dc65bb84ddf956666f67317a4780460cacb3f718ff,0.93091344221638406,3.9800658666918025,4.8995444327178106,0.44444444444444442,0.44444444444444442,0.1111111111111111,7,7.6706968793901211,0,0.19956726949111797,0.0389566178922496,0.062264988081228809,0.039911953204324613,3.1328627090942313e-05,0.074324999999999988,104,0.036272483212776728,7.7013860719821849,0.074324999999999988,104,0.017909197678191775
twozone_apartment_hydronic,297,twozone_apartment_hydronic:day297,2,zone_bias_negative,rc_supervisory_selector,192,144,9,b856bf61cda25dc6033991d54ca0b8eccc1121fe06e33ddbb32ca196c17ce4e2,f9bf525524dcd6c4eb9579dc65bb84ddf956666f67317a4780460cacb3f718ff,1.4549885493299606,0.82101204503294412,7.6578344701576881,0.66666666666666663,0,0.33333333333333331,4,4.5534300033628679,0,0.25628845147404089,0.049733642469004968,0.079961996859900755,0.039647876346711769,7.6786039040628196e-06,0.074324999999999988,104,0.036272483212776728,7.7013860719821849,0.074324999999999988,104,0.07542166212887827
twozone_apartment_hydronic,297,twozone_apartment_hydronic:day297,2,zone_bias_negative,tuned_rule_based,192,144,9,b856bf61cda25dc6033991d54ca0b8eccc1121fe06e33ddbb32ca196c17ce4e2,f9bf525524dcd6c4eb9579dc65bb84ddf956666f67317a4780460cacb3f718ff,1.4490289058837229,0.72347650609427205,7.6264679257038051,0.55555555555555558,0.1111111111111111,0.33333333333333331,5,4.4663268445897977,0,0.25376371233415135,0.049253942032425946,0.079174278248255237,0.039647876346711769,6.7147284902203142e-06,0.074324999999999988,104,0.036272483212776728,7.7013860719821849,0.074324999999999988,104,0.071775850614995196
twozone_apartment_hydronic,297,twozone_apartment_hydronic:day297,2,zone_bias_positive,constant_zero,192,144,0,b856bf61cda25dc6033991d54ca0b8eccc1121fe06e33ddbb32ca196c17ce4e2,f9bf525524dcd6c4eb9579dc65bb84ddf956666f67317a4780460cacb3f718ff,0.87260453023510398,3.824465572065705,4.1852180383402926,0,1,0,0,7.7013860719821849,0,0.17691784210593031,0.036272483212776728,0.055198366737050246,0.039647876346711769,6.6637978989277707e-06,0.074324999999999988,104,0.036272483212776728,7.7013860719821849,0.074324999999999988,104,0
twozone_apartment_hydronic,297,twozone_apartment_hydronic:day297,2,zone_bias_positive,deterministic_wm,192,144,9,b856bf61cda25dc6033991d54ca0b8eccc1121fe06e33ddbb32ca196c17ce4e2,f9bf525524dcd6c4eb9579dc65bb84ddf956666f67317a4780460cacb3f718ff,0.92600350436022827,1.5336145381684787,4.8737026545275173,0.1111111111111111,0.66666666666666663,0.22222222222222221,5,5.3480565700929814,0,0.19674354468365474,0.038420110178831589,0.061383985941300262,0.039954382999671051,1.6818079856885872e-05,0.074324999999999988,104,0.036272483212776728,7.7013860719821849,0.074324999999999988,104,0.0031334568321166462
twozone_apartment_hydronic,297,twozone_apartment_hydronic:day297,2,zone_bias_positive,direct_h8_rssm,192,144,9,b856bf61cda25dc6033991d54ca0b8eccc1121fe06e33ddbb32ca196c17ce4e2,f9bf525524dcd6c4eb9579dc65bb84ddf956666f67317a4780460cacb3f718ff,0.89545822396501273,14.287537342373483,4.7129380208684877,1,0,0,1,17.824380616792922,0,0.1922849265055937,0.037572972724999994,0.059992897069745241,0.039848092581417194,2.9663064578302101e-05,0.074324999999999988,104,0.036272483212776728,7.7013860719821849,0.074324999999999988,104,0.057416911098235254
twozone_apartment_hydronic,297,twozone_apartment_hydronic:day297,2,zone_bias_positive,legacy_rssm,192,144,9,b856bf61cda25dc6033991d54ca0b8eccc1121fe06e33ddbb32ca196c17ce4e2,f9bf525524dcd6c4eb9579dc65bb84ddf956666f67317a4780460cacb3f718ff,1.0081086263441947,9.23476842517168,5.3058348754957612,0.66666666666666663,0.22222222222222221,0.1111111111111111,6,12.902755944683092,0,0.20966105583672043,0.040874437297914061,0.065414249421056753,0.039904713206980018,2.9288113567980308e-05,0.074324999999999988,104,0.036272483212776728,7.7013860719821849,0.074324999999999988,104,0.055964904696290826
twozone_apartment_hydronic,297,twozone_apartment_hydronic:day297,2,zone_bias_positive,rc_supervisory_selector,192,144,9,b856bf61cda25dc6033991d54ca0b8eccc1121fe06e33ddbb32ca196c17ce4e2,f9bf525524dcd6c4eb9579dc65bb84ddf956666f67317a4780460cacb3f718ff,1.5863538357350353,7.1942437102517971,8.3492307143949223,0.77777777777777779,0,0.22222222222222221,4,10.98902496965877,0,0.28193960909221927,0.054607362416458846,0.087965158036772406,0.039904713206980018,7.8986924078798753e-06,0.074324999999999988,104,0.036272483212776728,7.7013860719821849,0.074324999999999988,104,0.13914856776713194
twozone_apartment_hydronic,297,twozone_apartment_hydronic:day297,2,zone_bias_positive,tuned_rule_based,192,144,9,b856bf61cda25dc6033991d54ca0b8eccc1121fe06e33ddbb32ca196c17ce4e2,f9bf525524dcd6c4eb9579dc65bb84ddf956666f67317a4780460cacb3f718ff,1.4490289058837229,0.72347650609427205,7.6264679257038051,0.55555555555555558,0.22222222222222221,0.22222222222222221,6,4.4663268445897977,0,0.25376371233415135,0.049253942032425946,0.079174278248255237,0.039647876346711769,6.6060642644095516e-06,0.074324999999999988,104,0.036272483212776728,7.7013860719821849,0.074324999999999988,104,0.071775850614995196
twozone_apartment_hydronic,297,twozone_apartment_hydronic:day297,2,zone_drift_negative,constant_zero,192,144,0,b856bf61cda25dc6033991d54ca0b8eccc1121fe06e33ddbb32ca196c17ce4e2,f9bf525524dcd6c4eb9579dc65bb84ddf956666f67317a4780460cacb3f718ff,0.87260453023510398,3.824465572065705,4.1852180383402926,0,1,0,0,7.7013860719821849,0,0.17691784210593031,0.036272483212776728,0.055198366737050246,0.039647876346711769,6.6579601804900818e-06,0.074324999999999988,104,0.036272483212776728,7.7013860719821849,0.074324999999999988,104,0
twozone_apartment_hydronic,297,twozone_apartment_hydronic:day297,2,zone_drift_negative,deterministic_wm,192,144,9,b856bf61cda25dc6033991d54ca0b8eccc1121fe06e33ddbb32ca196c17ce4e2,f9bf525524dcd6c4eb9579dc65bb84ddf956666f67317a4780460cacb3f718ff,1.2868745259041119,0.81485677102858745,6.773023820547956,0.1111111111111111,0.55555555555555558,0.33333333333333331,4,4.6419545270214035,0,0.23319303865423657,0.045345514033242135,0.07275622806012183,0.039777506443602229,1.6030462208426644e-05,0.074324999999999988,104,0.036272483212776728,7.7013860719821849,0.074324999999999988,104,0.046327392413076166
twozone_apartment_hydronic,297,twozone_apartment_hydronic:day297,2,zone_drift_negative,direct_h8_rssm,192,144,9,b856bf61cda25dc6033991d54ca0b8eccc1121fe06e33ddbb32ca196c17ce4e2,f9bf525524dcd6c4eb9579dc65bb84ddf956666f67317a4780460cacb3f718ff,0.89545822396501273,14.287537342373483,4.7129380208684877,1,0,0,1,17.824380616792922,0,0.1922849265055937,0.037572972724999994,0.059992897069745241,0.039848092581417194,2.9501249236794253e-05,0.074324999999999988,104,0.036272483212776728,7.7013860719821849,0.074324999999999988,104,0.057416911098235254
twozone_apartment_hydronic,297,twozone_apartment_hydronic:day297,2,zone_drift_negative,legacy_rssm,192,144,9,b856bf61cda25dc6033991d54ca0b8eccc1121fe06e33ddbb32ca196c17ce4e2,f9bf525524dcd6c4eb9579dc65bb84ddf956666f67317a4780460cacb3f718ff,0.93091344221638406,3.9800658666918025,4.8995444327178106,0.44444444444444442,0.44444444444444442,0.1111111111111111,7,7.6706968793901211,0,0.19956726949111797,0.0389566178922496,0.062264988081228809,0.039911953204324613,2.998844560597649e-05,0.074324999999999988,104,0.036272483212776728,7.7013860719821849,0.074324999999999988,104,0.017909197678191775
twozone_apartment_hydronic,297,twozone_apartment_hydronic:day297,2,zone_drift_negative,rc_supervisory_selector,192,144,9,b856bf61cda25dc6033991d54ca0b8eccc1121fe06e33ddbb32ca196c17ce4e2,f9bf525524dcd6c4eb9579dc65bb84ddf956666f67317a4780460cacb3f718ff,1.4549885493299606,0.82101204503294412,7.6578344701576881,0.66666666666666663,0,0.33333333333333331,4,4.5534300033628679,0,0.25628845147404089,0.049733642469004968,0.079961996859900755,0.039647876346711769,7.6309465404996477e-06,0.074324999999999988,104,0.036272483212776728,7.7013860719821849,0.074324999999999988,104,0.07542166212887827
twozone_apartment_hydronic,297,twozone_apartment_hydronic:day297,2,zone_drift_negative,tuned_rule_based,192,144,9,b856bf61cda25dc6033991d54ca0b8eccc1121fe06e33ddbb32ca196c17ce4e2,f9bf525524dcd6c4eb9579dc65bb84ddf956666f67317a4780460cacb3f718ff,1.4490289058837229,0.72347650609427205,7.6264679257038051,0.55555555555555558,0.1111111111111111,0.33333333333333331,5,4.4663268445897977,0,0.25376371233415135,0.049253942032425946,0.079174278248255237,0.039647876346711769,6.7882429658846509e-06,0.074324999999999988,104,0.036272483212776728,7.7013860719821849,0.074324999999999988,104,0.071775850614995196
twozone_apartment_hydronic,297,twozone_apartment_hydronic:day297,2,zone_drift_positive,constant_zero,192,144,0,b856bf61cda25dc6033991d54ca0b8eccc1121fe06e33ddbb32ca196c17ce4e2,f9bf525524dcd6c4eb9579dc65bb84ddf956666f67317a4780460cacb3f718ff,0.87260453023510398,3.824465572065705,4.1852180383402926,0,1,0,0,7.7013860719821849,0,0.17691784210593031,0.036272483212776728,0.055198366737050246,0.039647876346711769,6.7761805669175396e-06,0.074324999999999988,104,0.036272483212776728,7.7013860719821849,0.074324999999999988,104,0
twozone_apartment_hydronic,297,twozone_apartment_hydronic:day297,2,zone_drift_positive,deterministic_wm,192,144,9,b856bf61cda25dc6033991d54ca0b8eccc1121fe06e33ddbb32ca196c17ce4e2,f9bf525524dcd6c4eb9579dc65bb84ddf956666f67317a4780460cacb3f718ff,0.92600350436022827,1.5336145381684787,4.8737026545275173,0.1111111111111111,0.66666666666666663,0.22222222222222221,5,5.3480565700929814,0,0.19674354468365474,0.038420110178831589,0.061383985941300262,0.039954382999671051,1.6608894252721624e-05,0.074324999999999988,104,0.036272483212776728,7.7013860719821849,0.074324999999999988,104,0.0031334568321166462
twozone_apartment_hydronic,297,twozone_apartment_hydronic:day297,2,zone_drift_positive,direct_h8_rssm,192,144,9,b856bf61cda25dc6033991d54ca0b8eccc1121fe06e33ddbb32ca196c17ce4e2,f9bf525524dcd6c4eb9579dc65bb84ddf956666f67317a4780460cacb3f718ff,0.89545822396501273,14.287537342373483,4.7129380208684877,1,0,0,1,17.824380616792922,0,0.1922849265055937,0.037572972724999994,0.059992897069745241,0.039848092581417194,3.1039827157065503e-05,0.074324999999999988,104,0.036272483212776728,7.7013860719821849,0.074324999999999988,104,0.057416911098235254
twozone_apartment_hydronic,297,twozone_apartment_hydronic:day297,2,zone_drift_positive,legacy_rssm,192,144,9,b856bf61cda25dc6033991d54ca0b8eccc1121fe06e33ddbb32ca196c17ce4e2,f9bf525524dcd6c4eb9579dc65bb84ddf956666f67317a4780460cacb3f718ff,1.0081086263441947,9.23476842517168,5.3058348754957612,0.66666666666666663,0.22222222222222221,0.1111111111111111,6,12.902755944683092,0,0.20966105583672043,0.040874437297914061,0.065414249421056753,0.039904713206980018,3.0171341366238062e-05,0.074324999999999988,104,0.036272483212776728,7.7013860719821849,0.074324999999999988,104,0.055964904696290826
twozone_apartment_hydronic,297,twozone_apartment_hydronic:day297,2,zone_drift_positive,rc_supervisory_selector,192,144,9,b856bf61cda25dc6033991d54ca0b8eccc1121fe06e33ddbb32ca196c17ce4e2,f9bf525524dcd6c4eb9579dc65bb84ddf956666f67317a4780460cacb3f718ff,1.5863538357350353,7.1942437102517971,8.3492307143949223,0.77777777777777779,0,0.22222222222222221,4,10.98902496965877,0,0.28193960909221927,0.054607362416458846,0.087965158036772406,0.039904713206980018,7.8153083184349314e-06,0.074324999999999988,104,0.036272483212776728,7.7013860719821849,0.074324999999999988,104,0.13914856776713194
twozone_apartment_hydronic,297,twozone_apartment_hydronic:day297,2,zone_drift_positive,tuned_rule_based,192,144,9,b856bf61cda25dc6033991d54ca0b8eccc1121fe06e33ddbb32ca196c17ce4e2,f9bf525524dcd6c4eb9579dc65bb84ddf956666f67317a4780460cacb3f718ff,1.4490289058837229,0.72347650609427205,7.6264679257038051,0.55555555555555558,0.22222222222222221,0.22222222222222221,6,4.4663268445897977,0,0.25376371233415135,0.049253942032425946,0.079174278248255237,0.039647876346711769,7.009553382256614e-06,0.074324999999999988,104,0.036272483212776728,7.7013860719821849,0.074324999999999988,104,0.071775850614995196
twozone_apartment_hydronic,297,twozone_apartment_hydronic:day297,2,zone_stuck,constant_zero,192,144,0,b856bf61cda25dc6033991d54ca0b8eccc1121fe06e33ddbb32ca196c17ce4e2,f9bf525524dcd6c4eb9579dc65bb84ddf956666f67317a4780460cacb3f718ff,0.87260453023510398,3.824465572065705,4.1852180383402926,0,1,0,0,7.7013860719821849,0,0.17691784210593031,0.036272483212776728,0.055198366737050246,0.039647876346711769,6.5272821112383646e-06,0.074324999999999988,104,0.036272483212776728,7.7013860719821849,0.074324999999999988,104,0
twozone_apartment_hydronic,297,twozone_apartment_hydronic:day297,2,zone_stuck,deterministic_wm,192,144,9,b856bf61cda25dc6033991d54ca0b8eccc1121fe06e33ddbb32ca196c17ce4e2,f9bf525524dcd6c4eb9579dc65bb84ddf956666f67317a4780460cacb3f718ff,0.9199644294363658,1.0123005243477934,4.8419180496650833,0,0.77777777777777779,0.22222222222222221,3,4.8339896633875403,0,0.19324872981232416,0.037756095353278778,0.060293603701445125,0.039742833400390157,1.7185258338311303e-05,0.074324999999999988,104,0.036272483212776728,7.7013860719821849,0.074324999999999988,104,-0.0038049868985344879
twozone_apartment_hydronic,297,twozone_apartment_hydronic:day297,2,zone_stuck,direct_h8_rssm,192,144,9,b856bf61cda25dc6033991d54ca0b8eccc1121fe06e33ddbb32ca196c17ce4e2,f9bf525524dcd6c4eb9579dc65bb84ddf956666f67317a4780460cacb3f718ff,0.89545822396501273,14.287537342373483,4.7129380208684877,1,0,0,1,17.824380616792922,0,0.1922849265055937,0.037572972724999994,0.059992897069745241,0.039848092581417194,3.098655676273082e-05,0.074324999999999988,104,0.036272483212776728,7.7013860719821849,0.074324999999999988,104,0.057416911098235254
twozone_apartment_hydronic,297,twozone_apartment_hydronic:day297,2,zone_stuck,legacy_rssm,192,144,9,b856bf61cda25dc6033991d54ca0b8eccc1121fe06e33ddbb32ca196c17ce4e2,f9bf525524dcd6c4eb9579dc65bb84ddf956666f67317a4780460cacb3f718ff,1.0081086263441947,9.23476842517168,5.3058348754957612,0.66666666666666663,0.22222222222222221,0.1111111111111111,6,12.902755944683092,0,0.20966105583672043,0.040874437297914061,0.065414249421056753,0.039904713206980018,3.0541363117513168e-05,0.074324999999999988,104,0.036272483212776728,7.7013860719821849,0.074324999999999988,104,0.055964904696290826
twozone_apartment_hydronic,297,twozone_apartment_hydronic:day297,2,zone_stuck,rc_supervisory_selector,192,144,9,b856bf61cda25dc6033991d54ca0b8eccc1121fe06e33ddbb32ca196c17ce4e2,f9bf525524dcd6c4eb9579dc65bb84ddf956666f67317a4780460cacb3f718ff,1.5863538357350353,7.1942437102517971,8.3492307143949223,0.77777777777777779,0,0.22222222222222221,4,10.98902496965877,0,0.28193960909221927,0.054607362416458846,0.087965158036772406,0.039904713206980018,7.9242416146607372e-06,0.074324999999999988,104,0.036272483212776728,7.7013860719821849,0.074324999999999988,104,0.13914856776713194
twozone_apartment_hydronic,297,twozone_apartment_hydronic:day297,2,zone_stuck,tuned_rule_based,192,144,9,b856bf61cda25dc6033991d54ca0b8eccc1121fe06e33ddbb32ca196c17ce4e2,f9bf525524dcd6c4eb9579dc65bb84ddf956666f67317a4780460cacb3f718ff,1.4490289058837229,0.72347650609427205,7.6264679257038051,0.55555555555555558,0.22222222222222221,0.22222222222222221,6,4.4663268445897977,0,0.25376371233415135,0.049253942032425946,0.079174278248255237,0.039647876346711769,6.9216921830191187e-06,0.074324999999999988,104,0.036272483212776728,7.7013860719821849,0.074324999999999988,104,0.071775850614995196
twozone_apartment_hydronic,306,twozone_apartment_hydronic:day306,1,clean,constant_zero,192,144,0,bb0ccb5d3723c15c44e3535ae82aeeeddc32bd555c099ea39b46f2b80516e0cb,2a12ada43e59aa98797ebb1619f1a6f3cd7ccb3d990c1b3ac29ac3f28bd49823,1.0698546099680548,0,5.6308137366739723,0,1,0,0,1.7205103116029123,0,0.21403463506486231,0.043301143664498026,0.066778806140237054,0.039021046944415515,6.8610015478572438e-06,0.074324999999999988,144,0.043301143664498026,1.7205103116029123,0.074324999999999988,144,0
twozone_apartment_hydronic,306,twozone_apartment_hydronic:day306,1,clean,deterministic_wm,192,144,9,bb0ccb5d3723c15c44e3535ae82aeeeddc32bd555c099ea39b46f2b80516e0cb,2a12ada43e59aa98797ebb1619f1a6f3cd7ccb3d990c1b3ac29ac3f28bd49823,1.6312852111332365,0,8.5857116375433513,0.55555555555555558,0.44444444444444442,0,5,1.7205103116029123,0,0.27084462263783682,0.054095041303363199,0.084503522263005088,0.039021046944415515,1.6845354443029169e-05,0.074324999999999988,144,0.043301143664498026,1.7205103116029123,0.074324999999999988,144,0.072612833090246715
twozone_apartment_hydronic,306,twozone_apartment_hydronic:day306,1,clean,direct_h8_rssm,192,144,9,bb0ccb5d3723c15c44e3535ae82aeeeddc32bd555c099ea39b46f2b80516e0cb,2a12ada43e59aa98797ebb1619f1a6f3cd7ccb3d990c1b3ac29ac3f28bd49823,2.0102754632134903,0,10.020598644918351,1,0,0,1,1.7205103116029123,0,0.29798082151393296,0.061416237695636942,0.092970016312347081,0.039021046944415515,3.0357406332161343e-05,0.074324999999999988,144,0.043301143664498026,1.7205103116029123,0.074324999999999988,144,0.12186407017247843
twozone_apartment_hydronic,306,twozone_apartment_hydronic:day306,1,clean,legacy_rssm,192,144,9,bb0ccb5d3723c15c44e3535ae82aeeeddc32bd555c099ea39b46f2b80516e0cb,2a12ada43e59aa98797ebb1619f1a6f3cd7ccb3d990c1b3ac29ac3f28bd49823,2.0178838695738661,0,10.620441418809822,0.77777777777777779,0.22222222222222221,0,1,1.7205103116029123,0,0.32332915460284628,0.064067102376714993,0.10087869623608807,0.039789346108777497,3.0644120276841126e-05,0.074324999999999988,144,0.043301143664498026,1.7205103116029123,0.074324999999999988,144,0.13969699772766209
twozone_apartment_hydronic,306,twozone_apartment_hydronic:day306,1,clean,rc_supervisory_selector,192,144,9,bb0ccb5d3723c15c44e3535ae82aeeeddc32bd555c099ea39b46f2b80516e0cb,2a12ada43e59aa98797ebb1619f1a6f3cd7ccb3d990c1b3ac29ac3f28bd49823,2.0102754632134903,0,10.020598644918351,1,0,0,1,1.7205103116029123,0,0.29798082151393296,0.061416237695636942,0.092970016312347081,0.039021046944415515,7.9993954781115652e-06,0.074324999999999988,144,0.043301143664498026,1.7205103116029123,0.074324999999999988,144,0.12186407017247843
twozone_apartment_hydronic,306,twozone_apartment_hydronic:day306,1,clean,tuned_rule_based,192,144,9,bb0ccb5d3723c15c44e3535ae82aeeeddc32bd555c099ea39b46f2b80516e0cb,2a12ada43e59aa98797ebb1619f1a6f3cd7ccb3d990c1b3ac29ac3f28bd49823,1.8532089736635367,0,9.4345382438638588,0.55555555555555558,0.44444444444444442,0,4,1.7205103116029123,0,0.29029875870520788,0.058951864685799611,0.090573212716024865,0.039324437709405767,6.8540792259939733e-06,0.074324999999999988,144,0.043301143664498026,1.7205103116029123,0.074324999999999988,144,0.10528571154592389
twozone_apartment_hydronic,306,twozone_apartment_hydronic:day306,1,zone_bias_negative,constant_zero,192,144,0,bb0ccb5d3723c15c44e3535ae82aeeeddc32bd555c099ea39b46f2b80516e0cb,2a12ada43e59aa98797ebb1619f1a6f3cd7ccb3d990c1b3ac29ac3f28bd49823,1.0698546099680548,0,5.6308137366739723,0,1,0,0,1.7205103116029123,0,0.21403463506486231,0.043301143664498026,0.066778806140237054,0.039021046944415515,6.7818809762259018e-06,0.074324999999999988,144,0.043301143664498026,1.7205103116029123,0.074324999999999988,144,0
twozone_apartment_hydronic,306,twozone_apartment_hydronic:day306,1,zone_bias_negative,deterministic_wm,192,144,9,bb0ccb5d3723c15c44e3535ae82aeeeddc32bd555c099ea39b46f2b80516e0cb,2a12ada43e59aa98797ebb1619f1a6f3cd7ccb3d990c1b3ac29ac3f28bd49823,1.803950869649503,0,9.4944782613131746,0.66666666666666663,0.33333333333333331,0,5,1.7205103116029123,0,0.29078957756017004,0.057884582738606499,0.090726348198773066,0.039986171286396983,1.666741845495414e-05,0.074324999999999988,144,0.043301143664498026,1.7205103116029123,0.074324999999999988,144,0.098105880081456279
twozone_apartment_hydronic,306,twozone_apartment_hydronic:day306,1,zone_bias_negative,direct_h8_rssm,192,144,9,bb0ccb5d3723c15c44e3535ae82aeeeddc32bd555c099ea39b46f2b80516e0cb,2a12ada43e59aa98797ebb1619f1a6f3cd7ccb3d990c1b3ac29ac3f28bd49823,2.0102754632134903,0,10.020598644918351,1,0,0,1,1.7205103116029123,0,0.29798082151393296,0.061416237695636942,0.092970016312347081,0.039021046944415515,3.0538873522693575e-05,0.074324999999999988,144,0.043301143664498026,1.7205103116029123,0.074324999999999988,144,0.12186407017247843
twozone_apartment_hydronic,306,twozone_apartment_hydronic:day306,1,zone_bias_negative,legacy_rssm,192,144,9,bb0ccb5d3723c15c44e3535ae82aeeeddc32bd555c099ea39b46f2b80516e0cb,2a12ada43e59aa98797ebb1619f1a6f3cd7ccb3d990c1b3ac29ac3f28bd49823,1.9470495878129852,0,10.247629409542029,0.88888888888888884,0.1111111111111111,0,1,1.7205103116029123,0,0.31886106473630654,0.063218165302072429,0.099484652197727633,0.039714477304089987,3.2139764822382373e-05,0.074324999999999988,144,0.043301143664498026,1.7205103116029123,0.074324999999999988,144,0.13398601841624222
twozone_apartment_hydronic,306,twozone_apartment_hydronic:day306,1,zone_bias_negative,rc_supervisory_selector,192,144,9,bb0ccb5d3723c15c44e3535ae82aeeeddc32bd555c099ea39b46f2b80516e0cb,2a12ada43e59aa98797ebb1619f1a6f3cd7ccb3d990c1b3ac29ac3f28bd49823,2.0102754632134903,0,10.020598644918351,1,0,0,1,1.7205103116029123,0,0.29798082151393296,0.061416237695636942,0.092970016312347081,0.039021046944415515,7.9578338077139071e-06,0.074324999999999988,144,0.043301143664498026,1.7205103116029123,0.074324999999999988,144,0.12186407017247843
twozone_apartment_hydronic,306,twozone_apartment_hydronic:day306,1,zone_bias_negative,tuned_rule_based,192,144,9,bb0ccb5d3723c15c44e3535ae82aeeeddc32bd555c099ea39b46f2b80516e0cb,2a12ada43e59aa98797ebb1619f1a6f3cd7ccb3d990c1b3ac29ac3f28bd49823,1.8532089736635367,0,9.4345382438638588,0.55555555555555558,0.44444444444444442,0,4,1.7205103116029123,0,0.29029875870520788,0.058951864685799611,0.090573212716024865,0.039324437709405767,6.7389489884567907e-06,0.074324999999999988,144,0.043301143664498026,1.7205103116029123,0.074324999999999988,144,0.10528571154592389
twozone_apartment_hydronic,306,twozone_apartment_hydronic:day306,1,zone_bias_positive,constant_zero,192,144,0,bb0ccb5d3723c15c44e3535ae82aeeeddc32bd555c099ea39b46f2b80516e0cb,2a12ada43e59aa98797ebb1619f1a6f3cd7ccb3d990c1b3ac29ac3f28bd49823,1.0698546099680548,0,5.6308137366739723,0,1,0,0,1.7205103116029123,0,0.21403463506486231,0.043301143664498026,0.066778806140237054,0.039021046944415515,6.9618225097656257e-06,0.074324999999999988,144,0.043301143664498026,1.7205103116029123,0.074324999999999988,144,0
twozone_apartment_hydronic,306,twozone_apartment_hydronic:day306,1,zone_bias_positive,deterministic_wm,192,144,9,bb0ccb5d3723c15c44e3535ae82aeeeddc32bd555c099ea39b46f2b80516e0cb,2a12ada43e59aa98797ebb1619f1a6f3cd7ccb3d990c1b3ac29ac3f28bd49823,1.631139865526094,0,8.5849466606636522,0.44444444444444442,0.55555555555555558,0,5,1.7205103116029123,0,0.26856703329594367,0.053662299328403482,0.083792914388334416,0.039254850452063242,1.6329755888490081e-05,0.074324999999999988,144,0.043301143664498026,1.7205103116029123,0.074324999999999988,144,0.069701686269125179
twozone_apartment_hydronic,306,twozone_apartment_hydronic:day306,1,zone_bias_positive,direct_h8_rssm,192,144,9,bb0ccb5d3723c15c44e3535ae82aeeeddc32bd555c099ea39b46f2b80516e0cb,2a12ada43e59aa98797ebb1619f1a6f3cd7ccb3d990c1b3ac29ac3f28bd49823,2.0102754632134903,0,10.020598644918351,1,0,0,1,1.7205103116029123,0,0.29798082151393296,0.061416237695636942,0.092970016312347081,0.039021046944415515,3.0775572270276308e-05,0.074324999999999988,144,0.043301143664498026,1.7205103116029123,0.074324999999999988,144,0.12186407017247843
twozone_apartment_hydronic,306,twozone_apartment_hydronic:day306,1,zone_bias_positive,legacy_rssm,192,144,9,bb0ccb5d3723c15c44e3535ae82aeeeddc32bd555c099ea39b46f2b80516e0cb,2a12ada43e59aa98797ebb1619f1a6f3cd7ccb3d990c1b3ac29ac3f28bd49823,2.0178838695738661,0,10.620441418809822,0.77777777777777779,0.22222222222222221,0,1,1.7205103116029123,0,0.32332915460284628,0.064067102376714993,0.10087869623608807,0.039789346108777497,3.071520895788737e-05,0.074324999999999988,144,0.043301143664498026,1.7205103116029123,0.074324999999999988,144,0.13969699772766209
twozone_apartment_hydronic,306,twozone_apartment_hydronic:day306,1,zone_bias_positive,rc_supervisory_selector,192,144,9,bb0ccb5d3723c15c44e3535ae82aeeeddc32bd555c099ea39b46f2b80516e0cb,2a12ada43e59aa98797ebb1619f1a6f3cd7ccb3d990c1b3ac29ac3f28bd49823,2.0102754632134903,0,10.020598644918351,1,0,0,1,1.7205103116029123,0,0.29798082151393296,0.061416237695636942,0.092970016312347081,0.039021046944415515,7.9354066499240725e-06,0.074324999999999988,144,0.043301143664498026,1.7205103116029123,0.074324999999999988,144,0.12186407017247843
twozone_apartment_hydronic,306,twozone_apartment_hydronic:day306,1,zone_bias_positive,tuned_rule_based,192,144,9,bb0ccb5d3723c15c44e3535ae82aeeeddc32bd555c099ea39b46f2b80516e0cb,2a12ada43e59aa98797ebb1619f1a6f3cd7ccb3d990c1b3ac29ac3f28bd49823,1.8532089736635367,0,9.4345382438638588,0.55555555555555558,0.44444444444444442,0,4,1.7205103116029123,0,0.29029875870520788,0.058951864685799611,0.090573212716024865,0.039324437709405767,6.863430116397132e-06,0.074324999999999988,144,0.043301143664498026,1.7205103116029123,0.074324999999999988,144,0.10528571154592389
twozone_apartment_hydronic,306,twozone_apartment_hydronic:day306,1,zone_drift_negative,constant_zero,192,144,0,bb0ccb5d3723c15c44e3535ae82aeeeddc32bd555c099ea39b46f2b80516e0cb,2a12ada43e59aa98797ebb1619f1a6f3cd7ccb3d990c1b3ac29ac3f28bd49823,1.0698546099680548,0,5.6308137366739723,0,1,0,0,1.7205103116029123,0,0.21403463506486231,0.043301143664498026,0.066778806140237054,0.039021046944415515,6.820908669055098e-06,0.074324999999999988,144,0.043301143664498026,1.7205103116029123,0.074324999999999988,144,0
twozone_apartment_hydronic,306,twozone_apartment_hydronic:day306,1,zone_drift_negative,deterministic_wm,192,144,9,bb0ccb5d3723c15c44e3535ae82aeeeddc32bd555c099ea39b46f2b80516e0cb,2a12ada43e59aa98797ebb1619f1a6f3cd7ccb3d990c1b3ac29ac3f28bd49823,1.6312852111332365,0,8.5857116375433513,0.55555555555555558,0.44444444444444442,0,5,1.7205103116029123,0,0.27084462263783682,0.054095041303363199,0.084503522263005088,0.039021046944415515,1.6989240540953278e-05,0.074324999999999988,144,0.043301143664498026,1.7205103116029123,0.074324999999999988,144,0.072612833090246715
twozone_apartment_hydronic,306,twozone_apartment_hydronic:day306,1,zone_drift_negative,direct_h8_rssm,192,144,9,bb0ccb5d3723c15c44e3535ae82aeeeddc32bd555c099ea39b46f2b80516e0cb,2a12ada43e59aa98797ebb1619f1a6f3cd7ccb3d990c1b3ac29ac3f28bd49823,2.0102754632134903,0,10.020598644918351,1,0,0,1,1.7205103116029123,0,0.29798082151393296,0.061416237695636942,0.092970016312347081,0.039021046944415515,3.0309431354551552e-05,0.074324999999999988,144,0.043301143664498026,1.7205103116029123,0.074324999999999988,144,0.12186407017247843
twozone_apartment_hydronic,306,twozone_apartment_hydronic:day306,1,zone_drift_negative,legacy_rssm,192,144,9,bb0ccb5d3723c15c44e3535ae82aeeeddc32bd555c099ea39b46f2b80516e0cb,2a12ada43e59aa98797ebb1619f1a6f3cd7ccb3d990c1b3ac29ac3f28bd49823,2.0178838695738661,0,10.620441418809822,0.77777777777777779,0.22222222222222221,0,1,1.7205103116029123,0,0.32332915460284628,0.064067102376714993,0.10087869623608807,0.039789346108777497,3.1121849250904411e-05,0.074324999999999988,144,0.043301143664498026,1.7205103116029123,0.074324999999999988,144,0.13969699772766209
twozone_apartment_hydronic,306,twozone_apartment_hydronic:day306,1,zone_drift_negative,rc_supervisory_selector,192,144,9,bb0ccb5d3723c15c44e3535ae82aeeeddc32bd555c099ea39b46f2b80516e0cb,2a12ada43e59aa98797ebb1619f1a6f3cd7ccb3d990c1b3ac29ac3f28bd49823,2.0102754632134903,0,10.020598644918351,1,0,0,1,1.7205103116029123,0,0.29798082151393296,0.061416237695636942,0.092970016312347081,0.039021046944415515,7.6485124003269977e-06,0.074324999999999988,144,0.043301143664498026,1.7205103116029123,0.074324999999999988,144,0.12186407017247843
twozone_apartment_hydronic,306,twozone_apartment_hydronic:day306,1,zone_drift_negative,tuned_rule_based,192,144,9,bb0ccb5d3723c15c44e3535ae82aeeeddc32bd555c099ea39b46f2b80516e0cb,2a12ada43e59aa98797ebb1619f1a6f3cd7ccb3d990c1b3ac29ac3f28bd49823,1.8532089736635367,0,9.4345382438638588,0.55555555555555558,0.44444444444444442,0,4,1.7205103116029123,0,0.29029875870520788,0.058951864685799611,0.090573212716024865,0.039324437709405767,6.6295288689542893e-06,0.074324999999999988,144,0.043301143664498026,1.7205103116029123,0.074324999999999988,144,0.10528571154592389
twozone_apartment_hydronic,306,twozone_apartment_hydronic:day306,1,zone_drift_positive,constant_zero,192,144,0,bb0ccb5d3723c15c44e3535ae82aeeeddc32bd555c099ea39b46f2b80516e0cb,2a12ada43e59aa98797ebb1619f1a6f3cd7ccb3d990c1b3ac29ac3f28bd49823,1.0698546099680548,0,5.6308137366739723,0,1,0,0,1.7205103116029123,0,0.21403463506486231,0.043301143664498026,0.066778806140237054,0.039021046944415515,6.7682374418301944e-06,0.074324999999999988,144,0.043301143664498026,1.7205103116029123,0.074324999999999988,144,0
twozone_apartment_hydronic,306,twozone_apartment_hydronic:day306,1,zone_drift_positive,deterministic_wm,192,144,9,bb0ccb5d3723c15c44e3535ae82aeeeddc32bd555c099ea39b46f2b80516e0cb,2a12ada43e59aa98797ebb1619f1a6f3cd7ccb3d990c1b3ac29ac3f28bd49823,1.6312852111332365,0,8.5857116375433513,0.55555555555555558,0.44444444444444442,0,5,1.7205103116029123,0,0.27084462263783682,0.054095041303363199,0.084503522263005088,0.039021046944415515,1.6284443875812667e-05,0.074324999999999988,144,0.043301143664498026,1.7205103116029123,0.074324999999999988,144,0.072612833090246715
twozone_apartment_hydronic,306,twozone_apartment_hydronic:day306,1,zone_drift_positive,direct_h8_rssm,192,144,9,bb0ccb5d3723c15c44e3535ae82aeeeddc32bd555c099ea39b46f2b80516e0cb,2a12ada43e59aa98797ebb1619f1a6f3cd7ccb3d990c1b3ac29ac3f28bd49823,2.0102754632134903,0,10.020598644918351,1,0,0,1,1.7205103116029123,0,0.29798082151393296,0.061416237695636942,0.092970016312347081,0.039021046944415515,2.9259829274300165e-05,0.074324999999999988,144,0.043301143664498026,1.7205103116029123,0.074324999999999988,144,0.12186407017247843
twozone_apartment_hydronic,306,twozone_apartment_hydronic:day306,1,zone_drift_positive,legacy_rssm,192,144,9,bb0ccb5d3723c15c44e3535ae82aeeeddc32bd555c099ea39b46f2b80516e0cb,2a12ada43e59aa98797ebb1619f1a6f3cd7ccb3d990c1b3ac29ac3f28bd49823,2.0178838695738661,0,10.620441418809822,0.77777777777777779,0.22222222222222221,0,1,1.7205103116029123,0,0.32332915460284628,0.064067102376714993,0.10087869623608807,0.039789346108777497,3.2122952082324954e-05,0.074324999999999988,144,0.043301143664498026,1.7205103116029123,0.074324999999999988,144,0.13969699772766209
twozone_apartment_hydronic,306,twozone_apartment_hydronic:day306,1,zone_drift_positive,rc_supervisory_selector,192,144,9,bb0ccb5d3723c15c44e3535ae82aeeeddc32bd555c099ea39b46f2b80516e0cb,2a12ada43e59aa98797ebb1619f1a6f3cd7ccb3d990c1b3ac29ac3f28bd49823,2.0102754632134903,0,10.020598644918351,1,0,0,1,1.7205103116029123,0,0.29798082151393296,0.061416237695636942,0.092970016312347081,0.039021046944415515,7.783662031527658e-06,0.074324999999999988,144,0.043301143664498026,1.7205103116029123,0.074324999999999988,144,0.12186407017247843
twozone_apartment_hydronic,306,twozone_apartment_hydronic:day306,1,zone_drift_positive,tuned_rule_based,192,144,9,bb0ccb5d3723c15c44e3535ae82aeeeddc32bd555c099ea39b46f2b80516e0cb,2a12ada43e59aa98797ebb1619f1a6f3cd7ccb3d990c1b3ac29ac3f28bd49823,1.8532089736635367,0,9.4345382438638588,0.55555555555555558,0.44444444444444442,0,4,1.7205103116029123,0,0.29029875870520788,0.058951864685799611,0.090573212716024865,0.039324437709405767,6.6348298335227952e-06,0.074324999999999988,144,0.043301143664498026,1.7205103116029123,0.074324999999999988,144,0.10528571154592389
twozone_apartment_hydronic,306,twozone_apartment_hydronic:day306,1,zone_stuck,constant_zero,192,144,0,bb0ccb5d3723c15c44e3535ae82aeeeddc32bd555c099ea39b46f2b80516e0cb,2a12ada43e59aa98797ebb1619f1a6f3cd7ccb3d990c1b3ac29ac3f28bd49823,1.0698546099680548,0,5.6308137366739723,0,1,0,0,1.7205103116029123,0,0.21403463506486231,0.043301143664498026,0.066778806140237054,0.039021046944415515,6.4469188226385823e-06,0.074324999999999988,144,0.043301143664498026,1.7205103116029123,0.074324999999999988,144,0
twozone_apartment_hydronic,306,twozone_apartment_hydronic:day306,1,zone_stuck,deterministic_wm,192,144,9,bb0ccb5d3723c15c44e3535ae82aeeeddc32bd555c099ea39b46f2b80516e0cb,2a12ada43e59aa98797ebb1619f1a6f3cd7ccb3d990c1b3ac29ac3f28bd49823,1.6312852111332365,0,8.5857116375433513,0.55555555555555558,0.44444444444444442,0,5,1.7205103116029123,0,0.27084462263783682,0.054095041303363199,0.084503522263005088,0.039021046944415515,1.7076473446902041e-05,0.074324999999999988,144,0.043301143664498026,1.7205103116029123,0.074324999999999988,144,0.072612833090246715
twozone_apartment_hydronic,306,twozone_apartment_hydronic:day306,1,zone_stuck,direct_h8_rssm,192,144,9,bb0ccb5d3723c15c44e3535ae82aeeeddc32bd555c099ea39b46f2b80516e0cb,2a12ada43e59aa98797ebb1619f1a6f3cd7ccb3d990c1b3ac29ac3f28bd49823,2.0102754632134903,0,10.020598644918351,1,0,0,1,1.7205103116029123,0,0.29798082151393296,0.061416237695636942,0.092970016312347081,0.039021046944415515,3.1242401118608601e-05,0.074324999999999988,144,0.043301143664498026,1.7205103116029123,0.074324999999999988,144,0.12186407017247843
twozone_apartment_hydronic,306,twozone_apartment_hydronic:day306,1,zone_stuck,legacy_rssm,192,144,9,bb0ccb5d3723c15c44e3535ae82aeeeddc32bd555c099ea39b46f2b80516e0cb,2a12ada43e59aa98797ebb1619f1a6f3cd7ccb3d990c1b3ac29ac3f28bd49823,2.0178838695738661,0,10.620441418809822,0.77777777777777779,0.22222222222222221,0,1,1.7205103116029123,0,0.32332915460284628,0.064067102376714993,0.10087869623608807,0.039789346108777497,3.1540138628539677e-05,0.074324999999999988,144,0.043301143664498026,1.7205103116029123,0.074324999999999988,144,0.13969699772766209
twozone_apartment_hydronic,306,twozone_apartment_hydronic:day306,1,zone_stuck,rc_supervisory_selector,192,144,9,bb0ccb5d3723c15c44e3535ae82aeeeddc32bd555c099ea39b46f2b80516e0cb,2a12ada43e59aa98797ebb1619f1a6f3cd7ccb3d990c1b3ac29ac3f28bd49823,2.0102754632134903,0,10.020598644918351,1,0,0,1,1.7205103116029123,0,0.29798082151393296,0.061416237695636942,0.092970016312347081,0.039021046944415515,7.3893726253454031e-06,0.074324999999999988,144,0.043301143664498026,1.7205103116029123,0.074324999999999988,144,0.12186407017247843
twozone_apartment_hydronic,306,twozone_apartment_hydronic:day306,1,zone_stuck,tuned_rule_based,192,144,9,bb0ccb5d3723c15c44e3535ae82aeeeddc32bd555c099ea39b46f2b80516e0cb,2a12ada43e59aa98797ebb1619f1a6f3cd7ccb3d990c1b3ac29ac3f28bd49823,1.8532089736635367,0,9.4345382438638588,0.55555555555555558,0.44444444444444442,0,4,1.7205103116029123,0,0.29029875870520788,0.058951864685799611,0.090573212716024865,0.039324437709405767,6.8087769220428733e-06,0.074324999999999988,144,0.043301143664498026,1.7205103116029123,0.074324999999999988,144,0.10528571154592389
twozone_apartment_hydronic,324,twozone_apartment_hydronic:day324,1,clean,constant_zero,192,144,0,9313e9f6e1a30312d6ac3e3c0376f23a605324d7b24bfd09c2d6c2d9f380aa0c,9f4ab7fd0ac86c74ffc066672858dea78098982c38d022d90ec6dc83dabc0916,1.7459462459351114,6.217026009739854,9.1891907680795342,0,1,0,0,8.8652231229059328,0,0.28423823045747432,0.055897812221578948,0.088682327902731992,0.039869698892663105,6.6577729407682747e-06,0.074324999999999988,104,0.055897812221578948,8.8652231229059328,0.074324999999999988,104,0
twozone_apartment_hydronic,324,twozone_apartment_hydronic:day324,1,clean,deterministic_wm,192,144,9,9313e9f6e1a30312d6ac3e3c0376f23a605324d7b24bfd09c2d6c2d9f380aa0c,9f4ab7fd0ac86c74ffc066672858dea78098982c38d022d90ec6dc83dabc0916,1.7463799106215352,0.79067182611983355,8.8543721735543937,0.44444444444444442,0.33333333333333331,0.22222222222222221,4,3.5144456147156209,0,0.289479219256638,0.058449324407372834,0.09031751640807105,0.039814758406792064,1.6833439061917699e-05,0.074324999999999988,104,0.055897812221578948,8.8652231229059328,0.074324999999999988,104,-0.008560329566979788
twozone_apartment_hydronic,324,twozone_apartment_hydronic:day324,1,clean,direct_h8_rssm,192,144,9,9313e9f6e1a30312d6ac3e3c0376f23a605324d7b24bfd09c2d6c2d9f380aa0c,9f4ab7fd0ac86c74ffc066672858dea78098982c38d022d90ec6dc83dabc0916,1.8123987393404186,8.261220198854744,8.960069308871125,1,0,0,1,10.988448715384116,0,0.29668218918190065,0.060731456125219865,0.092564843024752999,0.039691772375313496,3.0315158116117059e-05,0.074324999999999988,104,0.055897812221578948,8.8652231229059328,0.074324999999999988,104,0.042724760546171726
twozone_apartment_hydronic,324,twozone_apartment_hydronic:day324,1,clean,legacy_rssm,192,144,9,9313e9f6e1a30312d6ac3e3c0376f23a605324d7b24bfd09c2d6c2d9f380aa0c,9f4ab7fd0ac86c74ffc066672858dea78098982c38d022d90ec6dc83dabc0916,1.8400465666790333,2.3032681537280411,9.1026649622106817,0.77777777777777779,0,0.22222222222222221,3,5.0976491677200571,0,0.29449344209694722,0.060297115537308571,0.091881953934247515,0.039593371943460895,3.0865848168444675e-05,0.074324999999999988,104,0.055897812221578948,8.8652231229059328,0.074324999999999988,104,0.011481707846043278
twozone_apartment_hydronic,324,twozone_apartment_hydronic:day324,1,clean,rc_supervisory_selector,192,144,9,9313e9f6e1a30312d6ac3e3c0376f23a605324d7b24bfd09c2d6c2d9f380aa0c,9f4ab7fd0ac86c74ffc066672858dea78098982c38d022d90ec6dc83dabc0916,2.390589031038743,1.2747144250994609,12.184641098738455,0.66666666666666663,0,0.33333333333333331,6,3.9597793725506167,0,0.37233176196508794,0.074216000328799006,0.11616750973310744,0.039593371943460895,7.7346815072637158e-06,0.074324999999999988,104,0.055897812221578948,8.8652231229059328,0.074324999999999988,104,0.099646462806652666
twozone_apartment_hydronic,324,twozone_apartment_hydronic:day324,1,clean,tuned_rule_based,192,144,9,9313e9f6e1a30312d6ac3e3c0376f23a605324d7b24bfd09c2d6c2d9f380aa0c,9f4ab7fd0ac86c74ffc066672858dea78098982c38d022d90ec6dc83dabc0916,2.4467371585665463,0.69651707318739398,12.229723544280571,0.44444444444444442,0.22222222222222221,0.33333333333333331,6,3.4050474408402387,0,0.37396189993561624,0.07579508986811978,0.11667611277991224,0.039593371943460895,6.9271429393650705e-06,0.074324999999999988,104,0.055897812221578948,8.8652231229059328,0.074324999999999988,104,0.10760235178599149
twozone_apartment_hydronic,324,twozone_apartment_hydronic:day324,1,zone_bias_negative,constant_zero,192,144,0,9313e9f6e1a30312d6ac3e3c0376f23a605324d7b24bfd09c2d6c2d9f380aa0c,9f4ab7fd0ac86c74ffc066672858dea78098982c38d022d90ec6dc83dabc0916,1.7459462459351114,6.217026009739854,9.1891907680795342,0,1,0,0,8.8652231229059328,0,0.28423823045747432,0.055897812221578948,0.088682327902731992,0.039869698892663105,6.5761100698030563e-06,0.074324999999999988,104,0.055897812221578948,8.8652231229059328,0.074324999999999988,104,0
twozone_apartment_hydronic,324,twozone_apartment_hydronic:day324,1,zone_bias_negative,deterministic_wm,192,144,9,9313e9f6e1a30312d6ac3e3c0376f23a605324d7b24bfd09c2d6c2d9f380aa0c,9f4ab7fd0ac86c74ffc066672858dea78098982c38d022d90ec6dc83dabc0916,1.8123194532307856,0.85947216309278929,9.1995769577344912,0.22222222222222221,0.44444444444444442,0.33333333333333331,7,3.6426001284102987,0,0.30812073828461395,0.061974738696126908,0.096133670344799554,0.039729862448897549,1.6321349518461376e-05,0.074324999999999988,104,0.055897812221578948,8.8652231229059328,0.074324999999999988,104,0.015772005697889981
twozone_apartment_hydronic,324,twozone_apartment_hydronic:day324,1,zone_bias_negative,direct_h8_rssm,192,144,9,9313e9f6e1a30312d6ac3e3c0376f23a605324d7b24bfd09c2d6c2d9f380aa0c,9f4ab7fd0ac86c74ffc066672858dea78098982c38d022d90ec6dc83dabc0916,1.8123987393404186,8.261220198854744,8.960069308871125,1,0,0,1,10.988448715384116,0,0.29668218918190065,0.060731456125219865,0.092564843024752999,0.039691772375313496,3.0999190589589669e-05,0.074324999999999988,104,0.055897812221578948,8.8652231229059328,0.074324999999999988,104,0.042724760546171726
twozone_apartment_hydronic,324,twozone_apartment_hydronic:day324,1,zone_bias_negative,legacy_rssm,192,144,9,9313e9f6e1a30312d6ac3e3c0376f23a605324d7b24bfd09c2d6c2d9f380aa0c,9f4ab7fd0ac86c74ffc066672858dea78098982c38d022d90ec6dc83dabc0916,1.8400465666790333,2.3032681537280411,9.1026649622106817,0.77777777777777779,0,0.22222222222222221,3,5.0976491677200571,0,0.29449344209694722,0.060297115537308571,0.091881953934247515,0.039593371943460895,3.0581428257097263e-05,0.074324999999999988,104,0.055897812221578948,8.8652231229059328,0.074324999999999988,104,0.011481707846043278
twozone_apartment_hydronic,324,twozone_apartment_hydronic:day324,1,zone_bias_negative,rc_supervisory_selector,192,144,9,9313e9f6e1a30312d6ac3e3c0376f23a605324d7b24bfd09c2d6c2d9f380aa0c,9f4ab7fd0ac86c74ffc066672858dea78098982c38d022d90ec6dc83dabc0916,2.0216978462529536,0.69651621090454796,10.169930939896428,0.55555555555555558,0.1111111111111111,0.33333333333333331,5,3.4745295299492245,0,0.31895377084344506,0.064550901713847961,0.099513576503154844,0.039664474586704475,7.7449616614713994e-06,0.074324999999999988,104,0.055897812221578948,8.8652231229059328,0.074324999999999988,104,0.032294367635609597
twozone_apartment_hydronic,324,twozone_apartment_hydronic:day324,1,zone_bias_negative,tuned_rule_based,192,144,9,9313e9f6e1a30312d6ac3e3c0376f23a605324d7b24bfd09c2d6c2d9f380aa0c,9f4ab7fd0ac86c74ffc066672858dea78098982c38d022d90ec6dc83dabc0916,2.4467371585665463,0.69651707318739398,12.229723544280571,0.44444444444444442,0.22222222222222221,0.33333333333333331,6,3.4050474408402387,0,0.37396189993561624,0.07579508986811978,0.11667611277991224,0.039593371943460895,6.8081722070894814e-06,0.074324999999999988,104,0.055897812221578948,8.8652231229059328,0.074324999999999988,104,0.10760235178599149
twozone_apartment_hydronic,324,twozone_apartment_hydronic:day324,1,zone_bias_positive,constant_zero,192,144,0,9313e9f6e1a30312d6ac3e3c0376f23a605324d7b24bfd09c2d6c2d9f380aa0c,9f4ab7fd0ac86c74ffc066672858dea78098982c38d022d90ec6dc83dabc0916,1.7459462459351114,6.217026009739854,9.1891907680795342,0,1,0,0,8.8652231229059328,0,0.28423823045747432,0.055897812221578948,0.088682327902731992,0.039869698892663105,6.7950293655794941e-06,0.074324999999999988,104,0.055897812221578948,8.8652231229059328,0.074324999999999988,104,0
twozone_apartment_hydronic,324,twozone_apartment_hydronic:day324,1,zone_bias_positive,deterministic_wm,192,144,9,9313e9f6e1a30312d6ac3e3c0376f23a605324d7b24bfd09c2d6c2d9f380aa0c,9f4ab7fd0ac86c74ffc066672858dea78098982c38d022d90ec6dc83dabc0916,1.7463799106215352,0.79067182611983355,8.8543721735543937,0.44444444444444442,0.33333333333333331,0.22222222222222221,4,3.5144456147156209,0,0.289479219256638,0.058449324407372834,0.09031751640807105,0.039814758406792064,1.6924495819074046e-05,0.074324999999999988,104,0.055897812221578948,8.8652231229059328,0.074324999999999988,104,-0.008560329566979788
twozone_apartment_hydronic,324,twozone_apartment_hydronic:day324,1,zone_bias_positive,direct_h8_rssm,192,144,9,9313e9f6e1a30312d6ac3e3c0376f23a605324d7b24bfd09c2d6c2d9f380aa0c,9f4ab7fd0ac86c74ffc066672858dea78098982c38d022d90ec6dc83dabc0916,1.8123987393404186,8.261220198854744,8.960069308871125,1,0,0,1,10.988448715384116,0,0.29668218918190065,0.060731456125219865,0.092564843024752999,0.039691772375313496,2.9981447001263596e-05,0.074324999999999988,104,0.055897812221578948,8.8652231229059328,0.074324999999999988,104,0.042724760546171726
twozone_apartment_hydronic,324,twozone_apartment_hydronic:day324,1,zone_bias_positive,legacy_rssm,192,144,9,9313e9f6e1a30312d6ac3e3c0376f23a605324d7b24bfd09c2d6c2d9f380aa0c,9f4ab7fd0ac86c74ffc066672858dea78098982c38d022d90ec6dc83dabc0916,1.8506924673161076,7.9872046449542324,9.4041333077858322,0.77777777777777779,0.1111111111111111,0.1111111111111111,5,10.596100397157389,0,0.29782038289210699,0.059967781313264246,0.092919959462337387,0.039663117996081333,2.9310769574319017e-05,0.074324999999999988,104,0.055897812221578948,8.8652231229059328,0.074324999999999988,104,0.035701068523377746
twozone_apartment_hydronic,324,twozone_apartment_hydronic:day324,1,zone_bias_positive,rc_supervisory_selector,192,144,9,9313e9f6e1a30312d6ac3e3c0376f23a605324d7b24bfd09c2d6c2d9f380aa0c,9f4ab7fd0ac86c74ffc066672858dea78098982c38d022d90ec6dc83dabc0916,1.9868224073126581,6.8922825168135944,9.9890465390447893,0.77777777777777779,0,0.22222222222222221,4,9.6081268403553715,0,0.32200076898363994,0.065180513147297892,0.10046423992289566,0.03962699387519656,7.8629504254281768e-06,0.074324999999999988,104,0.055897812221578948,8.8652231229059328,0.074324999999999988,104,0.066018345563546271
twozone_apartment_hydronic,324,twozone_apartment_hydronic:day324,1,zone_bias_positive,tuned_rule_based,192,144,9,9313e9f6e1a30312d6ac3e3c0376f23a605324d7b24bfd09c2d6c2d9f380aa0c,9f4ab7fd0ac86c74ffc066672858dea78098982c38d022d90ec6dc83dabc0916,2.2870329421630631,1.5660833038377859,11.968481822569503,0.55555555555555558,0.22222222222222221,0.22222222222222221,5,4.1400079635809828,0,0.35422553071150048,0.069205044755990264,0.11051836558198816,0.039878518115239993,6.8741527111326431e-06,0.074324999999999988,104,0.055897812221578948,8.8652231229059328,0.074324999999999988,104,0.06680318810719231
twozone_apartment_hydronic,324,twozone_apartment_hydronic:day324,1,zone_drift_negative,constant_zero,192,144,0,9313e9f6e1a30312d6ac3e3c0376f23a605324d7b24bfd09c2d6c2d9f380aa0c,9f4ab7fd0ac86c74ffc066672858dea78098982c38d022d90ec6dc83dabc0916,1.7459462459351114,6.217026009739854,9.1891907680795342,0,1,0,0,8.8652231229059328,0,0.28423823045747432,0.055897812221578948,0.088682327902731992,0.039869698892663105,6.784732567840984e-06,0.074324999999999988,104,0.055897812221578948,8.8652231229059328,0.074324999999999988,104,0
twozone_apartment_hydronic,324,twozone_apartment_hydronic:day324,1,zone_drift_negative,deterministic_wm,192,144,9,9313e9f6e1a30312d6ac3e3c0376f23a605324d7b24bfd09c2d6c2d9f380aa0c,9f4ab7fd0ac86c74ffc066672858dea78098982c38d022d90ec6dc83dabc0916,1.7463799106215352,0.79067182611983355,8.8543721735543937,0.44444444444444442,0.33333333333333331,0.22222222222222221,4,3.5144456147156209,0,0.289479219256638,0.058449324407372834,0.09031751640807105,0.039814758406792064,1.6507438062719999e-05,0.074324999999999988,104,0.055897812221578948,8.8652231229059328,0.074324999999999988,104,-0.008560329566979788
twozone_apartment_hydronic,324,twozone_apartment_hydronic:day324,1,zone_drift_negative,direct_h8_rssm,192,144,9,9313e9f6e1a30312d6ac3e3c0376f23a605324d7b24bfd09c2d6c2d9f380aa0c,9f4ab7fd0ac86c74ffc066672858dea78098982c38d022d90ec6dc83dabc0916,1.8123987393404186,8.261220198854744,8.960069308871125,1,0,0,1,10.988448715384116,0,0.29668218918190065,0.060731456125219865,0.092564843024752999,0.039691772375313496,3.0587340871423668e-05,0.074324999999999988,104,0.055897812221578948,8.8652231229059328,0.074324999999999988,104,0.042724760546171726
twozone_apartment_hydronic,324,twozone_apartment_hydronic:day324,1,zone_drift_negative,legacy_rssm,192,144,9,9313e9f6e1a30312d6ac3e3c0376f23a605324d7b24bfd09c2d6c2d9f380aa0c,9f4ab7fd0ac86c74ffc066672858dea78098982c38d022d90ec6dc83dabc0916,1.8400465666790333,2.3032681537280411,9.1026649622106817,0.77777777777777779,0,0.22222222222222221,3,5.0976491677200571,0,0.29449344209694722,0.060297115537308571,0.091881953934247515,0.039593371943460895,2.9662045162038929e-05,0.074324999999999988,104,0.055897812221578948,8.8652231229059328,0.074324999999999988,104,0.011481707846043278
twozone_apartment_hydronic,324,twozone_apartment_hydronic:day324,1,zone_drift_negative,rc_supervisory_selector,192,144,9,9313e9f6e1a30312d6ac3e3c0376f23a605324d7b24bfd09c2d6c2d9f380aa0c,9f4ab7fd0ac86c74ffc066672858dea78098982c38d022d90ec6dc83dabc0916,2.0216978462529536,0.69651621090454796,10.169930939896428,0.55555555555555558,0.1111111111111111,0.33333333333333331,5,3.4745295299492245,0,0.31895377084344506,0.064550901713847961,0.099513576503154844,0.039664474586704475,7.5546733996006823e-06,0.074324999999999988,104,0.055897812221578948,8.8652231229059328,0.074324999999999988,104,0.032294367635609597
twozone_apartment_hydronic,324,twozone_apartment_hydronic:day324,1,zone_drift_negative,tuned_rule_based,192,144,9,9313e9f6e1a30312d6ac3e3c0376f23a605324d7b24bfd09c2d6c2d9f380aa0c,9f4ab7fd0ac86c74ffc066672858dea78098982c38d022d90ec6dc83dabc0916,2.4467371585665463,0.69651707318739398,12.229723544280571,0.44444444444444442,0.22222222222222221,0.33333333333333331,6,3.4050474408402387,0,0.37396189993561624,0.07579508986811978,0.11667611277991224,0.039593371943460895,6.7931430987523978e-06,0.074324999999999988,104,0.055897812221578948,8.8652231229059328,0.074324999999999988,104,0.10760235178599149
twozone_apartment_hydronic,324,twozone_apartment_hydronic:day324,1,zone_drift_positive,constant_zero,192,144,0,9313e9f6e1a30312d6ac3e3c0376f23a605324d7b24bfd09c2d6c2d9f380aa0c,9f4ab7fd0ac86c74ffc066672858dea78098982c38d022d90ec6dc83dabc0916,1.7459462459351114,6.217026009739854,9.1891907680795342,0,1,0,0,8.8652231229059328,0,0.28423823045747432,0.055897812221578948,0.088682327902731992,0.039869698892663105,6.8382123932719166e-06,0.074324999999999988,104,0.055897812221578948,8.8652231229059328,0.074324999999999988,104,0
twozone_apartment_hydronic,324,twozone_apartment_hydronic:day324,1,zone_drift_positive,deterministic_wm,192,144,9,9313e9f6e1a30312d6ac3e3c0376f23a605324d7b24bfd09c2d6c2d9f380aa0c,9f4ab7fd0ac86c74ffc066672858dea78098982c38d022d90ec6dc83dabc0916,1.7463799106215352,0.79067182611983355,8.8543721735543937,0.44444444444444442,0.33333333333333331,0.22222222222222221,4,3.5144456147156209,0,0.289479219256638,0.058449324407372834,0.09031751640807105,0.039814758406792064,1.6486286908960255e-05,0.074324999999999988,104,0.055897812221578948,8.8652231229059328,0.074324999999999988,104,-0.008560329566979788
twozone_apartment_hydronic,324,twozone_apartment_hydronic:day324,1,zone_drift_positive,direct_h8_rssm,192,144,9,9313e9f6e1a30312d6ac3e3c0376f23a605324d7b24bfd09c2d6c2d9f380aa0c,9f4ab7fd0ac86c74ffc066672858dea78098982c38d022d90ec6dc83dabc0916,1.8123987393404186,8.261220198854744,8.960069308871125,1,0,0,1,10.988448715384116,0,0.29668218918190065,0.060731456125219865,0.092564843024752999,0.039691772375313496,2.9549625046104794e-05,0.074324999999999988,104,0.055897812221578948,8.8652231229059328,0.074324999999999988,104,0.042724760546171726
twozone_apartment_hydronic,324,twozone_apartment_hydronic:day324,1,zone_drift_positive,legacy_rssm,192,144,9,9313e9f6e1a30312d6ac3e3c0376f23a605324d7b24bfd09c2d6c2d9f380aa0c,9f4ab7fd0ac86c74ffc066672858dea78098982c38d022d90ec6dc83dabc0916,1.7879656344836721,6.9692260049976937,8.9424319452080212,0.88888888888888884,0,0.1111111111111111,3,9.6478266229082799,0,0.29660492785725917,0.060355303333285544,0.092540737491464853,0.03962699387519656,3.0920795398510215e-05,0.074324999999999988,104,0.055897812221578948,8.8652231229059328,0.074324999999999988,104,0.033749002610362525
twozone_apartment_hydronic,324,twozone_apartment_hydronic:day324,1,zone_drift_positive,rc_supervisory_selector,192,144,9,9313e9f6e1a30312d6ac3e3c0376f23a605324d7b24bfd09c2d6c2d9f380aa0c,9f4ab7fd0ac86c74ffc066672858dea78098982c38d022d90ec6dc83dabc0916,1.9868224073126581,6.8922825168135944,9.9890465390447893,0.77777777777777779,0,0.22222222222222221,4,9.6081268403553715,0,0.32200076898363994,0.065180513147297892,0.10046423992289566,0.03962699387519656,7.7083625371820915e-06,0.074324999999999988,104,0.055897812221578948,8.8652231229059328,0.074324999999999988,104,0.066018345563546271
twozone_apartment_hydronic,324,twozone_apartment_hydronic:day324,1,zone_drift_positive,tuned_rule_based,192,144,9,9313e9f6e1a30312d6ac3e3c0376f23a605324d7b24bfd09c2d6c2d9f380aa0c,9f4ab7fd0ac86c74ffc066672858dea78098982c38d022d90ec6dc83dabc0916,2.2870329421630631,1.5660833038377859,11.968481822569503,0.55555555555555558,0.22222222222222221,0.22222222222222221,5,4.1400079635809828,0,0.35422553071150048,0.069205044755990264,0.11051836558198816,0.039878518115239993,6.6646647494916914e-06,0.074324999999999988,104,0.055897812221578948,8.8652231229059328,0.074324999999999988,104,0.06680318810719231
twozone_apartment_hydronic,324,twozone_apartment_hydronic:day324,1,zone_stuck,constant_zero,192,144,0,9313e9f6e1a30312d6ac3e3c0376f23a605324d7b24bfd09c2d6c2d9f380aa0c,9f4ab7fd0ac86c74ffc066672858dea78098982c38d022d90ec6dc83dabc0916,1.7459462459351114,6.217026009739854,9.1891907680795342,0,1,0,0,8.8652231229059328,0,0.28423823045747432,0.055897812221578948,0.088682327902731992,0.039869698892663105,6.8820472925884079e-06,0.074324999999999988,104,0.055897812221578948,8.8652231229059328,0.074324999999999988,104,0
twozone_apartment_hydronic,324,twozone_apartment_hydronic:day324,1,zone_stuck,deterministic_wm,192,144,9,9313e9f6e1a30312d6ac3e3c0376f23a605324d7b24bfd09c2d6c2d9f380aa0c,9f4ab7fd0ac86c74ffc066672858dea78098982c38d022d90ec6dc83dabc0916,1.7463799106215352,0.79067182611983355,8.8543721735543937,0.44444444444444442,0.33333333333333331,0.22222222222222221,4,3.5144456147156209,0,0.289479219256638,0.058449324407372834,0.09031751640807105,0.039814758406792064,1.6336070721478154e-05,0.074324999999999988,104,0.055897812221578948,8.8652231229059328,0.074324999999999988,104,-0.008560329566979788
twozone_apartment_hydronic,324,twozone_apartment_hydronic:day324,1,zone_stuck,direct_h8_rssm,192,144,9,9313e9f6e1a30312d6ac3e3c0376f23a605324d7b24bfd09c2d6c2d9f380aa0c,9f4ab7fd0ac86c74ffc066672858dea78098982c38d022d90ec6dc83dabc0916,1.8123987393404186,8.261220198854744,8.960069308871125,1,0,0,1,10.988448715384116,0,0.29668218918190065,0.060731456125219865,0.092564843024752999,0.039691772375313496,2.9959631493231664e-05,0.074324999999999988,104,0.055897812221578948,8.8652231229059328,0.074324999999999988,104,0.042724760546171726
twozone_apartment_hydronic,324,twozone_apartment_hydronic:day324,1,zone_stuck,legacy_rssm,192,144,9,9313e9f6e1a30312d6ac3e3c0376f23a605324d7b24bfd09c2d6c2d9f380aa0c,9f4ab7fd0ac86c74ffc066672858dea78098982c38d022d90ec6dc83dabc0916,1.8506924673161076,7.9872046449542324,9.4041333077858322,0.77777777777777779,0.1111111111111111,0.1111111111111111,5,10.596100397157389,0,0.29782038289210699,0.059967781313264246,0.092919959462337387,0.039663117996081333,3.0368526984675808e-05,0.074324999999999988,104,0.055897812221578948,8.8652231229059328,0.074324999999999988,104,0.035701068523377746
twozone_apartment_hydronic,324,twozone_apartment_hydronic:day324,1,zone_stuck,rc_supervisory_selector,192,144,9,9313e9f6e1a30312d6ac3e3c0376f23a605324d7b24bfd09c2d6c2d9f380aa0c,9f4ab7fd0ac86c74ffc066672858dea78098982c38d022d90ec6dc83dabc0916,1.9868224073126581,6.8922825168135944,9.9890465390447893,0.77777777777777779,0.1111111111111111,0.1111111111111111,4,9.6081268403553715,0,0.32200076898363994,0.065180513147297892,0.10046423992289566,0.03962699387519656,7.7752279222809066e-06,0.074324999999999988,104,0.055897812221578948,8.8652231229059328,0.074324999999999988,104,0.066018345563546271
twozone_apartment_hydronic,324,twozone_apartment_hydronic:day324,1,zone_stuck,tuned_rule_based,192,144,9,9313e9f6e1a30312d6ac3e3c0376f23a605324d7b24bfd09c2d6c2d9f380aa0c,9f4ab7fd0ac86c74ffc066672858dea78098982c38d022d90ec6dc83dabc0916,2.2870329421630631,1.5660833038377859,11.968481822569503,0.55555555555555558,0.22222222222222221,0.22222222222222221,5,4.1400079635809828,0,0.35422553071150048,0.069205044755990264,0.11051836558198816,0.039878518115239993,6.8263538775574407e-06,0.074324999999999988,104,0.055897812221578948,8.8652231229059328,0.074324999999999988,104,0.06680318810719231
twozone_apartment_hydronic,333,twozone_apartment_hydronic:day333,0,clean,constant_zero,192,144,0,f830a2c438aed4cc1f02d5ed5358feeabfbbc62f4d2e4153a2c0ab6fd65b6454,ada345b6899eb3e02f0007b73498a289611c422c97318e93775819d50033eb87,1.9886373946022939,2.9624425007559836,9.7964422248252454,0,1,0,0,4.0275530074805594,0,0.39627052503597493,0.081817717082562608,0.12363640381122416,0.039932221008918974,6.8237491649829627e-06,0.074324999999999988,114,0.081817717082562608,4.0275530074805594,0.074324999999999988,114,0
twozone_apartment_hydronic,333,twozone_apartment_hydronic:day333,0,clean,deterministic_wm,192,144,9,f830a2c438aed4cc1f02d5ed5358feeabfbbc62f4d2e4153a2c0ab6fd65b6454,ada345b6899eb3e02f0007b73498a289611c422c97318e93775819d50033eb87,2.5164926303496786,1.9665233828340405,12.920785331781058,0.55555555555555558,0.22222222222222221,0.22222222222222221,7,2.9713222925276752,0,0.45172527873493246,0.090562214362041149,0.14093828696529892,0.037997582432021698,1.6171066756855965e-05,0.074324999999999988,114,0.081817717082562608,4.0275530074805594,0.074324999999999988,114,0.054193492424314781
twozone_apartment_hydronic,333,twozone_apartment_hydronic:day333,0,clean,direct_h8_rssm,192,144,9,f830a2c438aed4cc1f02d5ed5358feeabfbbc62f4d2e4153a2c0ab6fd65b6454,ada345b6899eb3e02f0007b73498a289611c422c97318e93775819d50033eb87,2.5983740405335376,8.8835750836679495,12.841540980582412,1,0,0,1,9.9833680104424811,0,0.45708046640367933,0.093698377920532788,0.14260910551794789,0.038524001288058954,3.0708770685379004e-05,0.074324999999999988,114,0.081817717082562608,4.0275530074805594,0.074324999999999988,114,0.10604571468501577
twozone_apartment_hydronic,333,twozone_apartment_hydronic:day333,0,clean,legacy_rssm,192,144,9,f830a2c438aed4cc1f02d5ed5358feeabfbbc62f4d2e4153a2c0ab6fd65b6454,ada345b6899eb3e02f0007b73498a289611c422c97318e93775819d50033eb87,2.9368521798334415,1.9665233828340405,15.13320401327455,0.77777777777777779,0,0.22222222222222221,5,2.9713222925276752,0,0.50746949428233834,0.10115361531604826,0.15833048221608956,0.038862665827571023,2.9310449186350596e-05,0.074324999999999988,114,0.081817717082562608,4.0275530074805594,0.074324999999999988,114,0.1254440874731349
twozone_apartment_hydronic,333,twozone_apartment_hydronic:day333,0,clean,rc_supervisory_selector,192,144,9,f830a2c438aed4cc1f02d5ed5358feeabfbbc62f4d2e4153a2c0ab6fd65b6454,ada345b6899eb3e02f0007b73498a289611c422c97318e93775819d50033eb87,2.9368521798334415,1.9665233828340405,15.13320401327455,0.77777777777777779,0,0.22222222222222221,5,2.9713222925276752,0,0.50746949428233834,0.10115361531604826,0.15833048221608956,0.038862665827571023,7.7916120914195151e-06,0.074324999999999988,114,0.081817717082562608,4.0275530074805594,0.074324999999999988,114,0.1254440874731349
twozone_apartment_hydronic,333,twozone_apartment_hydronic:day333,0,clean,tuned_rule_based,192,144,9,f830a2c438aed4cc1f02d5ed5358feeabfbbc62f4d2e4153a2c0ab6fd65b6454,ada345b6899eb3e02f0007b73498a289611c422c97318e93775819d50033eb87,2.4046740810877196,1.8724118216669012,11.813382154883044,0.44444444444444442,0.33333333333333331,0.22222222222222221,6,2.8740258682653845,0,0.43665307138921183,0.090033119689889946,0.13623575827343409,0.038945438925792365,6.810682606322604e-06,0.074324999999999988,114,0.081817717082562608,4.0275530074805594,0.074324999999999988,114,0.050207421920863721
twozone_apartment_hydronic,333,twozone_apartment_hydronic:day333,0,zone_bias_negative,constant_zero,192,144,0,f830a2c438aed4cc1f02d5ed5358feeabfbbc62f4d2e4153a2c0ab6fd65b6454,ada345b6899eb3e02f0007b73498a289611c422c97318e93775819d50033eb87,1.9886373946022939,2.9624425007559836,9.7964422248252454,0,1,0,0,4.0275530074805594,0,0.39627052503597493,0.081817717082562608,0.12363640381122416,0.039932221008918974,6.7851708474861051e-06,0.074324999999999988,114,0.081817717082562608,4.0275530074805594,0.074324999999999988,114,0
twozone_apartment_hydronic,333,twozone_apartment_hydronic:day333,0,zone_bias_negative,deterministic_wm,192,144,9,f830a2c438aed4cc1f02d5ed5358feeabfbbc62f4d2e4153a2c0ab6fd65b6454,ada345b6899eb3e02f0007b73498a289611c422c97318e93775819d50033eb87,2.5164926303496786,1.9665233828340405,12.920785331781058,0.55555555555555558,0.22222222222222221,0.22222222222222221,7,2.9713222925276752,0,0.45172527873493246,0.090562214362041149,0.14093828696529892,0.037997582432021698,1.7084194658245023e-05,0.074324999999999988,114,0.081817717082562608,4.0275530074805594,0.074324999999999988,114,0.054193492424314781
twozone_apartment_hydronic,333,twozone_apartment_hydronic:day333,0,zone_bias_negative,direct_h8_rssm,192,144,9,f830a2c438aed4cc1f02d5ed5358feeabfbbc62f4d2e4153a2c0ab6fd65b6454,ada345b6899eb3e02f0007b73498a289611c422c97318e93775819d50033eb87,2.5983740405335376,8.8835750836679495,12.841540980582412,1,0,0,1,9.9833680104424811,0,0.45708046640367933,0.093698377920532788,0.14260910551794789,0.038524001288058954,3.0403262033512452e-05,0.074324999999999988,114,0.081817717082562608,4.0275530074805594,0.074324999999999988,114,0.10604571468501577
twozone_apartment_hydronic,333,twozone_apartment_hydronic:day333,0,zone_bias_negative,legacy_rssm,192,144,9,f830a2c438aed4cc1f02d5ed5358feeabfbbc62f4d2e4153a2c0ab6fd65b6454,ada345b6899eb3e02f0007b73498a289611c422c97318e93775819d50033eb87,2.8767622087035969,4.7935174536438296,15.140853730018931,0.88888888888888884,0,0.1111111111111111,3,5.6766098274347172,0,0.52413631426501328,0.10312396659901694,0.16353053005068416,0.038805554064560953,3.0593418534097458e-05,0.074324999999999988,114,0.081817717082562608,4.0275530074805594,0.074324999999999988,114,0.15056435362820281
twozone_apartment_hydronic,333,twozone_apartment_hydronic:day333,0,zone_bias_negative,rc_supervisory_selector,192,144,9,f830a2c438aed4cc1f02d5ed5358feeabfbbc62f4d2e4153a2c0ab6fd65b6454,ada345b6899eb3e02f0007b73498a289611c422c97318e93775819d50033eb87,2.7143438303681329,1.862068207773504,13.776438780745067,0.66666666666666663,0.1111111111111111,0.22222222222222221,5,2.9174340119285107,0,0.47995073115975923,0.096816220831511618,0.14974462812184491,0.037997582432021698,7.9214926581524216e-06,0.074324999999999988,114,0.081817717082562608,4.0275530074805594,0.074324999999999988,114,0.096029165001727909
twozone_apartment_hydronic,333,twozone_apartment_hydronic:day333,0,zone_bias_negative,tuned_rule_based,192,144,9,f830a2c438aed4cc1f02d5ed5358feeabfbbc62f4d2e4153a2c0ab6fd65b6454,ada345b6899eb3e02f0007b73498a289611c422c97318e93775819d50033eb87,2.4046740810877196,1.8724118216669012,11.813382154883044,0.44444444444444442,0.33333333333333331,0.22222222222222221,6,2.8740258682653845,0,0.43665307138921183,0.090033119689889946,0.13623575827343409,0.038945438925792365,6.9261914841861066e-06,0.074324999999999988,114,0.081817717082562608,4.0275530074805594,0.074324999999999988,114,0.050207421920863721
twozone_apartment_hydronic,333,twozone_apartment_hydronic:day333,0,zone_bias_positive,constant_zero,192,144,0,f830a2c438aed4cc1f02d5ed5358feeabfbbc62f4d2e4153a2c0ab6fd65b6454,ada345b6899eb3e02f0007b73498a289611c422c97318e93775819d50033eb87,1.9886373946022939,2.9624425007559836,9.7964422248252454,0,1,0,0,4.0275530074805594,0,0.39627052503597493,0.081817717082562608,0.12363640381122416,0.039932221008918974,6.8236673342897292e-06,0.074324999999999988,114,0.081817717082562608,4.0275530074805594,0.074324999999999988,114,0
twozone_apartment_hydronic,333,twozone_apartment_hydronic:day333,0,zone_bias_positive,deterministic_wm,192,144,9,f830a2c438aed4cc1f02d5ed5358feeabfbbc62f4d2e4153a2c0ab6fd65b6454,ada345b6899eb3e02f0007b73498a289611c422c97318e93775819d50033eb87,2.383541288183439,1.4119680300963182,12.09463998271443,0.44444444444444442,0.33333333333333331,0.22222222222222221,8,2.4952042688925302,0,0.43827923437882355,0.088493891663094876,0.13674312112619294,0.03812866209421778,1.6980384795592234e-05,0.074324999999999988,114,0.081817717082562608,4.0275530074805594,0.074324999999999988,114,0.038191211086038873
twozone_apartment_hydronic,333,twozone_apartment_hydronic:day333,0,zone_bias_positive,direct_h8_rssm,192,144,9,f830a2c438aed4cc1f02d5ed5358feeabfbbc62f4d2e4153a2c0ab6fd65b6454,ada345b6899eb3e02f0007b73498a289611c422c97318e93775819d50033eb87,2.5983740405335376,8.8835750836679495,12.841540980582412,1,0,0,1,9.9833680104424811,0,0.45708046640367933,0.093698377920532788,0.14260910551794789,0.038524001288058954,3.1087252898157998e-05,0.074324999999999988,114,0.081817717082562608,4.0275530074805594,0.074324999999999988,114,0.10604571468501577
twozone_apartment_hydronic,333,twozone_apartment_hydronic:day333,0,zone_bias_positive,legacy_rssm,192,144,9,f830a2c438aed4cc1f02d5ed5358feeabfbbc62f4d2e4153a2c0ab6fd65b6454,ada345b6899eb3e02f0007b73498a289611c422c97318e93775819d50033eb87,2.9368521798334415,1.9665233828340405,15.13320401327455,0.77777777777777779,0,0.22222222222222221,5,2.9713222925276752,0,0.50746949428233834,0.10115361531604826,0.15833048221608956,0.038862665827571023,3.055415089703216e-05,0.074324999999999988,114,0.081817717082562608,4.0275530074805594,0.074324999999999988,114,0.1254440874731349
twozone_apartment_hydronic,333,twozone_apartment_hydronic:day333,0,zone_bias_positive,rc_supervisory_selector,192,144,9,f830a2c438aed4cc1f02d5ed5358feeabfbbc62f4d2e4153a2c0ab6fd65b6454,ada345b6899eb3e02f0007b73498a289611c422c97318e93775819d50033eb87,2.9368521798334415,1.9665233828340405,15.13320401327455,0.77777777777777779,0,0.22222222222222221,5,2.9713222925276752,0,0.50746949428233834,0.10115361531604826,0.15833048221608956,0.038862665827571023,7.8474525243061245e-06,0.074324999999999988,114,0.081817717082562608,4.0275530074805594,0.074324999999999988,114,0.1254440874731349
twozone_apartment_hydronic,333,twozone_apartment_hydronic:day333,0,zone_bias_positive,tuned_rule_based,192,144,9,f830a2c438aed4cc1f02d5ed5358feeabfbbc62f4d2e4153a2c0ab6fd65b6454,ada345b6899eb3e02f0007b73498a289611c422c97318e93775819d50033eb87,2.4046740810877196,1.8724118216669012,11.813382154883044,0.44444444444444442,0.33333333333333331,0.22222222222222221,6,2.8740258682653845,0,0.43665307138921183,0.090033119689889946,0.13623575827343409,0.038945438925792365,6.8676672819535911e-06,0.074324999999999988,114,0.081817717082562608,4.0275530074805594,0.074324999999999988,114,0.050207421920863721
twozone_apartment_hydronic,333,twozone_apartment_hydronic:day333,0,zone_drift_negative,constant_zero,192,144,0,f830a2c438aed4cc1f02d5ed5358feeabfbbc62f4d2e4153a2c0ab6fd65b6454,ada345b6899eb3e02f0007b73498a289611c422c97318e93775819d50033eb87,1.9886373946022939,2.9624425007559836,9.7964422248252454,0,1,0,0,4.0275530074805594,0,0.39627052503597493,0.081817717082562608,0.12363640381122416,0.039932221008918974,6.9366283649757478e-06,0.074324999999999988,114,0.081817717082562608,4.0275530074805594,0.074324999999999988,114,0
twozone_apartment_hydronic,333,twozone_apartment_hydronic:day333,0,zone_drift_negative,deterministic_wm,192,144,9,f830a2c438aed4cc1f02d5ed5358feeabfbbc62f4d2e4153a2c0ab6fd65b6454,ada345b6899eb3e02f0007b73498a289611c422c97318e93775819d50033eb87,2.5164926303496786,1.9665233828340405,12.920785331781058,0.55555555555555558,0.22222222222222221,0.22222222222222221,7,2.9713222925276752,0,0.45172527873493246,0.090562214362041149,0.14093828696529892,0.037997582432021698,1.6680394861155843e-05,0.074324999999999988,114,0.081817717082562608,4.0275530074805594,0.074324999999999988,114,0.054193492424314781
twozone_apartment_hydronic,333,twozone_apartment_hydronic:day333,0,zone_drift_negative,direct_h8_rssm,192,144,9,f830a2c438aed4cc1f02d5ed5358feeabfbbc62f4d2e4153a2c0ab6fd65b6454,ada345b6899eb3e02f0007b73498a289611c422c97318e93775819d50033eb87,2.5983740405335376,8.8835750836679495,12.841540980582412,1,0,0,1,9.9833680104424811,0,0.45708046640367933,0.093698377920532788,0.14260910551794789,0.038524001288058954,3.0650792945741979e-05,0.074324999999999988,114,0.081817717082562608,4.0275530074805594,0.074324999999999988,114,0.10604571468501577
twozone_apartment_hydronic,333,twozone_apartment_hydronic:day333,0,zone_drift_negative,legacy_rssm,192,144,9,f830a2c438aed4cc1f02d5ed5358feeabfbbc62f4d2e4153a2c0ab6fd65b6454,ada345b6899eb3e02f0007b73498a289611c422c97318e93775819d50033eb87,2.8767622087035969,4.7935174536438296,15.140853730018931,0.88888888888888884,0,0.1111111111111111,3,5.6766098274347172,0,0.52413631426501328,0.10312396659901694,0.16353053005068416,0.038805554064560953,3.0681310246474798e-05,0.074324999999999988,114,0.081817717082562608,4.0275530074805594,0.074324999999999988,114,0.15056435362820281
twozone_apartment_hydronic,333,twozone_apartment_hydronic:day333,0,zone_drift_negative,rc_supervisory_selector,192,144,9,f830a2c438aed4cc1f02d5ed5358feeabfbbc62f4d2e4153a2c0ab6fd65b6454,ada345b6899eb3e02f0007b73498a289611c422c97318e93775819d50033eb87,2.3051731395321466,2.8224198211941172,11.419952006779848,0.77777777777777779,0,0.22222222222222221,3,3.8903696602048909,0,0.43383176719678768,0.08901035590581062,0.13535551136539772,0.039882205697049047,8.0160736829614546e-06,0.074324999999999988,114,0.081817717082562608,4.0275530074805594,0.074324999999999988,114,0.047784721768667097
twozone_apartment_hydronic,333,twozone_apartment_hydronic:day333,0,zone_drift_negative,tuned_rule_based,192,144,9,f830a2c438aed4cc1f02d5ed5358feeabfbbc62f4d2e4153a2c0ab6fd65b6454,ada345b6899eb3e02f0007b73498a289611c422c97318e93775819d50033eb87,2.4046740810877196,1.8724118216669012,11.813382154883044,0.44444444444444442,0.33333333333333331,0.22222222222222221,6,2.8740258682653845,0,0.43665307138921183,0.090033119689889946,0.13623575827343409,0.038945438925792365,6.7585897417939493e-06,0.074324999999999988,114,0.081817717082562608,4.0275530074805594,0.074324999999999988,114,0.050207421920863721
twozone_apartment_hydronic,333,twozone_apartment_hydronic:day333,0,zone_drift_positive,constant_zero,192,144,0,f830a2c438aed4cc1f02d5ed5358feeabfbbc62f4d2e4153a2c0ab6fd65b6454,ada345b6899eb3e02f0007b73498a289611c422c97318e93775819d50033eb87,1.9886373946022939,2.9624425007559836,9.7964422248252454,0,1,0,0,4.0275530074805594,0,0.39627052503597493,0.081817717082562608,0.12363640381122416,0.039932221008918974,6.7593553442120071e-06,0.074324999999999988,114,0.081817717082562608,4.0275530074805594,0.074324999999999988,114,0
twozone_apartment_hydronic,333,twozone_apartment_hydronic:day333,0,zone_drift_positive,deterministic_wm,192,144,9,f830a2c438aed4cc1f02d5ed5358feeabfbbc62f4d2e4153a2c0ab6fd65b6454,ada345b6899eb3e02f0007b73498a289611c422c97318e93775819d50033eb87,2.5164926303496786,1.9665233828340405,12.920785331781058,0.55555555555555558,0.22222222222222221,0.22222222222222221,7,2.9713222925276752,0,0.45172527873493246,0.090562214362041149,0.14093828696529892,0.037997582432021698,1.6520377020977346e-05,0.074324999999999988,114,0.081817717082562608,4.0275530074805594,0.074324999999999988,114,0.054193492424314781
twozone_apartment_hydronic,333,twozone_apartment_hydronic:day333,0,zone_drift_positive,direct_h8_rssm,192,144,9,f830a2c438aed4cc1f02d5ed5358feeabfbbc62f4d2e4153a2c0ab6fd65b6454,ada345b6899eb3e02f0007b73498a289611c422c97318e93775819d50033eb87,2.5983740405335376,8.8835750836679495,12.841540980582412,1,0,0,1,9.9833680104424811,0,0.45708046640367933,0.093698377920532788,0.14260910551794789,0.038524001288058954,2.9705971600774974e-05,0.074324999999999988,114,0.081817717082562608,4.0275530074805594,0.074324999999999988,114,0.10604571468501577
twozone_apartment_hydronic,333,twozone_apartment_hydronic:day333,0,zone_drift_positive,legacy_rssm,192,144,9,f830a2c438aed4cc1f02d5ed5358feeabfbbc62f4d2e4153a2c0ab6fd65b6454,ada345b6899eb3e02f0007b73498a289611c422c97318e93775819d50033eb87,2.9368521798334415,1.9665233828340405,15.13320401327455,0.77777777777777779,0,0.22222222222222221,5,2.9713222925276752,0,0.50746949428233834,0.10115361531604826,0.15833048221608956,0.038862665827571023,2.9644115918455186e-05,0.074324999999999988,114,0.081817717082562608,4.0275530074805594,0.074324999999999988,114,0.1254440874731349
twozone_apartment_hydronic,333,twozone_apartment_hydronic:day333,0,zone_drift_positive,rc_supervisory_selector,192,144,9,f830a2c438aed4cc1f02d5ed5358feeabfbbc62f4d2e4153a2c0ab6fd65b6454,ada345b6899eb3e02f0007b73498a289611c422c97318e93775819d50033eb87,2.9368521798334415,1.9665233828340405,15.13320401327455,0.77777777777777779,0,0.22222222222222221,5,2.9713222925276752,0,0.50746949428233834,0.10115361531604826,0.15833048221608956,0.038862665827571023,7.8336120414622934e-06,0.074324999999999988,114,0.081817717082562608,4.0275530074805594,0.074324999999999988,114,0.1254440874731349
twozone_apartment_hydronic,333,twozone_apartment_hydronic:day333,0,zone_drift_positive,tuned_rule_based,192,144,9,f830a2c438aed4cc1f02d5ed5358feeabfbbc62f4d2e4153a2c0ab6fd65b6454,ada345b6899eb3e02f0007b73498a289611c422c97318e93775819d50033eb87,2.4046740810877196,1.8724118216669012,11.813382154883044,0.44444444444444442,0.33333333333333331,0.22222222222222221,6,2.8740258682653845,0,0.43665307138921183,0.090033119689889946,0.13623575827343409,0.038945438925792365,6.7777187065581653e-06,0.074324999999999988,114,0.081817717082562608,4.0275530074805594,0.074324999999999988,114,0.050207421920863721
twozone_apartment_hydronic,333,twozone_apartment_hydronic:day333,0,zone_stuck,constant_zero,192,144,0,f830a2c438aed4cc1f02d5ed5358feeabfbbc62f4d2e4153a2c0ab6fd65b6454,ada345b6899eb3e02f0007b73498a289611c422c97318e93775819d50033eb87,1.9886373946022939,2.9624425007559836,9.7964422248252454,0,1,0,0,4.0275530074805594,0,0.39627052503597493,0.081817717082562608,0.12363640381122416,0.039932221008918974,6.6157341558202332e-06,0.074324999999999988,114,0.081817717082562608,4.0275530074805594,0.074324999999999988,114,0
twozone_apartment_hydronic,333,twozone_apartment_hydronic:day333,0,zone_stuck,deterministic_wm,192,144,9,f830a2c438aed4cc1f02d5ed5358feeabfbbc62f4d2e4153a2c0ab6fd65b6454,ada345b6899eb3e02f0007b73498a289611c422c97318e93775819d50033eb87,2.5164926303496786,1.9665233828340405,12.920785331781058,0.55555555555555558,0.22222222222222221,0.22222222222222221,7,2.9713222925276752,0,0.45172527873493246,0.090562214362041149,0.14093828696529892,0.037997582432021698,1.6421392395303578e-05,0.074324999999999988,114,0.081817717082562608,4.0275530074805594,0.074324999999999988,114,0.054193492424314781
twozone_apartment_hydronic,333,twozone_apartment_hydronic:day333,0,zone_stuck,direct_h8_rssm,192,144,9,f830a2c438aed4cc1f02d5ed5358feeabfbbc62f4d2e4153a2c0ab6fd65b6454,ada345b6899eb3e02f0007b73498a289611c422c97318e93775819d50033eb87,2.5983740405335376,8.8835750836679495,12.841540980582412,1,0,0,1,9.9833680104424811,0,0.45708046640367933,0.093698377920532788,0.14260910551794789,0.038524001288058954,3.116055378184338e-05,0.074324999999999988,114,0.081817717082562608,4.0275530074805594,0.074324999999999988,114,0.10604571468501577
twozone_apartment_hydronic,333,twozone_apartment_hydronic:day333,0,zone_stuck,legacy_rssm,192,144,9,f830a2c438aed4cc1f02d5ed5358feeabfbbc62f4d2e4153a2c0ab6fd65b6454,ada345b6899eb3e02f0007b73498a289611c422c97318e93775819d50033eb87,2.9368521798334415,1.9665233828340405,15.13320401327455,0.77777777777777779,0,0.22222222222222221,5,2.9713222925276752,0,0.50746949428233834,0.10115361531604826,0.15833048221608956,0.038862665827571023,3.0471357652931587e-05,0.074324999999999988,114,0.081817717082562608,4.0275530074805594,0.074324999999999988,114,0.1254440874731349
twozone_apartment_hydronic,333,twozone_apartment_hydronic:day333,0,zone_stuck,rc_supervisory_selector,192,144,9,f830a2c438aed4cc1f02d5ed5358feeabfbbc62f4d2e4153a2c0ab6fd65b6454,ada345b6899eb3e02f0007b73498a289611c422c97318e93775819d50033eb87,2.8796688269315101,1.9985100582127302,15.156151720692158,0.77777777777777779,0.1111111111111111,0.1111111111111111,5,2.9341903972757502,0,0.51521812795835831,0.1014295112007525,0.16074805592300781,0.038721863196240075,7.6887509100238838e-06,0.074324999999999988,114,0.081817717082562608,4.0275530074805594,0.074324999999999988,114,0.12713723827135304
twozone_apartment_hydronic,333,twozone_apartment_hydronic:day333,0,zone_stuck,tuned_rule_based,192,144,9,f830a2c438aed4cc1f02d5ed5358feeabfbbc62f4d2e4153a2c0ab6fd65b6454,ada345b6899eb3e02f0007b73498a289611c422c97318e93775819d50033eb87,2.5794562446891169,1.9757441120684973,13.510578249994541,0.55555555555555558,0.33333333333333331,0.1111111111111111,5,2.9287917059306721,0,0.47867117395634884,0.094600668851297656,0.14934540627438087,0.03938104288924292,6.4558369812402282e-06,0.074324999999999988,114,0.081817717082562608,4.0275530074805594,0.074324999999999988,114,0.081174492532092954
