case,condition,candidate,reference,endpoint,windows,median_paired_difference,mean_paired_difference,ci95_low,ci95_high,improved_windows,tied_windows
bestest_hydronic_heat_pump,clean,legacy_rssm,constant_zero,operational_score,12,-0.034831310699218451,-0.038773960198609382,-0.074555626879525883,0,8,2
bestest_hydronic_heat_pump,clean,legacy_rssm,constant_zero,cost_tot,12,-0.009762847023170422,-0.01092549659766554,-0.020517945225703278,0,8,4
bestest_hydronic_heat_pump,clean,legacy_rssm,constant_zero,tdis_tot,12,2.0801086259867212,4.7401384861856419,0,7.9823271205354409,2,2
bestest_hydronic_heat_pump,clean,legacy_rssm,constant_zero,control_cost_proxy,12,-1.7897951668555736,-2.0723840049407669,-3.9599221974883885,0,8,4
bestest_hydronic_heat_pump,clean,legacy_rssm,constant_zero,control_discomfort_kh,12,2.2332403123765872,4.8495031341380326,0,8.0734473808960274,2,2
bestest_hydronic_heat_pump,clean,legacy_rssm,constant_zero,control_energy_kwh,12,-6.3008257300766246,-7.7693748352593701,-15.382698981574761,0,8,4
bestest_hydronic_heat_pump,clean,direct_h8_rssm,constant_zero,operational_score,12,-0.058758954231131304,-0.049434689772890228,-0.082634916623024329,-1.973700792937551e-08,10,1
bestest_hydronic_heat_pump,clean,direct_h8_rssm,constant_zero,cost_tot,12,-0.013146523675577323,-0.011224568270047627,-0.018819993993046347,0,8,3
bestest_hydronic_heat_pump,clean,direct_h8_rssm,constant_zero,tdis_tot,12,0.94293879586097518,2.4995307158855482,-3.9062562939840006e-07,3.8090178804009582,3,2
bestest_hydronic_heat_pump,clean,direct_h8_rssm,constant_zero,control_cost_proxy,12,-2.4353754452853353,-2.1753597830861344,-3.6781092939027897,0,8,4
bestest_hydronic_heat_pump,clean,direct_h8_rssm,constant_zero,control_discomfort_kh,12,1.1076975416229615,2.5826527501846628,-4.1444328502393546e-07,3.9778498819742723,3,2
bestest_hydronic_heat_pump,clean,direct_h8_rssm,constant_zero,control_energy_kwh,12,-8.732453402819182,-8.2325688618038235,-14.582350778799357,0,8,4
bestest_hydronic_heat_pump,clean,deterministic_wm,constant_zero,operational_score,12,-0.055648644178981174,-0.049739766473920782,-0.096788331938943067,-7.5582128578431923e-09,9,1
bestest_hydronic_heat_pump,clean,deterministic_wm,constant_zero,cost_tot,12,-0.010473242797677564,-0.0094991137800273864,-0.018696417685078168,0,8,3
bestest_hydronic_heat_pump,clean,deterministic_wm,constant_zero,tdis_tot,12,0.34313837982148243,0.34485272982557585,-2.67560735167649e-06,0.81640509644194847,3,1
bestest_hydronic_heat_pump,clean,deterministic_wm,constant_zero,control_cost_proxy,12,-1.9649814217409309,-1.8568199734413986,-3.6132049238714385,0,8,3
bestest_hydronic_heat_pump,clean,deterministic_wm,constant_zero,control_discomfort_kh,12,0.38512936738006687,0.42105837873028779,-2.8424172455743246e-06,0.9120716200589456,3,1
bestest_hydronic_heat_pump,clean,deterministic_wm,constant_zero,control_energy_kwh,12,-7.3338875892323703,-7.0208560641975497,-13.669901332758826,0,8,3
bestest_hydronic_heat_pump,clean,rc_supervisory_selector,constant_zero,operational_score,12,-0.042350122464771503,-0.056931077454864705,-0.10887542193391314,-1.8681637002347593e-08,10,1
bestest_hydronic_heat_pump,clean,rc_supervisory_selector,constant_zero,cost_tot,12,-0.0086291751764635341,-0.010982857784021185,-0.020686069858445337,0,8,4
bestest_hydronic_heat_pump,clean,rc_supervisory_selector,constant_zero,tdis_tot,12,0.33991079190404994,0.724454813544396,-6.641173288246538e-07,1.3458016546168585,3,1
bestest_hydronic_heat_pump,clean,rc_supervisory_selector,constant_zero,control_cost_proxy,12,-1.7424374815636567,-2.1576953367225564,-4.0403028793900351,0,8,4
bestest_hydronic_heat_pump,clean,rc_supervisory_selector,constant_zero,control_discomfort_kh,12,0.43703918107045325,0.79815479213909535,-6.6709750257132328e-07,1.5417470276742264,3,1
bestest_hydronic_heat_pump,clean,rc_supervisory_selector,constant_zero,control_energy_kwh,12,-7.2506556940734139,-8.3881323908183347,-15.65488911458065,0,8,4
bestest_hydronic_heat_pump,clean,tuned_rule_based,constant_zero,operational_score,12,-0.039324053422761053,-0.048837648446842609,-0.10323352884184414,1.6797798822656769e-08,8,0
bestest_hydronic_heat_pump,clean,tuned_rule_based,constant_zero,cost_tot,12,-0.008052993084089969,-0.0094807766574354635,-0.019543608701421196,0,8,2
bestest_hydronic_heat_pump,clean,tuned_rule_based,constant_zero,tdis_tot,12,0.33162119727790884,0.71677975623676937,1.2873534503965445e-06,1.3458016546168585,2,1
bestest_hydronic_heat_pump,clean,tuned_rule_based,constant_zero,control_cost_proxy,12,-1.5617973427885348,-1.8713862892549011,-3.8425756371028621,0,8,2
bestest_hydronic_heat_pump,clean,tuned_rule_based,constant_zero,control_discomfort_kh,12,0.39235953859610362,0.78885139596341725,6.3673972832134496e-06,1.5417470276742264,1,1
bestest_hydronic_heat_pump,clean,tuned_rule_based,constant_zero,control_energy_kwh,12,-6.2689925106023354,-7.2122771335576985,-14.913226540360196,0,8,2
bestest_hydronic_heat_pump,clean,direct_h8_rssm,legacy_rssm,operational_score,12,0,-0.010660729574280846,-0.01369270658106022,0.001079922259539008,5,3
bestest_hydronic_heat_pump,clean,direct_h8_rssm,legacy_rssm,cost_tot,12,0,-0.00029907167238208619,-0.00076097456102890842,0.00020071953205789538,4,5
bestest_hydronic_heat_pump,clean,direct_h8_rssm,legacy_rssm,tdis_tot,12,-0.49178325431177294,-2.2406077703000928,-3.2819065984066227,0,7,4
bestest_hydronic_heat_pump,clean,direct_h8_rssm,legacy_rssm,control_cost_proxy,12,0,-0.10297577814536789,-0.21616996427784141,0,4,6
bestest_hydronic_heat_pump,clean,direct_h8_rssm,legacy_rssm,control_discomfort_kh,12,-0.49095061592014844,-2.2668503839533698,-3.3824832836540182,0,7,4
bestest_hydronic_heat_pump,clean,direct_h8_rssm,legacy_rssm,control_energy_kwh,12,0,-0.46319402654445402,-1.1801344916763483,0,4,6
bestest_hydronic_heat_pump,clean,deterministic_wm,direct_h8_rssm,operational_score,12,0,-0.00030507670103055613,-0.0056485455277876908,0.0077646141057394827,5,2
bestest_hydronic_heat_pump,clean,deterministic_wm,direct_h8_rssm,cost_tot,12,0.00026196230663081549,0.0017254544900202392,0,0.0049666846237467963,2,4
bestest_hydronic_heat_pump,clean,deterministic_wm,direct_h8_rssm,tdis_tot,12,-2.2849817222780899e-06,-2.1546779860599723,-3.2796391946967951,6.7044980859298775e-06,6,3
bestest_hydronic_heat_pump,clean,deterministic_wm,direct_h8_rssm,control_cost_proxy,12,0.075198039388674864,0.31853980964473577,0,0.92701258027622613,1,5
bestest_hydronic_heat_pump,clean,deterministic_wm,direct_h8_rssm,control_discomfort_kh,12,-2.4279739605503892e-06,-2.1615943714543753,-3.2876707719798475,6.4998244795333449e-06,6,3
bestest_hydronic_heat_pump,clean,deterministic_wm,direct_h8_rssm,control_energy_kwh,12,0.20862165941372268,1.211712797606274,0,3.3216233331181702,1,5
bestest_hydronic_heat_pump,clean,rc_supervisory_selector,deterministic_wm,operational_score,12,0,-0.0071913109809439262,-0.0063050394207988568,0.0026456327914256856,5,4
bestest_hydronic_heat_pump,clean,rc_supervisory_selector,deterministic_wm,cost_tot,12,0,-0.0014837440039937979,-0.0016050120315506747,0,4,6
bestest_hydronic_heat_pump,clean,rc_supervisory_selector,deterministic_wm,tdis_tot,12,0,0.37960208371882032,-4.0459150554839063e-06,0.30443385959351693,4,4
bestest_hydronic_heat_pump,clean,rc_supervisory_selector,deterministic_wm,control_cost_proxy,12,0,-0.30087536328115755,-0.29952189019402198,0,4,6
bestest_hydronic_heat_pump,clean,rc_supervisory_selector,deterministic_wm,control_discomfort_kh,12,0,0.37709641340880751,-4.2621814628773791e-06,0.32770979278976853,4,4
bestest_hydronic_heat_pump,clean,rc_supervisory_selector,deterministic_wm,control_energy_kwh,12,0,-1.3672763266207848,-1.5334920878855165,0,4,6
bestest_hydronic_heat_pump,clean,tuned_rule_based,deterministic_wm,operational_score,12,3.3308772374779583e-09,0.00090211802707817947,-0.006305030173412364,0.011519187175871195,3,3
bestest_hydronic_heat_pump,clean,tuned_rule_based,deterministic_wm,cost_tot,12,0,1.8337122591923084e-05,-0.0016050120315506747,0.0010338734582880302,4,5
bestest_hydronic_heat_pump,clean,tuned_rule_based,deterministic_wm,tdis_tot,12,1.1791305420671971e-06,0.37192702641119357,0,0.20297913975527099,2,4
bestest_hydronic_heat_pump,clean,tuned_rule_based,deterministic_wm,control_cost_proxy,12,0,-0.014566315813502298,-0.29952189019402198,0.15903162044127939,4,5
bestest_hydronic_heat_pump,clean,tuned_rule_based,deterministic_wm,control_discomfort_kh,12,1.3056431100721966e-06,0.3677930172331294,0,0.21723843405756327,2,4
bestest_hydronic_heat_pump,clean,tuned_rule_based,deterministic_wm,control_energy_kwh,12,0,-0.19142106936014835,-1.5334920878855165,0.30900078507919915,4,5
bestest_hydronic_heat_pump,zone_bias_negative,legacy_rssm,constant_zero,operational_score,12,-0.051290275205085847,-0.043358329941535233,-0.083474466202003217,0,8,2
bestest_hydronic_heat_pump,zone_bias_negative,legacy_rssm,constant_zero,cost_tot,12,-0.012493923288197685,-0.011755283996746003,-0.020517945225703278,0,8,4
bestest_hydronic_heat_pump,zone_bias_negative,legacy_rssm,constant_zero,tdis_tot,12,2.1979695775525938,4.6976702105810624,0,7.9823271205354409,2,2
bestest_hydronic_heat_pump,zone_bias_negative,legacy_rssm,constant_zero,control_cost_proxy,12,-2.3104125643551905,-2.2413992289712947,-3.9599221974883885,0,8,4
bestest_hydronic_heat_pump,zone_bias_negative,legacy_rssm,constant_zero,control_discomfort_kh,12,2.3632832433192092,4.8091528129220729,0,8.0734473808960274,2,2
bestest_hydronic_heat_pump,zone_bias_negative,legacy_rssm,constant_zero,control_energy_kwh,12,-8.3182595376615538,-8.4256900453609003,-15.382698981574761,0,8,4
bestest_hydronic_heat_pump,zone_bias_negative,direct_h8_rssm,constant_zero,operational_score,12,-0.058758954231131304,-0.050345782542785322,-0.082634916623024329,-1.8633545699436527e-08,9,1
bestest_hydronic_heat_pump,zone_bias_negative,direct_h8_rssm,constant_zero,cost_tot,12,-0.011368869972874604,-0.011462232386366511,-0.021256406892358269,0,8,3
bestest_hydronic_heat_pump,zone_bias_negative,direct_h8_rssm,constant_zero,tdis_tot,12,0.83964593133573062,2.5659745380647134,0,3.9675771417291754,2,2
bestest_hydronic_heat_pump,zone_bias_negative,direct_h8_rssm,constant_zero,control_cost_proxy,12,-2.1150403592027116,-2.2074290558208949,-4.1440501403927694,0,8,4
bestest_hydronic_heat_pump,zone_bias_negative,direct_h8_rssm,constant_zero,control_discomfort_kh,12,1.0043631675357574,2.6568339249963144,0,4.09543001842097,2,2
bestest_hydronic_heat_pump,zone_bias_negative,direct_h8_rssm,constant_zero,control_energy_kwh,12,-7.3087024260330864,-8.2975294955788268,-16.317148729928846,0,8,4
bestest_hydronic_heat_pump,zone_bias_negative,deterministic_wm,constant_zero,operational_score,12,-0.051994743780322247,-0.0445531856355528,-0.094615554469220597,-2.7513628300495789e-08,10,0
bestest_hydronic_heat_pump,zone_bias_negative,deterministic_wm,constant_zero,cost_tot,12,-0.0096915366422872865,-0.0084286607072985506,-0.018033879496411605,0,8,2
bestest_hydronic_heat_pump,zone_bias_negative,deterministic_wm,constant_zero,tdis_tot,12,0.21625768378701093,0.20564719496870262,-9.7398244183755089e-06,0.48990412705900166,4,1
bestest_hydronic_heat_pump,zone_bias_negative,deterministic_wm,constant_zero,control_cost_proxy,12,-1.7871956963677063,-1.6448316680181294,-3.5612589080512258,0,8,2
bestest_hydronic_heat_pump,zone_bias_negative,deterministic_wm,constant_zero,control_discomfort_kh,12,0.26978235543309381,0.28117644839021355,-9.7364642073216601e-06,0.58893004868897947,4,1
bestest_hydronic_heat_pump,zone_bias_negative,deterministic_wm,constant_zero,control_energy_kwh,12,-6.4841520812717448,-6.1369971200643532,-14.100718721010939,0,8,2
bestest_hydronic_heat_pump,zone_bias_negative,rc_supervisory_selector,constant_zero,operational_score,12,-0.040330726666202493,-0.038851272000481434,-0.060989478880531994,1.6417661349446853e-08,8,0
bestest_hydronic_heat_pump,zone_bias_negative,rc_supervisory_selector,constant_zero,cost_tot,12,-0.0080791319682798901,-0.0073231759878036881,-0.011474315834669069,0,8,2
bestest_hydronic_heat_pump,zone_bias_negative,rc_supervisory_selector,constant_zero,tdis_tot,12,5.811852117704186e-06,0.18411491148635417,-0.029387514522343117,0.53675132562706263,4,1
bestest_hydronic_heat_pump,zone_bias_negative,rc_supervisory_selector,constant_zero,control_cost_proxy,12,-1.6190410649692932,-1.4188089504292947,-2.2818806756496959,0,8,2
bestest_hydronic_heat_pump,zone_bias_negative,rc_supervisory_selector,constant_zero,control_discomfort_kh,12,6.254148203765908e-06,0.25740467430191077,-0.016053771852021725,0.6742582810715021,4,1
bestest_hydronic_heat_pump,zone_bias_negative,rc_supervisory_selector,constant_zero,control_energy_kwh,12,-6.1437375353424777,-5.3905007274438601,-9.3804430967638019,0,8,2
bestest_hydronic_heat_pump,zone_bias_negative,tuned_rule_based,constant_zero,operational_score,12,-0.039324053422761053,-0.048807029461592398,-0.10323352884184414,1.7093566826201206e-08,8,0
bestest_hydronic_heat_pump,zone_bias_negative,tuned_rule_based,constant_zero,cost_tot,12,-0.008052993084089969,-0.0094750789689330966,-0.019543608701421196,0,8,2
bestest_hydronic_heat_pump,zone_bias_negative,tuned_rule_based,constant_zero,tdis_tot,12,0.33159810567488357,0.71677592508657728,1.3920553236512756e-06,1.3458016546168585,2,1
bestest_hydronic_heat_pump,zone_bias_negative,tuned_rule_based,constant_zero,control_cost_proxy,12,-1.5617973427885348,-1.8717397653532333,-3.8425756371028621,0,8,2
bestest_hydronic_heat_pump,zone_bias_negative,tuned_rule_based,constant_zero,control_discomfort_kh,12,0.39233680466959697,0.78884762601643033,6.4816418685609278e-06,1.5417470276742264,1,1
bestest_hydronic_heat_pump,zone_bias_negative,tuned_rule_based,constant_zero,control_energy_kwh,12,-6.2689925106023354,-7.2137975796319864,-14.913226540360196,0,8,2
bestest_hydronic_heat_pump,zone_bias_negative,direct_h8_rssm,legacy_rssm,operational_score,12,3.1059906497362372e-08,-0.0069874526012500887,-0.00041210637063809674,0.0058191268545789441,4,2
bestest_hydronic_heat_pump,zone_bias_negative,direct_h8_rssm,legacy_rssm,cost_tot,12,0.00017475953393522592,0.00029305161037949078,0,0.0022237868305275688,2,4
bestest_hydronic_heat_pump,zone_bias_negative,direct_h8_rssm,legacy_rssm,tdis_tot,12,-0.37098564215682917,-2.1316956725163494,-2.7799562374567466,0,8,3
bestest_hydronic_heat_pump,zone_bias_negative,direct_h8_rssm,legacy_rssm,control_cost_proxy,12,0,0.033970173150399706,0,0.39644522407775185,2,5
bestest_hydronic_heat_pump,zone_bias_negative,direct_h8_rssm,legacy_rssm,control_discomfort_kh,12,-0.37017123344671887,-2.1523188879257589,-2.834067635029065,0,8,3
bestest_hydronic_heat_pump,zone_bias_negative,direct_h8_rssm,legacy_rssm,control_energy_kwh,12,0,0.12816054978207289,0,1.4139308698288211,2,5
bestest_hydronic_heat_pump,zone_bias_negative,deterministic_wm,direct_h8_rssm,operational_score,12,-1.3218697432160677e-09,0.0057925969072325214,-0.019430671791934005,0.028074680458008795,6,2
bestest_hydronic_heat_pump,zone_bias_negative,deterministic_wm,direct_h8_rssm,cost_tot,12,0.0014762207679311825,0.0030335716790679617,0,0.0063764968500009227,2,4
bestest_hydronic_heat_pump,zone_bias_negative,deterministic_wm,direct_h8_rssm,tdis_tot,12,-0.089237450548892761,-2.360327343096011,-3.9773314170603218,0,8,3
bestest_hydronic_heat_pump,zone_bias_negative,deterministic_wm,direct_h8_rssm,control_cost_proxy,12,0.27033113045425716,0.56259738780276558,0,1.180188330840011,2,4
bestest_hydronic_heat_pump,zone_bias_negative,deterministic_wm,direct_h8_rssm,control_discomfort_kh,12,-0.0894231253692368,-2.3756574766061007,-4.0302515459522041,0,8,3
bestest_hydronic_heat_pump,zone_bias_negative,deterministic_wm,direct_h8_rssm,control_energy_kwh,12,1.0663774590089501,2.1605323755144736,0,4.5557267602065554,2,4
bestest_hydronic_heat_pump,zone_bias_negative,rc_supervisory_selector,deterministic_wm,operational_score,12,2.1765609517404864e-08,0.0057019136350713743,-0.012213172156253511,0.032983557511700297,4,2
bestest_hydronic_heat_pump,zone_bias_negative,rc_supervisory_selector,deterministic_wm,cost_tot,12,0,0.0011054847194948616,-0.0023569666931407829,0.0062169433734676725,4,4
bestest_hydronic_heat_pump,zone_bias_negative,rc_supervisory_selector,deterministic_wm,tdis_tot,12,7.7050257691613222e-06,-0.021532283482348442,-0.11212129185363828,0.09560099802012112,3,3
bestest_hydronic_heat_pump,zone_bias_negative,rc_supervisory_selector,deterministic_wm,control_cost_proxy,12,0,0.22602271758883496,-0.32774742039650095,1.2183556892544081,4,4
bestest_hydronic_heat_pump,zone_bias_negative,rc_supervisory_selector,deterministic_wm,control_discomfort_kh,12,7.6555502772635009e-06,-0.023771774088302777,-0.12339494945869944,0.099725157497879025,3,3
bestest_hydronic_heat_pump,zone_bias_negative,rc_supervisory_selector,deterministic_wm,control_energy_kwh,12,0,0.74649639262049272,-1.4316577313029111,4.3651467487370326,4,4
bestest_hydronic_heat_pump,zone_bias_negative,tuned_rule_based,deterministic_wm,operational_score,12,2.0719420012713114e-08,-0.0042538438260395989,-0.014082352989459181,0.002830483287079676,5,1
bestest_hydronic_heat_pump,zone_bias_negative,tuned_rule_based,deterministic_wm,cost_tot,12,-0.00029393253758518839,-0.0010464182616345471,-0.0028577149213939931,3.435769950096805e-05,6,3
bestest_hydronic_heat_pump,zone_bias_negative,tuned_rule_based,deterministic_wm,tdis_tot,12,0.12177509336013218,0.51112873011787474,0,0.34303324721402678,2,2
bestest_hydronic_heat_pump,zone_bias_negative,tuned_rule_based,deterministic_wm,control_cost_proxy,12,-0.04032524544783489,-0.22690809733510409,-0.58464540041706847,0,7,3
bestest_hydronic_heat_pump,zone_bias_negative,tuned_rule_based,deterministic_wm,control_discomfort_kh,12,0.12044552081634663,0.50767117762621672,0,0.34276350668580591,2,2
bestest_hydronic_heat_pump,zone_bias_negative,tuned_rule_based,deterministic_wm,control_energy_kwh,12,-0.57145615159675867,-1.076800459567635,-2.3695195165351137,0,7,3
bestest_hydronic_heat_pump,zone_bias_positive,legacy_rssm,constant_zero,operational_score,12,-0.030749245084225958,-0.034154158346958667,-0.067054587232168256,0,8,2
bestest_hydronic_heat_pump,zone_bias_positive,legacy_rssm,constant_zero,cost_tot,12,-0.009762847023170422,-0.010050409136396231,-0.018985646520804929,0,8,4
bestest_hydronic_heat_pump,zone_bias_positive,legacy_rssm,constant_zero,tdis_tot,12,3.2595788757417736,4.7230634974747856,3.3059713047678407e-07,6.6356711419476184,1,2
bestest_hydronic_heat_pump,zone_bias_positive,legacy_rssm,constant_zero,control_cost_proxy,12,-1.7897951668555736,-1.9073776831664138,-3.6363993734835547,0,8,4
bestest_hydronic_heat_pump,zone_bias_positive,legacy_rssm,constant_zero,control_discomfort_kh,12,3.391866970861166,4.8277028027063338,3.5974019851892081e-07,6.8020167982676227,1,2
bestest_hydronic_heat_pump,zone_bias_positive,legacy_rssm,constant_zero,control_energy_kwh,12,-6.3008257300766246,-7.1737917490287799,-13.694777439480205,0,8,4
bestest_hydronic_heat_pump,zone_bias_positive,direct_h8_rssm,constant_zero,operational_score,12,-0.062907847708572148,-0.049097600408475849,-0.082634916623024329,-1.973700792937551e-08,10,1
bestest_hydronic_heat_pump,zone_bias_positive,direct_h8_rssm,constant_zero,cost_tot,12,-0.013146523675577323,-0.010660403657467031,-0.017181312945578259,0,8,3
bestest_hydronic_heat_pump,zone_bias_positive,direct_h8_rssm,constant_zero,tdis_tot,12,0.94293879586097518,1.8749770875235896,-3.9062562939840006e-07,3.4068981021050391,3,2
bestest_hydronic_heat_pump,zone_bias_positive,direct_h8_rssm,constant_zero,control_cost_proxy,12,-2.4353754452853353,-2.0675299061271635,-3.3511975802033951,0,8,4
bestest_hydronic_heat_pump,zone_bias_positive,direct_h8_rssm,constant_zero,control_discomfort_kh,12,1.1076975416229615,1.9572616777737342,-4.1444328502393546e-07,3.446885763919795,3,2
bestest_hydronic_heat_pump,zone_bias_positive,direct_h8_rssm,constant_zero,control_energy_kwh,12,-8.732453402819182,-7.781587564223031,-13.026515543223558,0,8,4
bestest_hydronic_heat_pump,zone_bias_positive,deterministic_wm,constant_zero,operational_score,12,-0.062049403636977141,-0.051346393465484093,-0.084242158793839061,-7.5582128578431923e-09,9,1
bestest_hydronic_heat_pump,zone_bias_positive,deterministic_wm,constant_zero,cost_tot,12,-0.012884561368946508,-0.010885747554971785,-0.018696417685078168,0,8,4
bestest_hydronic_heat_pump,zone_bias_positive,deterministic_wm,constant_zero,tdis_tot,12,0.526336276319608,1.6713462646090236,1.0822290832934733e-07,2.2341324876437314,2,1
bestest_hydronic_heat_pump,zone_bias_positive,deterministic_wm,constant_zero,control_cost_proxy,12,-2.3601774058966605,-2.1034442605788359,-3.6132049238714385,0,8,4
bestest_hydronic_heat_pump,zone_bias_positive,deterministic_wm,constant_zero,control_discomfort_kh,12,0.64139016267488813,1.753476924379586,1.167684757774623e-07,2.3520273144809778,2,1
bestest_hydronic_heat_pump,zone_bias_positive,deterministic_wm,constant_zero,control_energy_kwh,12,-8.5238317434054593,-8.004718780482067,-13.669901332758826,0,8,4
bestest_hydronic_heat_pump,zone_bias_positive,rc_supervisory_selector,constant_zero,operational_score,12,-0.026846914622730415,-0.0328282804015246,-0.064345260919475497,-7.6718399947303454e-08,11,1
bestest_hydronic_heat_pump,zone_bias_positive,rc_supervisory_selector,constant_zero,cost_tot,12,-0.0088141485103327005,-0.0090262974684593832,-0.016556059050841124,0,8,4
bestest_hydronic_heat_pump,zone_bias_positive,rc_supervisory_selector,constant_zero,tdis_tot,12,6.8023796656123992,4.511534913808898,-3.9062562939840006e-07,7.1477882170686549,3,1
bestest_hydronic_heat_pump,zone_bias_positive,rc_supervisory_selector,constant_zero,control_cost_proxy,12,-1.6094838890860261,-1.7253991675973579,-3.2926730853345041,0,8,4
bestest_hydronic_heat_pump,zone_bias_positive,rc_supervisory_selector,constant_zero,control_discomfort_kh,12,6.9163205131919767,4.5856431475640287,-4.1444328502393546e-07,7.3177595307457963,3,1
bestest_hydronic_heat_pump,zone_bias_positive,rc_supervisory_selector,constant_zero,control_energy_kwh,12,-5.6181527236032913,-6.2724519302177297,-12.382543756942523,0,8,4
bestest_hydronic_heat_pump,zone_bias_positive,tuned_rule_based,constant_zero,operational_score,12,-0.040312524392318166,-0.033491089902349648,-0.060702296063777555,1.6797798822656769e-08,8,0
bestest_hydronic_heat_pump,zone_bias_positive,tuned_rule_based,constant_zero,cost_tot,12,-0.0094899939697688229,-0.0076755868249842908,-0.013160027417652959,0,8,2
bestest_hydronic_heat_pump,zone_bias_positive,tuned_rule_based,constant_zero,tdis_tot,12,3.0107395574836704,2.2515906764111411,0.070250722786393771,3.7144660990374025,0,1
bestest_hydronic_heat_pump,zone_bias_positive,tuned_rule_based,constant_zero,control_cost_proxy,12,-1.7913845976113514,-1.4957475253162336,-2.546849487069005,0,8,2
bestest_hydronic_heat_pump,zone_bias_positive,tuned_rule_based,constant_zero,control_discomfort_kh,12,3.07660390387273,2.324905399643987,0.069829937000086773,3.8622774367844528,0,1
bestest_hydronic_heat_pump,zone_bias_positive,tuned_rule_based,constant_zero,control_energy_kwh,12,-6.2566202104826196,-5.5274980864985892,-9.8161450605045388,0,8,2
bestest_hydronic_heat_pump,zone_bias_positive,direct_h8_rssm,legacy_rssm,operational_score,12,-1.9567435898523487e-08,-0.014943442061517181,-0.015283130002931647,0.001079922259539008,6,2
bestest_hydronic_heat_pump,zone_bias_positive,direct_h8_rssm,legacy_rssm,cost_tot,12,0,-0.00060999452107079978,-0.0005244537435378574,0.0018394005795259833,3,4
bestest_hydronic_heat_pump,zone_bias_positive,direct_h8_rssm,legacy_rssm,tdis_tot,12,-2.449670123503457,-2.8480864099511951,-4.5485906096857036,0,8,3
bestest_hydronic_heat_pump,zone_bias_positive,direct_h8_rssm,legacy_rssm,control_cost_proxy,12,0,-0.16015222296074955,-0.20174853928664316,0.2931546481019236,4,5
bestest_hydronic_heat_pump,zone_bias_positive,direct_h8_rssm,legacy_rssm,control_discomfort_kh,12,-2.4927127848227997,-2.8704411249325994,-4.5810083851135843,0,8,3
bestest_hydronic_heat_pump,zone_bias_positive,direct_h8_rssm,legacy_rssm,control_energy_kwh,12,0,-0.6077958151942523,-0.88724611683560894,0.86794243866441434,4,5
bestest_hydronic_heat_pump,zone_bias_positive,deterministic_wm,direct_h8_rssm,operational_score,12,0,-0.002248793057008256,-0.0010799130121525156,2.0537067245528364e-08,4,4
bestest_hydronic_heat_pump,zone_bias_positive,deterministic_wm,direct_h8_rssm,cost_tot,12,0,-0.00022534389750475435,0,0,2,8
bestest_hydronic_heat_pump,zone_bias_positive,deterministic_wm,direct_h8_rssm,tdis_tot,12,0,-0.2036308229145658,0,1.0465136964232791e-05,2,5
bestest_hydronic_heat_pump,zone_bias_positive,deterministic_wm,direct_h8_rssm,control_cost_proxy,12,0,-0.035914354451672625,0,0,1,9
bestest_hydronic_heat_pump,zone_bias_positive,deterministic_wm,direct_h8_rssm,control_discomfort_kh,12,0,-0.20378475339414828,0,1.0060275322132384e-05,2,5
bestest_hydronic_heat_pump,zone_bias_positive,deterministic_wm,direct_h8_rssm,control_energy_kwh,12,0,-0.22313121625903479,0,0,1,9
bestest_hydronic_heat_pump,zone_bias_positive,rc_supervisory_selector,deterministic_wm,operational_score,12,0.0053288077888545265,0.018518113063959504,-1.1184484473226895e-07,0.048249180232079955,4,1
bestest_hydronic_heat_pump,zone_bias_positive,rc_supervisory_selector,deterministic_wm,cost_tot,12,0,0.0018594500865124033,-7.0641676396400455e-05,0.0053725741957117504,3,4
bestest_hydronic_heat_pump,zone_bias_positive,rc_supervisory_selector,deterministic_wm,tdis_tot,12,3.4034254170472367,2.8401886491998742,-7.7234023715400113e-07,6.2404276642716816,3,1
bestest_hydronic_heat_pump,zone_bias_positive,rc_supervisory_selector,deterministic_wm,control_cost_proxy,12,0.071806400399275105,0.37804509298147804,0,1.0533325514853136,2,4
bestest_hydronic_heat_pump,zone_bias_positive,rc_supervisory_selector,deterministic_wm,control_discomfort_kh,12,3.4354847469194425,2.8321662231844429,-7.8386597834878557e-07,6.2424823748508516,3,1
bestest_hydronic_heat_pump,zone_bias_positive,rc_supervisory_selector,deterministic_wm,control_energy_kwh,12,0.12680075952877345,1.732266850264337,0,4.4732422355088346,2,4
bestest_hydronic_heat_pump,zone_bias_positive,tuned_rule_based,deterministic_wm,operational_score,12,0.0097328106803716667,0.017855303563134455,3.3308772374779583e-09,0.039892558884806466,2,1
bestest_hydronic_heat_pump,zone_bias_positive,tuned_rule_based,deterministic_wm,cost_tot,12,0,0.0032101607299874942,-7.2051507508233414e-05,0.0088096464541084947,3,4
bestest_hydronic_heat_pump,zone_bias_positive,tuned_rule_based,deterministic_wm,tdis_tot,12,0.070249637754867145,0.58024441180211717,0,2.926053719928059,2,2
bestest_hydronic_heat_pump,zone_bias_positive,tuned_rule_based,deterministic_wm,control_cost_proxy,12,0.040314939862185817,0.60769673526260248,0,1.7097558421529935,2,4
bestest_hydronic_heat_pump,zone_bias_positive,tuned_rule_based,deterministic_wm,control_discomfort_kh,12,0.069829218966489748,0.57142847526440121,0,2.9348939765786781,2,2
bestest_hydronic_heat_pump,zone_bias_positive,tuned_rule_based,deterministic_wm,control_energy_kwh,12,0.26658598230480379,2.4772206939834773,0,6.8615051273818546,2,4
bestest_hydronic_heat_pump,zone_drift_negative,legacy_rssm,constant_zero,operational_score,12,-0.045040732892191807,-0.042316739556052897,-0.083474466202003217,0,8,2
bestest_hydronic_heat_pump,zone_drift_negative,legacy_rssm,constant_zero,cost_tot,12,-0.012493923288197685,-0.011594297944223765,-0.020517945225703278,0,8,4
bestest_hydronic_heat_pump,zone_drift_negative,legacy_rssm,constant_zero,tdis_tot,12,2.1979695775525938,4.7597819781132875,0,7.9823271205354409,2,2
bestest_hydronic_heat_pump,zone_drift_negative,legacy_rssm,constant_zero,control_cost_proxy,12,-2.3104125643551905,-2.2050259306600579,-3.9599221974883885,0,8,4
bestest_hydronic_heat_pump,zone_drift_negative,legacy_rssm,constant_zero,control_discomfort_kh,12,2.3632832433192092,4.8711769559618032,0,8.0734473808960274,2,2
bestest_hydronic_heat_pump,zone_drift_negative,legacy_rssm,constant_zero,control_energy_kwh,12,-8.3182595376615538,-8.2585349168630184,-15.382698981574761,0,8,4
bestest_hydronic_heat_pump,zone_drift_negative,direct_h8_rssm,constant_zero,operational_score,12,-0.058758954231131304,-0.04673701125050711,-0.071344772744316359,-1.8633545699436527e-08,9,1
bestest_hydronic_heat_pump,zone_drift_negative,direct_h8_rssm,constant_zero,cost_tot,12,-0.011368869972874604,-0.010714119006346711,-0.017784923782989473,0,8,3
bestest_hydronic_heat_pump,zone_drift_negative,direct_h8_rssm,constant_zero,tdis_tot,12,0.83964593133573062,2.4823161445730677,0,3.8090178804009582,2,2
bestest_hydronic_heat_pump,zone_drift_negative,direct_h8_rssm,constant_zero,control_cost_proxy,12,-2.1150403592027116,-2.0782779814428682,-3.5695826948374396,0,8,4
bestest_hydronic_heat_pump,zone_drift_negative,direct_h8_rssm,constant_zero,control_discomfort_kh,12,1.0043631675357574,2.5654313168921554,0,3.9778498819742723,2,2
bestest_hydronic_heat_pump,zone_drift_negative,direct_h8_rssm,constant_zero,control_energy_kwh,12,-7.3087024260330864,-7.8095975057761686,-14.359944581387127,0,8,4
bestest_hydronic_heat_pump,zone_drift_negative,deterministic_wm,constant_zero,operational_score,12,-0.051994743780322247,-0.048383711860800059,-0.094615554469220597,-2.7513628300495789e-08,10,1
bestest_hydronic_heat_pump,zone_drift_negative,deterministic_wm,constant_zero,cost_tot,12,-0.0096915366422872865,-0.0091406310404696933,-0.018033879496411605,0,8,3
bestest_hydronic_heat_pump,zone_drift_negative,deterministic_wm,constant_zero,tdis_tot,12,0.21625768378701093,0.20564719496870262,-9.7398244183755089e-06,0.48990412705900166,4,1
bestest_hydronic_heat_pump,zone_drift_negative,deterministic_wm,constant_zero,control_cost_proxy,12,-1.7871956963677063,-1.7784984779233193,-3.5612589080512258,0,8,3
bestest_hydronic_heat_pump,zone_drift_negative,deterministic_wm,constant_zero,control_discomfort_kh,12,0.26978235543309381,0.28117644839021355,-9.7364642073216601e-06,0.58893004868897947,4,1
bestest_hydronic_heat_pump,zone_drift_negative,deterministic_wm,constant_zero,control_energy_kwh,12,-6.4841520812717448,-6.6896168772691986,-14.100718721010939,0,8,3
bestest_hydronic_heat_pump,zone_drift_negative,rc_supervisory_selector,constant_zero,operational_score,12,-0.03739055857043673,-0.037012126341788236,-0.060683427416505807,1.8346270097981239e-08,8,0
bestest_hydronic_heat_pump,zone_drift_negative,rc_supervisory_selector,constant_zero,cost_tot,12,-0.0068877821521062879,-0.0070111455777486197,-0.011193417769704499,0,8,2
bestest_hydronic_heat_pump,zone_drift_negative,rc_supervisory_selector,constant_zero,tdis_tot,12,7.7190302152363444e-06,0.224527041351366,-0.029379431547215229,0.64417097338372042,3,1
bestest_hydronic_heat_pump,zone_drift_negative,rc_supervisory_selector,constant_zero,control_cost_proxy,12,-1.4086337878282587,-1.3683211141174301,-2.2818806756496959,0,8,2
bestest_hydronic_heat_pump,zone_drift_negative,rc_supervisory_selector,constant_zero,control_discomfort_kh,12,8.043073101760001e-06,0.29435979356568492,-0.016046075076687316,0.78000051721324581,3,1
bestest_hydronic_heat_pump,zone_drift_negative,rc_supervisory_selector,constant_zero,control_energy_kwh,12,-5.1290769596189527,-5.2586096881758566,-9.3804430967638019,0,8,2
bestest_hydronic_heat_pump,zone_drift_negative,tuned_rule_based,constant_zero,operational_score,12,-0.039324053422761053,-0.048806946981355091,-0.10323352884184414,1.6797798822656769e-08,8,0
bestest_hydronic_heat_pump,zone_drift_negative,tuned_rule_based,constant_zero,cost_tot,12,-0.008052993084089969,-0.0094750702527989627,-0.019543608701421196,0,8,2
bestest_hydronic_heat_pump,zone_drift_negative,tuned_rule_based,constant_zero,tdis_tot,12,0.33162119727790884,0.71677975623676937,1.2873534503965445e-06,1.3458016546168585,2,1
bestest_hydronic_heat_pump,zone_drift_negative,tuned_rule_based,constant_zero,control_cost_proxy,12,-1.5617973427885348,-1.8717382446550614,-3.8425756371028621,0,8,2
bestest_hydronic_heat_pump,zone_drift_negative,tuned_rule_based,constant_zero,control_discomfort_kh,12,0.39235953859610362,0.78885139596341725,6.3673972832134496e-06,1.5417470276742264,1,1
bestest_hydronic_heat_pump,zone_drift_negative,tuned_rule_based,constant_zero,control_energy_kwh,12,-6.2689925106023354,-7.2137918755878303,-14.913226540360196,0,8,2
bestest_hydronic_heat_pump,zone_drift_negative,direct_h8_rssm,legacy_rssm,operational_score,12,3.1059906497362372e-08,-0.0044202716944542206,-0.0015103415831528764,0.0099630514984073958,4,2
bestest_hydronic_heat_pump,zone_drift_negative,direct_h8_rssm,legacy_rssm,cost_tot,12,0,0.00088017893787705316,-2.2512894373917514e-05,0.0024327451277678337,3,4
bestest_hydronic_heat_pump,zone_drift_negative,direct_h8_rssm,legacy_rssm,tdis_tot,12,-0.74365624735017444,-2.2774658335402194,-3.2819065984066227,0,8,3
bestest_hydronic_heat_pump,zone_drift_negative,direct_h8_rssm,legacy_rssm,control_cost_proxy,12,0,0.12674794921718946,-0.032042021373460905,0.47060636196860894,3,5
bestest_hydronic_heat_pump,zone_drift_negative,direct_h8_rssm,legacy_rssm,control_discomfort_kh,12,-0.74231609168509749,-2.3057456390696474,-3.3824832836540182,0,8,3
bestest_hydronic_heat_pump,zone_drift_negative,direct_h8_rssm,legacy_rssm,control_energy_kwh,12,0,0.44893741108684893,-0.24568474332226486,1.9270837936654281,3,5
bestest_hydronic_heat_pump,zone_drift_negative,deterministic_wm,direct_h8_rssm,operational_score,12,-2.3134389748121081e-08,-0.0016467006102929369,-0.019430671791934005,0.0061714296639271693,7,2
bestest_hydronic_heat_pump,zone_drift_negative,deterministic_wm,direct_h8_rssm,cost_tot,12,0,0.0015734879658770174,-0.00020071953205789538,0.0040517010110474386,3,4
bestest_hydronic_heat_pump,zone_drift_negative,deterministic_wm,direct_h8_rssm,tdis_tot,12,-0.089237450548892761,-2.2766689496043653,-3.4753810561104457,0,8,3
bestest_hydronic_heat_pump,zone_drift_negative,deterministic_wm,direct_h8_rssm,control_cost_proxy,12,0,0.29977950351954924,0,0.69064757329615922,2,5
bestest_hydronic_heat_pump,zone_drift_negative,deterministic_wm,direct_h8_rssm,control_discomfort_kh,12,-0.0894231253692368,-2.2842548685019417,-3.481835897327251,0,8,3
bestest_hydronic_heat_pump,zone_drift_negative,deterministic_wm,direct_h8_rssm,control_energy_kwh,12,0,1.1199806285069709,0,2.3900607668864353,2,5
bestest_hydronic_heat_pump,zone_drift_negative,rc_supervisory_selector,deterministic_wm,operational_score,12,0.01535620245714958,0.011371585519011818,-0.0089947351002097435,0.039269346622201509,3,1
bestest_hydronic_heat_pump,zone_drift_negative,rc_supervisory_selector,deterministic_wm,cost_tot,12,0.0028397634375630018,0.0021294854627210741,-0.0017827791923817823,0.0072625939522098911,3,3
bestest_hydronic_heat_pump,zone_drift_negative,rc_supervisory_selector,deterministic_wm,tdis_tot,12,1.6234404033060867e-05,0.018879846382663368,-0.058573847737473761,0.18351613794730204,3,2
bestest_hydronic_heat_pump,zone_drift_negative,rc_supervisory_selector,deterministic_wm,control_cost_proxy,12,0.51727081853838186,0.41017736380588882,-0.44512791800648266,1.4120501328622916,3,3
bestest_hydronic_heat_pump,zone_drift_negative,rc_supervisory_selector,deterministic_wm,control_discomfort_kh,12,1.6715139913969779e-05,0.013183345175471336,-0.081914647734137702,0.16034152260032641,3,2
bestest_hydronic_heat_pump,zone_drift_negative,rc_supervisory_selector,deterministic_wm,control_energy_kwh,12,1.8012042139325359,1.4310071890933411,-1.9993616154781577,5.5582176117956292,3,3
bestest_hydronic_heat_pump,zone_drift_negative,tuned_rule_based,deterministic_wm,operational_score,12,2.0719420012713114e-08,-0.0004232351205550328,-0.014082352989459181,0.013112371617683508,5,1
bestest_hydronic_heat_pump,zone_drift_negative,tuned_rule_based,deterministic_wm,cost_tot,12,-0.00029393253758518839,-0.00033443921232926806,-0.0028577149213939931,0.0012958357649188457,6,3
bestest_hydronic_heat_pump,zone_drift_negative,tuned_rule_based,deterministic_wm,tdis_tot,12,0.12177498865825892,0.51113256126806672,0,0.34303324721402678,2,2
bestest_hydronic_heat_pump,zone_drift_negative,tuned_rule_based,deterministic_wm,control_cost_proxy,12,-0.038232493561991987,-0.093239766731742543,-0.58464540041706847,0.23422965982995425,6,3
bestest_hydronic_heat_pump,zone_drift_negative,tuned_rule_based,deterministic_wm,control_discomfort_kh,12,0.12044540657176128,0.50767494757320364,0,0.34276350668580591,2,2
bestest_hydronic_heat_pump,zone_drift_negative,tuned_rule_based,deterministic_wm,control_energy_kwh,12,-0.56244945144634784,-0.52417499831863312,-2.3695195165351137,0.51762244449292183,6,3
bestest_hydronic_heat_pump,zone_drift_positive,legacy_rssm,constant_zero,operational_score,12,-0.030749245084225958,-0.034154158346958667,-0.067054587232168256,0,8,2
bestest_hydronic_heat_pump,zone_drift_positive,legacy_rssm,constant_zero,cost_tot,12,-0.009762847023170422,-0.010050409136396231,-0.018985646520804929,0,8,4
bestest_hydronic_heat_pump,zone_drift_positive,legacy_rssm,constant_zero,tdis_tot,12,3.2595788757417736,4.7230634974747856,3.3059713047678407e-07,6.6356711419476184,1,2
bestest_hydronic_heat_pump,zone_drift_positive,legacy_rssm,constant_zero,control_cost_proxy,12,-1.7897951668555736,-1.9073776831664138,-3.6363993734835547,0,8,4
bestest_hydronic_heat_pump,zone_drift_positive,legacy_rssm,constant_zero,control_discomfort_kh,12,3.391866970861166,4.8277028027063338,3.5974019851892081e-07,6.8020167982676227,1,2
bestest_hydronic_heat_pump,zone_drift_positive,legacy_rssm,constant_zero,control_energy_kwh,12,-6.3008257300766246,-7.1737917490287799,-13.694777439480205,0,8,4
bestest_hydronic_heat_pump,zone_drift_positive,direct_h8_rssm,constant_zero,operational_score,12,-0.062907847708572148,-0.049097600408475849,-0.082634916623024329,-1.973700792937551e-08,10,1
bestest_hydronic_heat_pump,zone_drift_positive,direct_h8_rssm,constant_zero,cost_tot,12,-0.013146523675577323,-0.010660403657467031,-0.017181312945578259,0,8,3
bestest_hydronic_heat_pump,zone_drift_positive,direct_h8_rssm,constant_zero,tdis_tot,12,0.94293879586097518,1.8749770875235896,-3.9062562939840006e-07,3.4068981021050391,3,2
bestest_hydronic_heat_pump,zone_drift_positive,direct_h8_rssm,constant_zero,control_cost_proxy,12,-2.4353754452853353,-2.0675299061271635,-3.3511975802033951,0,8,4
bestest_hydronic_heat_pump,zone_drift_positive,direct_h8_rssm,constant_zero,control_discomfort_kh,12,1.1076975416229615,1.9572616777737342,-4.1444328502393546e-07,3.446885763919795,3,2
bestest_hydronic_heat_pump,zone_drift_positive,direct_h8_rssm,constant_zero,control_energy_kwh,12,-8.732453402819182,-7.781587564223031,-13.026515543223558,0,8,4
bestest_hydronic_heat_pump,zone_drift_positive,deterministic_wm,constant_zero,operational_score,12,-0.055648644178981174,-0.055008299087619533,-0.096788331938943067,-7.5582128578431923e-09,9,2
bestest_hydronic_heat_pump,zone_drift_positive,deterministic_wm,constant_zero,cost_tot,12,-0.010473242797677564,-0.01117337536580887,-0.020541588300497376,0,8,4
bestest_hydronic_heat_pump,zone_drift_positive,deterministic_wm,constant_zero,tdis_tot,12,0.1460286882658747,1.124739051859873,-2.67560735167649e-06,1.0079972462255522,3,2
bestest_hydronic_heat_pump,zone_drift_positive,deterministic_wm,constant_zero,control_cost_proxy,12,-1.9649814217409309,-2.1658056178458471,-4.0291782453582865,0,8,4
bestest_hydronic_heat_pump,zone_drift_positive,deterministic_wm,constant_zero,control_discomfort_kh,12,0.18821600782663239,1.2055311051342106,-2.8424172455743246e-06,1.1740392210192141,3,2
bestest_hydronic_heat_pump,zone_drift_positive,deterministic_wm,constant_zero,control_energy_kwh,12,-7.3338875892323703,-8.2703871926653836,-15.358861283849869,0,8,4
bestest_hydronic_heat_pump,zone_drift_positive,rc_supervisory_selector,constant_zero,operational_score,12,-0.026846914622730415,-0.032828265049310974,-0.064345260919475497,-2.9794998819860282e-09,10,1
bestest_hydronic_heat_pump,zone_drift_positive,rc_supervisory_selector,constant_zero,cost_tot,12,-0.0088141485103327005,-0.0090262974684593832,-0.016556059050841124,0,8,4
bestest_hydronic_heat_pump,zone_drift_positive,rc_supervisory_selector,constant_zero,tdis_tot,12,6.8023796656123992,4.5115365718479703,1.8652593030132891e-06,7.1477882170686549,2,1
bestest_hydronic_heat_pump,zone_drift_positive,rc_supervisory_selector,constant_zero,control_cost_proxy,12,-1.6094838890860261,-1.7253991675973579,-3.2926730853345041,0,8,4
bestest_hydronic_heat_pump,zone_drift_positive,rc_supervisory_selector,constant_zero,control_discomfort_kh,12,6.9163205131919767,4.5856447346767029,1.8259007106280478e-06,7.3177595307457963,2,1
bestest_hydronic_heat_pump,zone_drift_positive,rc_supervisory_selector,constant_zero,control_energy_kwh,12,-5.6181527236032913,-6.2724519302177297,-12.382543756942523,0,8,4
bestest_hydronic_heat_pump,zone_drift_positive,tuned_rule_based,constant_zero,operational_score,12,-0.040312524392318166,-0.033491089902349648,-0.060702296063777555,1.6797798822656769e-08,8,0
bestest_hydronic_heat_pump,zone_drift_positive,tuned_rule_based,constant_zero,cost_tot,12,-0.0094899939697688229,-0.0076755868249842908,-0.013160027417652959,0,8,2
bestest_hydronic_heat_pump,zone_drift_positive,tuned_rule_based,constant_zero,tdis_tot,12,3.0107395574836704,2.2515906764111411,0.070250722786393771,3.7144660990374025,0,1
bestest_hydronic_heat_pump,zone_drift_positive,tuned_rule_based,constant_zero,control_cost_proxy,12,-1.7913845976113514,-1.4957475253162336,-2.546849487069005,0,8,2
bestest_hydronic_heat_pump,zone_drift_positive,tuned_rule_based,constant_zero,control_discomfort_kh,12,3.07660390387273,2.324905399643987,0.069829937000086773,3.8622774367844528,0,1
bestest_hydronic_heat_pump,zone_drift_positive,tuned_rule_based,constant_zero,control_energy_kwh,12,-6.2566202104826196,-5.5274980864985892,-9.8161450605045388,0,8,2
bestest_hydronic_heat_pump,zone_drift_positive,direct_h8_rssm,legacy_rssm,operational_score,12,-1.9567435898523487e-08,-0.014943442061517181,-0.015283130002931647,0.001079922259539008,6,2
bestest_hydronic_heat_pump,zone_drift_positive,direct_h8_rssm,legacy_rssm,cost_tot,12,0,-0.00060999452107079978,-0.0005244537435378574,0.0018394005795259833,3,4
bestest_hydronic_heat_pump,zone_drift_positive,direct_h8_rssm,legacy_rssm,tdis_tot,12,-2.449670123503457,-2.8480864099511951,-4.5485906096857036,0,8,3
bestest_hydronic_heat_pump,zone_drift_positive,direct_h8_rssm,legacy_rssm,control_cost_proxy,12,0,-0.16015222296074955,-0.20174853928664316,0.2931546481019236,4,5
bestest_hydronic_heat_pump,zone_drift_positive,direct_h8_rssm,legacy_rssm,control_discomfort_kh,12,-2.4927127848227997,-2.8704411249325994,-4.5810083851135843,0,8,3
bestest_hydronic_heat_pump,zone_drift_positive,direct_h8_rssm,legacy_rssm,control_energy_kwh,12,0,-0.6077958151942523,-0.88724611683560894,0.86794243866441434,4,5
bestest_hydronic_heat_pump,zone_drift_positive,deterministic_wm,direct_h8_rssm,operational_score,12,0,-0.0059106986791436942,-0.0040640528554573016,1.8939260129745418e-08,5,4
bestest_hydronic_heat_pump,zone_drift_positive,deterministic_wm,direct_h8_rssm,cost_tot,12,0,-0.00051297170834184024,-0.00020071953205789538,0.00026196230663081549,3,6
bestest_hydronic_heat_pump,zone_drift_positive,deterministic_wm,direct_h8_rssm,tdis_tot,12,0,-0.75023803566371638,-1.5914098942746193,6.7044980859298775e-06,4,5
bestest_hydronic_heat_pump,zone_drift_positive,deterministic_wm,direct_h8_rssm,control_cost_proxy,12,0,-0.098275711718683434,0,0.075198039388674864,2,7
bestest_hydronic_heat_pump,zone_drift_positive,deterministic_wm,direct_h8_rssm,control_discomfort_kh,12,0,-0.75173057263952359,-1.5943380299071777,6.4998244795333449e-06,4,5
bestest_hydronic_heat_pump,zone_drift_positive,deterministic_wm,direct_h8_rssm,control_energy_kwh,12,0,-0.4887996284423517,0,0.20862165941372268,2,7
bestest_hydronic_heat_pump,zone_drift_positive,rc_supervisory_selector,deterministic_wm,operational_score,12,0.017595245220386975,0.022180034038308566,6.4547506279042089e-09,0.048250057536336023,2,1
bestest_hydronic_heat_pump,zone_drift_positive,rc_supervisory_selector,deterministic_wm,cost_tot,12,0.0016901135497477335,0.0021470778973494893,0,0.0057294546251098269,2,4
bestest_hydronic_heat_pump,zone_drift_positive,rc_supervisory_selector,deterministic_wm,tdis_tot,12,5.7353137090784294,3.3867975199880971,1.8652593030132891e-06,6.7551916183330842,2,1
bestest_hydronic_heat_pump,zone_drift_positive,rc_supervisory_selector,deterministic_wm,control_cost_proxy,12,0.41454405858279841,0.44040645024848885,0,1.2005077466614402,1,4
bestest_hydronic_heat_pump,zone_drift_positive,rc_supervisory_selector,deterministic_wm,control_discomfort_kh,12,5.7366351400781781,3.3801136295424925,1.8259007106280478e-06,6.791295570899365,2,1
bestest_hydronic_heat_pump,zone_drift_positive,rc_supervisory_selector,deterministic_wm,control_energy_kwh,12,1.6703868777988582,1.9979352624476538,0,5.337293687626417,1,4
bestest_hydronic_heat_pump,zone_drift_positive,tuned_rule_based,deterministic_wm,operational_score,12,0.017794135648235128,0.021517209185269889,2.4050297250191072e-08,0.0511287316025274,2,0
bestest_hydronic_heat_pump,zone_drift_positive,tuned_rule_based,deterministic_wm,cost_tot,12,0.0030219022394077991,0.0034977885408245799,-0.000347517556214684,0.0089247622891370296,4,2
bestest_hydronic_heat_pump,zone_drift_positive,tuned_rule_based,deterministic_wm,tdis_tot,12,2.4580417723781096,1.1268516245512679,8.5138052265676389e-06,3.2934133630795932,1,1
bestest_hydronic_heat_pump,zone_drift_positive,tuned_rule_based,deterministic_wm,control_cost_proxy,12,0.577782003659564,0.67005809252961335,-0.091820592149280067,1.8218203262600872,3,2
bestest_hydronic_heat_pump,zone_drift_positive,tuned_rule_based,deterministic_wm,control_discomfort_kh,12,2.4316330685905854,1.1193742945097764,9.0930460530103119e-06,3.3221388487883488,1,1
bestest_hydronic_heat_pump,zone_drift_positive,tuned_rule_based,deterministic_wm,control_energy_kwh,12,2.2825914729176251,2.7428891061667944,-0.1644161398197177,7.1155415120411263,3,2
bestest_hydronic_heat_pump,zone_stuck,legacy_rssm,constant_zero,operational_score,12,-0.030749245084225958,-0.034154158346958667,-0.067054587232168256,0,8,2
bestest_hydronic_heat_pump,zone_stuck,legacy_rssm,constant_zero,cost_tot,12,-0.009762847023170422,-0.010050409136396231,-0.018985646520804929,0,8,4
bestest_hydronic_heat_pump,zone_stuck,legacy_rssm,constant_zero,tdis_tot,12,3.2595788757417736,4.7230634974747856,3.3059713047678407e-07,6.6356711419476184,1,2
bestest_hydronic_heat_pump,zone_stuck,legacy_rssm,constant_zero,control_cost_proxy,12,-1.7897951668555736,-1.9073776831664138,-3.6363993734835547,0,8,4
bestest_hydronic_heat_pump,zone_stuck,legacy_rssm,constant_zero,control_discomfort_kh,12,3.391866970861166,4.8277028027063338,3.5974019851892081e-07,6.8020167982676227,1,2
bestest_hydronic_heat_pump,zone_stuck,legacy_rssm,constant_zero,control_energy_kwh,12,-6.3008257300766246,-7.1737917490287799,-13.694777439480205,0,8,4
bestest_hydronic_heat_pump,zone_stuck,direct_h8_rssm,constant_zero,operational_score,12,-0.062907847708572148,-0.049097600408475849,-0.082634916623024329,-1.973700792937551e-08,10,1
bestest_hydronic_heat_pump,zone_stuck,direct_h8_rssm,constant_zero,cost_tot,12,-0.013146523675577323,-0.010660403657467031,-0.017181312945578259,0,8,3
bestest_hydronic_heat_pump,zone_stuck,direct_h8_rssm,constant_zero,tdis_tot,12,0.94293879586097518,1.8749770875235896,-3.9062562939840006e-07,3.4068981021050391,3,2
bestest_hydronic_heat_pump,zone_stuck,direct_h8_rssm,constant_zero,control_cost_proxy,12,-2.4353754452853353,-2.0675299061271635,-3.3511975802033951,0,8,4
bestest_hydronic_heat_pump,zone_stuck,direct_h8_rssm,constant_zero,control_discomfort_kh,12,1.1076975416229615,1.9572616777737342,-4.1444328502393546e-07,3.446885763919795,3,2
bestest_hydronic_heat_pump,zone_stuck,direct_h8_rssm,constant_zero,control_energy_kwh,12,-8.732453402819182,-7.781587564223031,-13.026515543223558,0,8,4
bestest_hydronic_heat_pump,zone_stuck,deterministic_wm,constant_zero,operational_score,12,-0.055648644178981174,-0.049739769850775765,-0.096788331938943067,-2.7513628300495789e-08,10,1
bestest_hydronic_heat_pump,zone_stuck,deterministic_wm,constant_zero,cost_tot,12,-0.010473242797677564,-0.0094991137800273864,-0.018696417685078168,0,8,3
bestest_hydronic_heat_pump,zone_stuck,deterministic_wm,constant_zero,tdis_tot,12,0.34313837982148243,0.34485153441891331,-9.7398244183755089e-06,0.81640509644194847,4,1
bestest_hydronic_heat_pump,zone_stuck,deterministic_wm,constant_zero,control_cost_proxy,12,-1.9649814217409309,-1.8568199734413986,-3.6132049238714385,0,8,3
bestest_hydronic_heat_pump,zone_stuck,deterministic_wm,constant_zero,control_discomfort_kh,12,0.38512936738006687,0.4210572102610482,-9.7364642073216601e-06,0.9120716200589456,4,1
bestest_hydronic_heat_pump,zone_stuck,deterministic_wm,constant_zero,control_energy_kwh,12,-7.3338875892323703,-7.0208560641975497,-13.669901332758826,0,8,3
bestest_hydronic_heat_pump,zone_stuck,rc_supervisory_selector,constant_zero,operational_score,12,-0.051223676849217012,-0.054444918893467253,-0.096788331938943067,-7.5945824525195388e-08,10,1
bestest_hydronic_heat_pump,zone_stuck,rc_supervisory_selector,constant_zero,cost_tot,12,-0.0096630486347515643,-0.010678228646656879,-0.018696417685078168,0,8,4
bestest_hydronic_heat_pump,zone_stuck,rc_supervisory_selector,constant_zero,tdis_tot,12,0.33001433175285122,1.0250064213460157,-3.9062562939840006e-07,1.0079972462255522,3,1
bestest_hydronic_heat_pump,zone_stuck,rc_supervisory_selector,constant_zero,control_cost_proxy,12,-1.9014691020049361,-2.0880779241132177,-3.6132049238714385,0,8,4
bestest_hydronic_heat_pump,zone_stuck,rc_supervisory_selector,constant_zero,control_discomfort_kh,12,0.4037484225260215,1.096908872082011,-4.1444328502393546e-07,1.1740392210192141,3,1
bestest_hydronic_heat_pump,zone_stuck,rc_supervisory_selector,constant_zero,control_energy_kwh,12,-7.5596564791526131,-8.065615200443899,-13.669901332758826,0,8,4
bestest_hydronic_heat_pump,zone_stuck,tuned_rule_based,constant_zero,operational_score,12,-0.039324053422761053,-0.048346522640295313,-0.10323352884184414,1.6797798822656769e-08,8,0
bestest_hydronic_heat_pump,zone_stuck,tuned_rule_based,constant_zero,cost_tot,12,-0.008052993084089969,-0.009443796485755971,-0.019543608701421196,0,8,2
bestest_hydronic_heat_pump,zone_stuck,tuned_rule_based,constant_zero,tdis_tot,12,0.33162119727790884,0.82020650150317576,1.2873534503965445e-06,1.3458016546168585,2,1
bestest_hydronic_heat_pump,zone_stuck,tuned_rule_based,constant_zero,control_cost_proxy,12,-1.5617973427885348,-1.8582950503508713,-3.8425756371028621,0,8,2
bestest_hydronic_heat_pump,zone_stuck,tuned_rule_based,constant_zero,control_discomfort_kh,12,0.39235953859610362,0.89534643677576986,6.3673972832134496e-06,1.5417470276742264,1,1
bestest_hydronic_heat_pump,zone_stuck,tuned_rule_based,constant_zero,control_energy_kwh,12,-6.2689925106023354,-7.0741045612658384,-14.913226540360196,0,8,2
bestest_hydronic_heat_pump,zone_stuck,direct_h8_rssm,legacy_rssm,operational_score,12,-1.9567435898523487e-08,-0.014943442061517181,-0.015283130002931647,0.001079922259539008,6,2
bestest_hydronic_heat_pump,zone_stuck,direct_h8_rssm,legacy_rssm,cost_tot,12,0,-0.00060999452107079978,-0.0005244537435378574,0.0018394005795259833,3,4
bestest_hydronic_heat_pump,zone_stuck,direct_h8_rssm,legacy_rssm,tdis_tot,12,-2.449670123503457,-2.8480864099511951,-4.5485906096857036,0,8,3
bestest_hydronic_heat_pump,zone_stuck,direct_h8_rssm,legacy_rssm,control_cost_proxy,12,0,-0.16015222296074955,-0.20174853928664316,0.2931546481019236,4,5
bestest_hydronic_heat_pump,zone_stuck,direct_h8_rssm,legacy_rssm,control_discomfort_kh,12,-2.4927127848227997,-2.8704411249325994,-4.5810083851135843,0,8,3
bestest_hydronic_heat_pump,zone_stuck,direct_h8_rssm,legacy_rssm,control_energy_kwh,12,0,-0.6077958151942523,-0.88724611683560894,0.86794243866441434,4,5
bestest_hydronic_heat_pump,zone_stuck,deterministic_wm,direct_h8_rssm,operational_score,12,-1.3218697432160677e-09,-0.000642169442299922,-0.0014996520503468426,0.0015931844418123134,6,3
bestest_hydronic_heat_pump,zone_stuck,deterministic_wm,direct_h8_rssm,cost_tot,12,0,0.0011612898774396442,0,0.00357263326114487,2,5
bestest_hydronic_heat_pump,zone_stuck,deterministic_wm,direct_h8_rssm,tdis_tot,12,-4.6794188909848877e-07,-1.530125553104676,-3.0461882494160761,0,6,4
bestest_hydronic_heat_pump,zone_stuck,deterministic_wm,direct_h8_rssm,control_cost_proxy,12,0,0.21070993268576488,0,0.63196760834874177,1,6
bestest_hydronic_heat_pump,zone_stuck,deterministic_wm,direct_h8_rssm,control_discomfort_kh,12,-5.1099095799145289e-07,-1.536204467512686,-3.0511793642431257,0,6,4
bestest_hydronic_heat_pump,zone_stuck,deterministic_wm,direct_h8_rssm,control_energy_kwh,12,0,0.7607315000254814,0,2.1513178561875161,1,6
bestest_hydronic_heat_pump,zone_stuck,rc_supervisory_selector,deterministic_wm,operational_score,12,0,-0.0047051490426914923,-0.0057513192991684239,2.6941340630637356e-08,3,5
bestest_hydronic_heat_pump,zone_stuck,rc_supervisory_selector,deterministic_wm,cost_tot,12,0,-0.0011791148666294908,-0.0012728085542986836,0,4,7
bestest_hydronic_heat_pump,zone_stuck,rc_supervisory_selector,deterministic_wm,tdis_tot,12,0,0.68015488692710235,0,0.14403399792320798,2,5
bestest_hydronic_heat_pump,zone_stuck,rc_supervisory_selector,deterministic_wm,control_cost_proxy,12,0,-0.23125795067181942,-0.28284321396151579,0,3,7
bestest_hydronic_heat_pump,zone_stuck,rc_supervisory_selector,deterministic_wm,control_discomfort_kh,12,0,0.67585166182096279,0,0.14441198603351779,2,5
bestest_hydronic_heat_pump,zone_stuck,rc_supervisory_selector,deterministic_wm,control_energy_kwh,12,0,-1.0447591362463495,-1.1947288467089319,0,3,7
bestest_hydronic_heat_pump,zone_stuck,tuned_rule_based,deterministic_wm,operational_score,12,2.0719420012713114e-08,0.0013932472104804553,-0.006305030173412364,0.014465942015154977,3,3
bestest_hydronic_heat_pump,zone_stuck,tuned_rule_based,deterministic_wm,cost_tot,12,0,5.5317294271415577e-05,-0.0013831310014737197,0.0010338734582880302,4,5
bestest_hydronic_heat_pump,zone_stuck,tuned_rule_based,deterministic_wm,tdis_tot,12,7.3346746845004418e-06,0.47535496708426256,0,0.20297913975527099,2,4
bestest_hydronic_heat_pump,zone_stuck,tuned_rule_based,deterministic_wm,control_cost_proxy,12,0,-0.001475076909472665,-0.26128939663202999,0.1993465603034652,3,5
bestest_hydronic_heat_pump,zone_stuck,tuned_rule_based,deterministic_wm,control_discomfort_kh,12,7.7874029429381153e-06,0.47428922651472166,0,0.21723843405756327,2,4
bestest_hydronic_heat_pump,zone_stuck,tuned_rule_based,deterministic_wm,control_energy_kwh,12,0,-0.053248497068289748,-0.97104263643916866,0.57558676738400294,3,5
twozone_apartment_hydronic,clean,legacy_rssm,constant_zero,operational_score,12,-0.025362126471506381,-0.019099526356981863,-0.10757146932084977,0.024910865250064671,7,0
twozone_apartment_hydronic,clean,legacy_rssm,constant_zero,cost_tot,12,0.00077871000548316791,0.0045150106537909275,0,0.0045076805844616909,2,2
twozone_apartment_hydronic,clean,legacy_rssm,constant_zero,tdis_tot,12,-6.3649400735842514,-11.161341741167966,-25.445803356738754,-2.2602111315130777,10,1
twozone_apartment_hydronic,clean,legacy_rssm,constant_zero,control_cost_proxy,12,0.021516057458103033,0.20048983455564226,-2.3359931189550101e-34,0.18625076708531013,5,1
twozone_apartment_hydronic,clean,legacy_rssm,constant_zero,control_discomfort_kh,12,-6.3689872588245109,-11.215870601016297,-25.5311864382805,-2.3760041122147229,10,1
twozone_apartment_hydronic,clean,legacy_rssm,constant_zero,control_energy_kwh,12,-1.280460093251823e-35,1.0203451822096203,-2.3028437970518436e-33,0.88889685322534451,6,1
twozone_apartment_hydronic,clean,direct_h8_rssm,constant_zero,operational_score,12,-0.0003384414264923862,0.02108440660435261,-0.034245649075625342,0.08173131289162551,6,0
twozone_apartment_hydronic,clean,direct_h8_rssm,constant_zero,cost_tot,12,2.2159960865760256e-35,0.0043953394726891437,-3.321863331931733e-38,0.0083571523708055491,3,2
twozone_apartment_hydronic,clean,direct_h8_rssm,constant_zero,tdis_tot,12,-0.4033582266571365,-1.9845148111493269,-8.1618819045557736,2.9482799164063902,6,1
twozone_apartment_hydronic,clean,direct_h8_rssm,constant_zero,control_cost_proxy,12,4.507040806779102e-34,0.20554027960813878,-3.3219078004118854e-34,0.33809456966827545,4,1
twozone_apartment_hydronic,clean,direct_h8_rssm,constant_zero,control_discomfort_kh,12,-0.46943532555030032,-1.9771099446089184,-8.1905398122222621,2.9605994907842401,6,1
twozone_apartment_hydronic,clean,direct_h8_rssm,constant_zero,control_energy_kwh,12,1.3106503425556301e-35,1.018439098511386,-4.1315141400099608e-33,1.7864093691426808,5,1
twozone_apartment_hydronic,clean,deterministic_wm,constant_zero,operational_score,12,-0.0055211755670364748,-0.027896440792119909,-0.11600017660120061,0.041679794971193576,7,0
twozone_apartment_hydronic,clean,deterministic_wm,constant_zero,cost_tot,12,0.0032663277951048598,0.0040249275881688185,5.168218044896836e-37,0.0086417445776458823,2,1
twozone_apartment_hydronic,clean,deterministic_wm,constant_zero,tdis_tot,12,-5.7188463704952923,-12.396071939871348,-27.521857395247331,-3.2618115465170261,11,1
twozone_apartment_hydronic,clean,deterministic_wm,constant_zero,control_cost_proxy,12,0.10648593055547162,0.19978389496753146,-1.03856278131003e-34,0.42472952342123804,4,1
twozone_apartment_hydronic,clean,deterministic_wm,constant_zero,control_discomfort_kh,12,-5.7656832868269419,-12.465800479185551,-27.63618192539051,-3.3828489537723101,11,1
twozone_apartment_hydronic,clean,deterministic_wm,constant_zero,control_energy_kwh,12,0.35146358381303688,1.0098029984368637,-1.0190932346493062e-33,2.3394820450651634,5,1
twozone_apartment_hydronic,clean,rc_supervisory_selector,constant_zero,operational_score,12,0.067054836050626149,0.013960880018835151,-0.11190019510452615,0.096693772316267343,4,0
twozone_apartment_hydronic,clean,rc_supervisory_selector,constant_zero,cost_tot,12,0.012087149560210113,0.0094548616831120723,1.0986736773324552e-35,0.016305929818827565,1,1
twozone_apartment_hydronic,clean,rc_supervisory_selector,constant_zero,tdis_tot,12,-3.218948130038179,-11.206446713361521,-27.007343694593722,-1.6484331970387995,11,1
twozone_apartment_hydronic,clean,rc_supervisory_selector,constant_zero,control_cost_proxy,12,0.51031560069802728,0.41852288776352803,3.6133165368825246e-35,0.63303421683143701,2,1
twozone_apartment_hydronic,clean,rc_supervisory_selector,constant_zero,control_discomfort_kh,12,-3.3515472549763388,-11.252577007990554,-27.113635933175665,-1.5389600298166357,11,1
twozone_apartment_hydronic,clean,rc_supervisory_selector,constant_zero,control_energy_kwh,12,2.6594536551381172,2.1366030415939155,1.4864536165520495e-34,3.4212845694529546,2,1
twozone_apartment_hydronic,clean,tuned_rule_based,constant_zero,operational_score,12,0.037828864561980952,0.011024174130195125,-0.089460670400680314,0.090427473042577949,5,0
twozone_apartment_hydronic,clean,tuned_rule_based,constant_zero,cost_tot,12,0.0070035843590838219,0.0079733169203144213,-8.8837594051052884e-38,0.014316089920475401,3,1
twozone_apartment_hydronic,clean,tuned_rule_based,constant_zero,tdis_tot,12,-4.3476174547290407,-9.5967184977186886,-21.896438597059777,-1.9820249640937986,10,1
twozone_apartment_hydronic,clean,tuned_rule_based,constant_zero,control_cost_proxy,12,0.30195761679492172,0.34668007670736706,-1.0432704766598587e-34,0.63860764414002691,4,1
twozone_apartment_hydronic,clean,tuned_rule_based,constant_zero,control_discomfort_kh,12,-4.354606440878932,-9.6114930735009754,-21.975677912858295,-1.9787592590660807,10,1
twozone_apartment_hydronic,clean,tuned_rule_based,constant_zero,control_energy_kwh,12,1.2791347469210095,1.7144132489523862,-4.9035473080874956e-34,3.2408913317822745,4,1
twozone_apartment_hydronic,clean,direct_h8_rssm,legacy_rssm,operational_score,12,0.030168891716563419,0.040183932961334476,0.018501099148831274,0.071455144531707898,2,0
twozone_apartment_hydronic,clean,direct_h8_rssm,legacy_rssm,cost_tot,12,0,-0.00011967118110178347,-0.0022011897007487881,1.2521496067117257e-35,5,2
twozone_apartment_hydronic,clean,direct_h8_rssm,legacy_rssm,tdis_tot,12,7.3351898000998492,9.1768269300186383,5.9712517700638621,14.063888850222284,0,1
twozone_apartment_hydronic,clean,direct_h8_rssm,legacy_rssm,control_cost_proxy,12,5.7023275378337468e-36,0.0050504450524965399,-0.059550619542468874,6.4425753157921903e-34,5,1
twozone_apartment_hydronic,clean,direct_h8_rssm,legacy_rssm,control_discomfort_kh,12,7.5447971197337509,9.2387606564073792,5.9802514282434842,14.108449832665698,0,1
twozone_apartment_hydronic,clean,direct_h8_rssm,legacy_rssm,control_energy_kwh,12,2.591110435807453e-35,-0.0019060836982340845,-0.51424015116484867,3.2097656265766503e-33,5,1
twozone_apartment_hydronic,clean,deterministic_wm,direct_h8_rssm,operational_score,12,-0.05156865618692625,-0.048980847396472516,-0.083297765326499684,-0.015521758580976599,11,0
twozone_apartment_hydronic,clean,deterministic_wm,direct_h8_rssm,cost_tot,12,-6.6065678521343029e-36,-0.00037041188452032549,-0.0027091476381693354,0.0023105512936357729,7,1
twozone_apartment_hydronic,clean,deterministic_wm,direct_h8_rssm,tdis_tot,12,-7.5611562219350166,-10.411557128722023,-16.871543868981256,-5.5812387005439899,11,1
twozone_apartment_hydronic,clean,deterministic_wm,direct_h8_rssm,control_cost_proxy,12,-3.4526905532896315e-34,-0.0057563846406073387,-0.073950119451371199,0.1304797466273182,8,1
twozone_apartment_hydronic,clean,deterministic_wm,direct_h8_rssm,control_discomfort_kh,12,-7.6990267871566047,-10.488690534576632,-17.076597004638252,-5.503377193820441,11,1
twozone_apartment_hydronic,clean,deterministic_wm,direct_h8_rssm,control_energy_kwh,12,-2.4132096097947404e-34,-0.0086361000745224601,-0.052848567658365653,0.6627077960346921,7,1
twozone_apartment_hydronic,clean,rc_supervisory_selector,deterministic_wm,operational_score,12,0.044518554675244397,0.041857320810955063,-0.0029323943208529879,0.076334052056022686,3,1
twozone_apartment_hydronic,clean,rc_supervisory_selector,deterministic_wm,cost_tot,12,0.0056433900778038119,0.0054299340949432546,1.1545837424694483e-36,0.010096577858002196,1,2
twozone_apartment_hydronic,clean,rc_supervisory_selector,deterministic_wm,tdis_tot,12,0.22266687891749792,1.1896252265098293,-0.60993801873742193,3.2860919719906412,3,3
twozone_apartment_hydronic,clean,rc_supervisory_selector,deterministic_wm,control_cost_proxy,12,0.18660799329959921,0.21873899279599648,1.642336324673248e-34,0.39967490078200829,0,2
twozone_apartment_hydronic,clean,rc_supervisory_selector,deterministic_wm,control_discomfort_kh,12,0.24202129948981366,1.2132234711949923,-0.61979111932018327,3.3495923665162195,3,3
twozone_apartment_hydronic,clean,rc_supervisory_selector,deterministic_wm,control_energy_kwh,12,1.0818025243877911,1.1268000431570513,7.5582564480989457e-34,2.1346912784663297,0,2
twozone_apartment_hydronic,clean,tuned_rule_based,deterministic_wm,operational_score,12,0.028673841392421275,0.038920614922315036,0.022652271162024548,0.036893386328248332,1,1
twozone_apartment_hydronic,clean,tuned_rule_based,deterministic_wm,cost_tot,12,0.00090531135321223616,0.0039483893321456028,-5.5205703520324805e-37,0.0043826256908101116,3,1
twozone_apartment_hydronic,clean,tuned_rule_based,deterministic_wm,tdis_tot,12,1.7777483868637991,2.7993534421526625,-0.048648212131145341,5.6265088560851133,3,2
twozone_apartment_hydronic,clean,tuned_rule_based,deterministic_wm,control_cost_proxy,12,2.9202642473355872e-34,0.14689618173983557,-1.2779117606318468e-35,0.19203907125495556,4,1
twozone_apartment_hydronic,clean,tuned_rule_based,deterministic_wm,control_discomfort_kh,12,1.9024548561464414,2.8543074056845739,-0.045690132467157696,5.7130893523861204,3,2
twozone_apartment_hydronic,clean,tuned_rule_based,deterministic_wm,control_energy_kwh,12,1.5405015021512397e-33,0.7046102505155224,-5.0261392740083693e-35,0.85113535573817822,4,1
twozone_apartment_hydronic,zone_bias_negative,legacy_rssm,constant_zero,operational_score,12,-0.028478777714423947,-0.019419614488731248,-0.10798594608205889,0.016884286450214159,7,0
twozone_apartment_hydronic,zone_bias_negative,legacy_rssm,constant_zero,cost_tot,12,0.00077871000548316791,0.0045400155844492777,0,0.0045076805844616909,2,2
twozone_apartment_hydronic,zone_bias_negative,legacy_rssm,constant_zero,tdis_tot,12,-7.0132035321111061,-11.254064776249734,-25.445803356738754,-1.7474403703326673,10,1
twozone_apartment_hydronic,zone_bias_negative,legacy_rssm,constant_zero,control_cost_proxy,12,0.021516057458103033,0.18387092786100276,-2.3359931189550101e-34,0.16989515774415687,4,1
twozone_apartment_hydronic,zone_bias_negative,legacy_rssm,constant_zero,control_discomfort_kh,12,-7.0179912064282348,-11.304430906541862,-25.5311864382805,-1.8780445532537513,9,1
twozone_apartment_hydronic,zone_bias_negative,legacy_rssm,constant_zero,control_energy_kwh,12,3.7209308095115931e-36,0.95986997912874428,-2.3028437970518436e-33,0.70862678100179588,5,1
twozone_apartment_hydronic,zone_bias_negative,direct_h8_rssm,constant_zero,operational_score,12,-0.0003384414264923862,0.014954497332048608,-0.048844120488424805,0.08173131289162551,6,0
twozone_apartment_hydronic,zone_bias_negative,direct_h8_rssm,constant_zero,cost_tot,12,2.2159960865760256e-35,0.0042000292455648481,-3.321863331931733e-38,0.0083571523708055491,3,2
twozone_apartment_hydronic,zone_bias_negative,direct_h8_rssm,constant_zero,tdis_tot,12,-0.4033582266571365,-3.0489683005324655,-11.574105006858463,2.6652148659715671,6,1
twozone_apartment_hydronic,zone_bias_negative,direct_h8_rssm,constant_zero,control_cost_proxy,12,4.507040806779102e-34,0.1855973736145676,-3.3348671826408406e-34,0.33809456966827545,4,1
twozone_apartment_hydronic,zone_bias_negative,direct_h8_rssm,constant_zero,control_discomfort_kh,12,-0.46943532555030032,-3.037531914898588,-11.618181090001571,2.7157002306987152,6,1
twozone_apartment_hydronic,zone_bias_negative,direct_h8_rssm,constant_zero,control_energy_kwh,12,1.3106503425556301e-35,0.89497928018927342,-4.1315141400099608e-33,1.7864093691426808,5,1
twozone_apartment_hydronic,zone_bias_negative,deterministic_wm,constant_zero,operational_score,12,-0.016616447980911459,-0.023051877644183285,-0.10165867127733991,0.04167966472121417,6,0
twozone_apartment_hydronic,zone_bias_negative,deterministic_wm,constant_zero,cost_tot,12,0.0023080289265968792,0.0040870478481496711,-1.1086985822370397e-36,0.0086417440361444831,4,1
twozone_apartment_hydronic,zone_bias_negative,deterministic_wm,constant_zero,tdis_tot,12,-6.5576266313432079,-11.344021604451141,-24.568183391585414,-3.2618115465170261,11,1
twozone_apartment_hydronic,zone_bias_negative,deterministic_wm,constant_zero,control_cost_proxy,12,0.033186603647837098,0.19241967553510386,-2.2959290843620372e-34,0.4247294944002078,5,1
twozone_apartment_hydronic,zone_bias_negative,deterministic_wm,constant_zero,control_discomfort_kh,12,-6.6250533225403885,-11.423195619471171,-24.697648421794213,-3.3828489537723101,11,1
twozone_apartment_hydronic,zone_bias_negative,deterministic_wm,constant_zero,control_energy_kwh,12,0.0051930948274785393,0.98149847816487779,-1.0676761154353906e-33,2.3394819004672134,5,1
twozone_apartment_hydronic,zone_bias_negative,rc_supervisory_selector,constant_zero,operational_score,12,-0.041332705883980705,-0.019630690327489,-0.10753155366483563,0.084436869881436602,7,0
twozone_apartment_hydronic,zone_bias_negative,rc_supervisory_selector,constant_zero,cost_tot,12,8.7290554038967737e-36,0.0057093069489465411,-6.1875655118637325e-38,0.014229831502588625,3,2
twozone_apartment_hydronic,zone_bias_negative,rc_supervisory_selector,constant_zero,tdis_tot,12,-7.4169903512188906,-12.867769122783718,-25.448323967637201,-4.2288224671636865,11,1
twozone_apartment_hydronic,zone_bias_negative,rc_supervisory_selector,constant_zero,control_cost_proxy,12,8.8607911543150263e-35,0.2567095847127765,-5.8481213958035706e-34,0.65404522743034776,4,1
twozone_apartment_hydronic,zone_bias_negative,rc_supervisory_selector,constant_zero,control_discomfort_kh,12,-7.494767275399596,-12.931417361493358,-25.549750617136425,-4.1840516692655072,11,1
twozone_apartment_hydronic,zone_bias_negative,rc_supervisory_selector,constant_zero,control_energy_kwh,12,3.9474598724304202e-34,1.3021448050551336,-2.6629382728011121e-33,3.7263064938686088,4,1
twozone_apartment_hydronic,zone_bias_negative,tuned_rule_based,constant_zero,operational_score,12,0.037828864561980952,0.011024174130195125,-0.089460670400680314,0.090427473042577949,5,0
twozone_apartment_hydronic,zone_bias_negative,tuned_rule_based,constant_zero,cost_tot,12,0.0070035843590838219,0.0079733169203144213,-8.8837594051052884e-38,0.014316089920475401,3,1
twozone_apartment_hydronic,zone_bias_negative,tuned_rule_based,constant_zero,tdis_tot,12,-4.3476174547290407,-9.5967184977186886,-21.896438597059777,-1.9820249640937986,10,1
twozone_apartment_hydronic,zone_bias_negative,tuned_rule_based,constant_zero,control_cost_proxy,12,0.30195761679492172,0.34668007670736706,-1.0432704766598587e-34,0.63860764414002691,4,1
twozone_apartment_hydronic,zone_bias_negative,tuned_rule_based,constant_zero,control_discomfort_kh,12,-4.354606440878932,-9.6114930735009754,-21.975677912858295,-1.9787592590660807,10,1
twozone_apartment_hydronic,zone_bias_negative,tuned_rule_based,constant_zero,control_energy_kwh,12,1.2791347469210095,1.7144132489523862,-4.9035473080874956e-34,3.2408913317822745,4,1
twozone_apartment_hydronic,zone_bias_negative,direct_h8_rssm,legacy_rssm,operational_score,12,0.037417873319438508,0.03437411182077986,0.015703501944512817,0.059030227859072658,2,0
twozone_apartment_hydronic,zone_bias_negative,direct_h8_rssm,legacy_rssm,cost_tot,12,0,-0.00033998633888442906,-0.0015927863868425464,1.2521496067117257e-35,5,2
twozone_apartment_hydronic,zone_bias_negative,direct_h8_rssm,legacy_rssm,tdis_tot,12,7.3905423606546021,8.2050964757172675,5.0987788653359116,11.967363005643385,0,1
twozone_apartment_hydronic,zone_bias_negative,direct_h8_rssm,legacy_rssm,control_cost_proxy,12,4.2505918021606825e-35,0.0017264457535648148,-0.031551522794993014,3.6078075487556214e-33,4,1
twozone_apartment_hydronic,zone_bias_negative,direct_h8_rssm,legacy_rssm,control_discomfort_kh,12,7.3806786807135225,8.2668989916432754,5.0240048375754114,12.009532175334947,0,1
twozone_apartment_hydronic,zone_bias_negative,direct_h8_rssm,legacy_rssm,control_energy_kwh,12,9.3855726160447075e-36,-0.064890698939470928,-0.20681858823650012,3.2097656265766503e-33,5,1
twozone_apartment_hydronic,zone_bias_negative,deterministic_wm,direct_h8_rssm,operational_score,12,-0.046338642352779763,-0.038006374976231896,-0.056815320398960673,-0.021856094283908126,11,0
twozone_apartment_hydronic,zone_bias_negative,deterministic_wm,direct_h8_rssm,cost_tot,12,-8.1419700373022056e-36,-0.00011298139741517758,-0.0025422862462222209,0.0006216412854535211,7,1
twozone_apartment_hydronic,zone_bias_negative,deterministic_wm,direct_h8_rssm,tdis_tot,12,-8.3999364827829304,-8.2950533039186762,-11.089743040490044,-5.4109136853556974,11,1
twozone_apartment_hydronic,zone_bias_negative,deterministic_wm,direct_h8_rssm,control_cost_proxy,12,-6.2219685991817683e-34,0.0068223019205362846,-0.07394884660090506,-3.2036197241410705e-36,9,1
twozone_apartment_hydronic,zone_bias_negative,deterministic_wm,direct_h8_rssm,control_discomfort_kh,12,-8.4771240597569602,-8.3856637045725808,-11.17599415884866,-5.503377193820441,11,1
twozone_apartment_hydronic,zone_bias_negative,deterministic_wm,direct_h8_rssm,control_energy_kwh,12,-9.8905522581860696e-35,0.08651919797560452,-0.17372706057355591,0.15937600003100627,7,1
twozone_apartment_hydronic,zone_bias_negative,rc_supervisory_selector,deterministic_wm,operational_score,12,0.010764983857880304,0.0034211873166942824,-0.025461677085790502,0.026426229903412125,5,0
twozone_apartment_hydronic,zone_bias_negative,rc_supervisory_selector,deterministic_wm,cost_tot,12,5.9366032196239658e-36,0.00162225910079687,-2.8861563605846617e-37,0.0039598916963966384,4,1
twozone_apartment_hydronic,zone_bias_negative,rc_supervisory_selector,deterministic_wm,tdis_tot,12,-0.12829756105980494,-1.5237475183325742,-4.319681151637603,0.715265080706318,8,1
twozone_apartment_hydronic,zone_bias_negative,rc_supervisory_selector,deterministic_wm,control_cost_proxy,12,3.0418418686061216e-34,0.064289909177672619,-2.9004003307233135e-34,0.20208789679122074,3,1
twozone_apartment_hydronic,zone_bias_negative,rc_supervisory_selector,deterministic_wm,control_discomfort_kh,12,-0.1337055636243889,-1.5082217420221902,-4.3214087749784511,0.70404648610065834,7,1
twozone_apartment_hydronic,zone_bias_negative,rc_supervisory_selector,deterministic_wm,control_energy_kwh,12,1.4268009546123878e-33,0.32064632689025568,-1.4447516415192493e-33,0.8702320492868707,3,1
twozone_apartment_hydronic,zone_bias_negative,tuned_rule_based,deterministic_wm,operational_score,12,0.013586730904520339,0.034076051774378405,0.0091295374964719261,0.059672721242856219,1,1
twozone_apartment_hydronic,zone_bias_negative,tuned_rule_based,deterministic_wm,cost_tot,12,0.00053364097359655596,0.0038862690721647507,-4.9086396111947443e-39,0.006144281113416316,4,1
twozone_apartment_hydronic,zone_bias_negative,tuned_rule_based,deterministic_wm,tdis_tot,12,1.3701997867189437,1.7473031067324545,-0.048648212131145341,3.1135215057326739,3,2
twozone_apartment_hydronic,zone_bias_negative,tuned_rule_based,deterministic_wm,control_cost_proxy,12,0.024629052007016816,0.15426040117226317,-3.1891727125984501e-37,0.23223525346604845,4,1
twozone_apartment_hydronic,zone_bias_negative,tuned_rule_based,deterministic_wm,control_discomfort_kh,12,1.5192563471188123,1.8117025459701921,-0.045690132467157696,3.2092858099824539,3,2
twozone_apartment_hydronic,zone_bias_negative,tuned_rule_based,deterministic_wm,control_energy_kwh,12,1.1690925670658897e-36,0.73291477078750822,-1.5720945262835356e-35,0.99853836038600363,5,1
twozone_apartment_hydronic,zone_bias_positive,legacy_rssm,constant_zero,operational_score,12,-0.013690347782723235,-0.013302404067540305,-0.10757146932084977,0.045832986609834286,6,0
twozone_apartment_hydronic,zone_bias_positive,legacy_rssm,constant_zero,cost_tot,12,0.0014721455561316002,0.0046945107573318507,0,0.0046090059691655458,2,2
twozone_apartment_hydronic,zone_bias_positive,legacy_rssm,constant_zero,tdis_tot,12,-5.1613059969256039,-10.206707621052329,-25.445803356738754,-0.52811535747644212,9,1
twozone_apartment_hydronic,zone_bias_positive,legacy_rssm,constant_zero,control_cost_proxy,12,0.035946437687389921,0.2045064360371848,-2.3359931189550101e-34,0.19059704542674127,5,1
twozone_apartment_hydronic,zone_bias_positive,legacy_rssm,constant_zero,control_discomfort_kh,12,-5.3487552844841844,-10.24115818965652,-25.5311864382805,-0.49795955896097155,9,1
twozone_apartment_hydronic,zone_bias_positive,legacy_rssm,constant_zero,control_energy_kwh,12,0.10747126985314903,1.0619382974730915,-1.0928766123277517e-33,0.91177200239077116,5,1
twozone_apartment_hydronic,zone_bias_positive,direct_h8_rssm,constant_zero,operational_score,12,-0.0003384414264923862,0.023706275813194583,-0.034245649075625342,0.08173131289162551,6,0
twozone_apartment_hydronic,zone_bias_positive,direct_h8_rssm,constant_zero,cost_tot,12,1.0827802772809673e-35,0.0043953394726891437,-3.321863331931733e-38,0.0083571523708055491,3,2
twozone_apartment_hydronic,zone_bias_positive,direct_h8_rssm,constant_zero,tdis_tot,12,-0.4033582266571365,-1.439166015710196,-7.5011465197942719,2.9482799164063902,6,1
twozone_apartment_hydronic,zone_bias_positive,direct_h8_rssm,constant_zero,control_cost_proxy,12,4.507040806779102e-34,0.20554027960813878,-5.145998919690159e-34,0.33809456966827545,4,1
twozone_apartment_hydronic,zone_bias_positive,direct_h8_rssm,constant_zero,control_discomfort_kh,12,-0.46943532555030032,-1.4315864013027155,-7.5392274072953924,2.9605994907842401,6,1
twozone_apartment_hydronic,zone_bias_positive,direct_h8_rssm,constant_zero,control_energy_kwh,12,1.3106503425556301e-35,1.018439098511386,-5.6953705080865683e-33,1.7864093691426808,5,1
twozone_apartment_hydronic,zone_bias_positive,deterministic_wm,constant_zero,operational_score,12,-0.01826256346055196,-0.028034858493092858,-0.11839285212967671,0.037611704307674937,7,0
twozone_apartment_hydronic,zone_bias_positive,deterministic_wm,constant_zero,cost_tot,12,0.0014476182336320004,0.004204088169673062,5.1452329252406933e-37,0.0076075832281727457,2,1
twozone_apartment_hydronic,zone_bias_positive,deterministic_wm,constant_zero,tdis_tot,12,-6.1067777167696802,-12.713160284530247,-28.206997698111596,-2.3756386124233093,11,1
twozone_apartment_hydronic,zone_bias_positive,deterministic_wm,constant_zero,control_cost_proxy,12,0.00021683234321190348,0.19495876938497067,-2.0344087470429879e-34,0.41504647237730663,5,1
twozone_apartment_hydronic,zone_bias_positive,deterministic_wm,constant_zero,control_discomfort_kh,12,-6.1444453259424492,-12.769461563776725,-28.322258667448224,-2.3754013614461513,11,1
twozone_apartment_hydronic,zone_bias_positive,deterministic_wm,constant_zero,control_energy_kwh,12,-1.2714099854215657e-35,1.0448999173311795,-3.3493334103359179e-33,2.1946780329059239,6,1
twozone_apartment_hydronic,zone_bias_positive,rc_supervisory_selector,constant_zero,operational_score,12,0.060815127277373995,0.019104962969563478,-0.1184703107284177,0.12365407882280666,4,0
twozone_apartment_hydronic,zone_bias_positive,rc_supervisory_selector,constant_zero,cost_tot,12,0.0097990208633828881,0.0096049573171975208,3.8392751113912093e-36,0.018224986617410517,2,1
twozone_apartment_hydronic,zone_bias_positive,rc_supervisory_selector,constant_zero,tdis_tot,12,-1.9284264961430797,-10.358668700275329,-28.598686001948835,0.37145185872471931,8,1
twozone_apartment_hydronic,zone_bias_positive,rc_supervisory_selector,constant_zero,control_cost_proxy,12,0.34116649375241814,0.4127348804810021,-1.3297453249020584e-35,0.82708507937268338,3,1
twozone_apartment_hydronic,zone_bias_positive,rc_supervisory_selector,constant_zero,control_discomfort_kh,12,-1.8262957391422319,-10.376884731669591,-28.697908504389467,0.3376282535368702,8,1
twozone_apartment_hydronic,zone_bias_positive,rc_supervisory_selector,constant_zero,control_energy_kwh,12,1.5616563752912844,2.1607000867336308,-3.2314899144173627e-35,4.2768987921495043,3,1
twozone_apartment_hydronic,zone_bias_positive,tuned_rule_based,constant_zero,operational_score,12,0.01515085983908444,0.0038445763698124434,-0.089460670400680314,0.073672542577113587,6,0
twozone_apartment_hydronic,zone_bias_positive,tuned_rule_based,constant_zero,cost_tot,12,0.0048864113091468368,0.0070712843193141304,-8.8837594051052884e-38,0.013144345677030267,3,1
twozone_apartment_hydronic,zone_bias_positive,tuned_rule_based,constant_zero,tdis_tot,12,-5.5224183804136633,-9.827896688534457,-21.896438597059777,-2.1693071786943485,10,1
twozone_apartment_hydronic,zone_bias_positive,tuned_rule_based,constant_zero,control_cost_proxy,12,0.22953440070081588,0.32130085599139252,-1.0432704766598587e-34,0.56015842154378459,4,1
twozone_apartment_hydronic,zone_bias_positive,tuned_rule_based,constant_zero,control_discomfort_kh,12,-5.4828280300437129,-9.8262980138753004,-21.975677912858295,-2.0955098725302577,10,1
twozone_apartment_hydronic,zone_bias_positive,tuned_rule_based,constant_zero,control_energy_kwh,12,1.1217123727031248,1.6664060431068164,-4.9035473080874956e-34,3.1102704709267406,4,1
twozone_apartment_hydronic,zone_bias_positive,direct_h8_rssm,legacy_rssm,operational_score,12,0.022572144836815675,0.037008679880734884,-0.00046945580929613285,0.083346065494505156,3,0
twozone_apartment_hydronic,zone_bias_positive,direct_h8_rssm,legacy_rssm,cost_tot,12,-3.3996147858532632e-37,-0.00029917128464270669,-0.0029761646269960591,6.7771312072377819e-36,6,2
twozone_apartment_hydronic,zone_bias_positive,direct_h8_rssm,legacy_rssm,tdis_tot,12,6.5318748551892352,8.7675416053421316,3.9281477017200612,17.282948791932636,0,1
twozone_apartment_hydronic,zone_bias_positive,direct_h8_rssm,legacy_rssm,control_cost_proxy,12,-2.2351915659351866e-34,0.0010338435709540128,-0.075472065177435488,6.274992016003696e-34,6,1
twozone_apartment_hydronic,zone_bias_positive,direct_h8_rssm,legacy_rssm,control_discomfort_kh,12,6.4598012560970872,8.8095717883538036,3.874014274673975,17.356473356270882,0,1
twozone_apartment_hydronic,zone_bias_positive,direct_h8_rssm,legacy_rssm,control_energy_kwh,12,-1.0152051354322788e-33,-0.043499198961705433,-0.59636981425937208,2.8521313974746981e-33,6,1
twozone_apartment_hydronic,zone_bias_positive,deterministic_wm,direct_h8_rssm,operational_score,12,-0.053222919084735927,-0.051741134306287455,-0.082804795243849982,-0.025552830245926153,11,0
twozone_apartment_hydronic,zone_bias_positive,deterministic_wm,direct_h8_rssm,cost_tot,12,-1.6697474863130285e-37,-0.00019125130301608206,-0.0011410658589235158,0.0011173530689482236,7,1
twozone_apartment_hydronic,zone_bias_positive,deterministic_wm,direct_h8_rssm,tdis_tot,12,-7.9561678886501319,-11.273994268820053,-20.294976685987255,-5.1593283380230162,11,1
twozone_apartment_hydronic,zone_bias_positive,deterministic_wm,direct_h8_rssm,control_cost_proxy,12,-2.1582570943178716e-35,-0.010581510223168148,-0.033009414359441713,0.028863752970375467,7,1
twozone_apartment_hydronic,zone_bias_positive,deterministic_wm,direct_h8_rssm,control_discomfort_kh,12,-7.9970454035773813,-11.337875162474006,-20.354644615932948,-5.2118379842966718,11,1
twozone_apartment_hydronic,zone_bias_positive,deterministic_wm,direct_h8_rssm,control_energy_kwh,12,-8.9798855451035976e-35,0.026460818819793303,-0.052848567658365653,0.15180424145570992,7,1
twozone_apartment_hydronic,zone_bias_positive,rc_supervisory_selector,deterministic_wm,operational_score,12,0.044385847103134125,0.047139821462656335,0.0029126939449779718,0.080915775758811037,3,0
twozone_apartment_hydronic,zone_bias_positive,rc_supervisory_selector,deterministic_wm,cost_tot,12,0.0044831521802267179,0.0054008691475244579,2.8767665955002685e-36,0.0090346395841401465,2,1
twozone_apartment_hydronic,zone_bias_positive,rc_supervisory_selector,deterministic_wm,tdis_tot,12,3.5956995708767923,2.3544915842549217,-0.84425645331466015,4.8515620237907804,3,1
twozone_apartment_hydronic,zone_bias_positive,rc_supervisory_selector,deterministic_wm,control_cost_proxy,12,0.13322913531326486,0.21777611109603146,7.1379737643344955e-35,0.41029621190734289,0,1
twozone_apartment_hydronic,zone_bias_positive,rc_supervisory_selector,deterministic_wm,control_discomfort_kh,12,3.6876263005083345,2.3925768321071317,-0.85122237224005914,4.9332466399928379,3,1
twozone_apartment_hydronic,zone_bias_positive,rc_supervisory_selector,deterministic_wm,control_energy_kwh,12,0.77844684916823814,1.1158001694024511,4.2475413746874005e-34,1.8795544819360064,0,1
twozone_apartment_hydronic,zone_bias_positive,tuned_rule_based,deterministic_wm,operational_score,12,0.033480420858272839,0.031879434862905308,0.013359466176005502,0.040691512646033642,1,0
twozone_apartment_hydronic,zone_bias_positive,tuned_rule_based,deterministic_wm,cost_tot,12,0.0011745192682761328,0.002867196149641068,4.7861067881753153e-39,0.0039941595738047543,2,1
twozone_apartment_hydronic,zone_bias_positive,tuned_rule_based,deterministic_wm,tdis_tot,12,0.58435933635601689,2.8852635959957929,-0.0015284852095761581,6.3116491589493808,3,1
twozone_apartment_hydronic,zone_bias_positive,tuned_rule_based,deterministic_wm,control_cost_proxy,12,0.035146584513466417,0.12634208660642179,2.7169067956897188e-36,0.16538626220146235,1,1
twozone_apartment_hydronic,zone_bias_positive,tuned_rule_based,deterministic_wm,control_discomfort_kh,12,0.6616172958987363,2.9431635499014228,-0.0014915998311479939,6.3991660944438351,3,1
twozone_apartment_hydronic,zone_bias_positive,tuned_rule_based,deterministic_wm,control_energy_kwh,12,0.12921890129331182,0.6215061257756368,1.2562829319382373e-36,0.67184901038528966,2,1
twozone_apartment_hydronic,zone_drift_negative,legacy_rssm,constant_zero,operational_score,12,-0.028478777714423947,-0.018943699546112927,-0.10798594608205889,0.016884286450214159,7,0
twozone_apartment_hydronic,zone_drift_negative,legacy_rssm,constant_zero,cost_tot,12,0.00077871000548316791,0.0046107603406694911,0,0.0045076805844616909,2,2
twozone_apartment_hydronic,zone_drift_negative,legacy_rssm,constant_zero,tdis_tot,12,-7.0132035321111061,-11.254064776249734,-25.445803356738754,-1.7474403703326673,10,1
twozone_apartment_hydronic,zone_drift_negative,legacy_rssm,constant_zero,control_cost_proxy,12,0.021516057458103033,0.1897737846744095,-2.3359931189550101e-34,0.16989515774415687,4,1
twozone_apartment_hydronic,zone_drift_negative,legacy_rssm,constant_zero,control_discomfort_kh,12,-7.0179912064282348,-11.304430906541862,-25.5311864382805,-1.8780445532537513,9,1
twozone_apartment_hydronic,zone_drift_negative,legacy_rssm,constant_zero,control_energy_kwh,12,3.7209308095115931e-36,0.99093764656772709,-2.3028437970518436e-33,0.70862678100179588,5,1
twozone_apartment_hydronic,zone_drift_negative,direct_h8_rssm,constant_zero,operational_score,12,-0.0003384414264923862,0.018653220080924668,-0.038753317040332899,0.08173131289162551,6,0
twozone_apartment_hydronic,zone_drift_negative,direct_h8_rssm,constant_zero,cost_tot,12,1.5093470777375773e-35,0.0043953394726891437,-1.1191341503564943e-36,0.0083571523708055491,4,2
twozone_apartment_hydronic,zone_drift_negative,direct_h8_rssm,constant_zero,tdis_tot,12,-0.4033582266571365,-2.5503038475517728,-10.167112322027933,2.9482799164063902,6,1
twozone_apartment_hydronic,zone_drift_negative,direct_h8_rssm,constant_zero,control_cost_proxy,12,2.8525513294236499e-34,0.20554027960813878,-3.3348671826408406e-34,0.33809456966827545,4,1
twozone_apartment_hydronic,zone_drift_negative,direct_h8_rssm,constant_zero,control_discomfort_kh,12,-0.46943532555030032,-2.5420265364641446,-10.199477387989234,2.9605994907842401,6,1
twozone_apartment_hydronic,zone_drift_negative,direct_h8_rssm,constant_zero,control_energy_kwh,12,1.3106503425556301e-35,1.018439098511386,-4.1315141400099608e-33,1.7864093691426808,5,1
twozone_apartment_hydronic,zone_drift_negative,deterministic_wm,constant_zero,operational_score,12,-0.028782615613346343,-0.030328295153205426,-0.10415326441491357,0.04167966472121417,7,0
twozone_apartment_hydronic,zone_drift_negative,deterministic_wm,constant_zero,cost_tot,12,0.001275756092896943,0.0034774682044832229,-9.3066154255788782e-37,0.0086417440361444831,4,1
twozone_apartment_hydronic,zone_drift_negative,deterministic_wm,constant_zero,tdis_tot,12,-6.621703888190547,-12.031387023013272,-25.331736558166021,-3.2618115465170261,11,1
twozone_apartment_hydronic,zone_drift_negative,deterministic_wm,constant_zero,control_cost_proxy,12,0.00021683234321190348,0.17253590877464411,-2.2913595724491172e-34,0.4247294944002078,5,1
twozone_apartment_hydronic,zone_drift_negative,deterministic_wm,constant_zero,control_discomfort_kh,12,-6.6594534910268663,-12.103375006704994,-25.46395590613853,-3.3828489537723101,11,1
twozone_apartment_hydronic,zone_drift_negative,deterministic_wm,constant_zero,control_energy_kwh,12,-1.262690948934331e-35,0.87700086083571771,-1.7750355717832724e-33,2.3394819004672134,6,1
twozone_apartment_hydronic,zone_drift_negative,rc_supervisory_selector,constant_zero,operational_score,12,-0.0083479185254671448,-0.015667324892021921,-0.10467186732838411,0.061603191948772687,6,0
twozone_apartment_hydronic,zone_drift_negative,rc_supervisory_selector,constant_zero,cost_tot,12,0.0035963194116240063,0.005786878140856831,-8.3316300475792496e-37,0.011098939242426361,4,1
twozone_apartment_hydronic,zone_drift_negative,rc_supervisory_selector,constant_zero,tdis_tot,12,-5.896379015733082,-12.14481927602872,-24.853509209655286,-3.8062124252769101,11,1
twozone_apartment_hydronic,zone_drift_negative,rc_supervisory_selector,constant_zero,control_cost_proxy,12,0.13787580015892109,0.25827194418692545,-9.8447741055489649e-35,0.50515151181031515,4,1
twozone_apartment_hydronic,zone_drift_negative,rc_supervisory_selector,constant_zero,control_discomfort_kh,12,-6.0038236088861652,-12.198272972107143,-24.954090258091178,-3.72491205166979,11,1
twozone_apartment_hydronic,zone_drift_negative,rc_supervisory_selector,constant_zero,control_energy_kwh,12,0.490370085908447,1.2875231775077449,-4.6408540694140592e-34,2.826821837606976,4,1
twozone_apartment_hydronic,zone_drift_negative,tuned_rule_based,constant_zero,operational_score,12,0.037828864561980952,0.011024174130195125,-0.089460670400680314,0.090427473042577949,5,0
twozone_apartment_hydronic,zone_drift_negative,tuned_rule_based,constant_zero,cost_tot,12,0.0070035843590838219,0.0079733169203144213,-8.8837594051052884e-38,0.014316089920475401,3,1
twozone_apartment_hydronic,zone_drift_negative,tuned_rule_based,constant_zero,tdis_tot,12,-4.3476174547290407,-9.5967184977186886,-21.896438597059777,-1.9820249640937986,10,1
twozone_apartment_hydronic,zone_drift_negative,tuned_rule_based,constant_zero,control_cost_proxy,12,0.30195761679492172,0.34668007670736706,-1.0432704766598587e-34,0.63860764414002691,4,1
twozone_apartment_hydronic,zone_drift_negative,tuned_rule_based,constant_zero,control_discomfort_kh,12,-4.354606440878932,-9.6114930735009754,-21.975677912858295,-1.9787592590660807,10,1
twozone_apartment_hydronic,zone_drift_negative,tuned_rule_based,constant_zero,control_energy_kwh,12,1.2791347469210095,1.7144132489523862,-4.9035473080874956e-34,3.2408913317822745,4,1
twozone_apartment_hydronic,zone_drift_negative,direct_h8_rssm,legacy_rssm,operational_score,12,0.037417873319438508,0.037596919627037595,0.015703501944512817,0.057535399065593198,2,0
twozone_apartment_hydronic,zone_drift_negative,direct_h8_rssm,legacy_rssm,cost_tot,12,-1.4346198305842271e-36,-0.00021542086798034704,-0.0017905121805358269,5.8928407393884303e-36,6,2
twozone_apartment_hydronic,zone_drift_negative,direct_h8_rssm,legacy_rssm,tdis_tot,12,7.3905423606546021,8.7037609286979603,5.0987788653359116,11.967363005643385,0,1
twozone_apartment_hydronic,zone_drift_negative,direct_h8_rssm,legacy_rssm,control_cost_proxy,12,2.068528415441197e-36,0.015766494933729291,-0.031551522794993014,4.7880858384367386e-34,5,1
twozone_apartment_hydronic,zone_drift_negative,direct_h8_rssm,legacy_rssm,control_discomfort_kh,12,7.5447971197337509,8.7624043700777179,5.0240048375754114,12.009532175334947,0,1
twozone_apartment_hydronic,zone_drift_negative,direct_h8_rssm,legacy_rssm,control_energy_kwh,12,9.3855726160447075e-36,0.027501451943659012,-0.33397007894130004,2.458227171744539e-33,5,1
twozone_apartment_hydronic,zone_drift_negative,deterministic_wm,direct_h8_rssm,operational_score,12,-0.050309917150137051,-0.048981515234130073,-0.068624915951094712,-0.033635951456163181,11,0
twozone_apartment_hydronic,zone_drift_negative,deterministic_wm,direct_h8_rssm,cost_tot,12,-1.1111132726566348e-35,-0.00091787126820592113,-0.0027091476381693354,1.8090675376889304e-36,7,1
twozone_apartment_hydronic,zone_drift_negative,deterministic_wm,direct_h8_rssm,tdis_tot,12,-8.4640137396302713,-9.4810831754614995,-13.404991283602403,-5.5812387005439899,11,1
twozone_apartment_hydronic,zone_drift_negative,deterministic_wm,direct_h8_rssm,control_cost_proxy,12,-4.5629096099133961e-34,-0.033004370833494674,-0.073950119451371199,-3.2036197241410705e-36,9,1
twozone_apartment_hydronic,zone_drift_negative,deterministic_wm,direct_h8_rssm,control_discomfort_kh,12,-8.5927969913565292,-9.561348470240846,-13.61878537660634,-5.503377193820441,11,1
twozone_apartment_hydronic,zone_drift_negative,deterministic_wm,direct_h8_rssm,control_energy_kwh,12,-2.8832118600120728e-34,-0.14143823767566829,-0.22657562823192157,0.039622175599323128,8,1
twozone_apartment_hydronic,zone_drift_negative,rc_supervisory_selector,deterministic_wm,operational_score,12,0.0013920505525490887,0.014660970261183489,-0.0046035472551962248,0.034974483459195745,4,0
twozone_apartment_hydronic,zone_drift_negative,rc_supervisory_selector,deterministic_wm,cost_tot,12,6.0158879861457997e-36,0.0023094099363736081,-1.2496786261514323e-35,0.0052448528711189803,4,1
twozone_apartment_hydronic,zone_drift_negative,rc_supervisory_selector,deterministic_wm,tdis_tot,12,-0.019958042383198205,-0.11343225301544402,-1.0321703437415131,0.72015513747926718,6,1
twozone_apartment_hydronic,zone_drift_negative,rc_supervisory_selector,deterministic_wm,control_cost_proxy,12,8.7244840710833431e-35,0.085736035412281308,-0.0036349943028169962,0.22171597952863353,4,1
twozone_apartment_hydronic,zone_drift_negative,rc_supervisory_selector,deterministic_wm,control_discomfort_kh,12,0.0014915998311479939,-0.094897965402151854,-0.88304868554843807,0.68089524041192107,5,1
twozone_apartment_hydronic,zone_drift_negative,rc_supervisory_selector,deterministic_wm,control_energy_kwh,12,1.1283901739527515e-33,0.41052231667202715,-9.8201137555774551e-38,1.1001847079758833,3,1
twozone_apartment_hydronic,zone_drift_negative,tuned_rule_based,deterministic_wm,operational_score,12,0.03104411623516419,0.041352469283400535,0.011456196868897102,0.059672721242856219,1,1
twozone_apartment_hydronic,zone_drift_negative,tuned_rule_based,deterministic_wm,cost_tot,12,0.0012397224961610293,0.0044958487158311983,-9.9184751112338948e-38,0.0066184788050426165,4,1
twozone_apartment_hydronic,zone_drift_negative,tuned_rule_based,deterministic_wm,tdis_tot,12,1.3701997867189437,2.434668525294585,-0.048648212131145341,4.8142385723185228,3,2
twozone_apartment_hydronic,zone_drift_negative,tuned_rule_based,deterministic_wm,control_cost_proxy,12,0.054351737153771257,0.17414416793272292,-7.7586846255183821e-37,0.262119944741393,4,1
twozone_apartment_hydronic,zone_drift_negative,tuned_rule_based,deterministic_wm,control_discomfort_kh,12,1.5192563471188123,2.4918819332040152,-0.045690132467157696,4.8294898342551562,3,2
twozone_apartment_hydronic,zone_drift_negative,tuned_rule_based,deterministic_wm,control_energy_kwh,12,0.24705336338313644,0.83741238811666818,-3.3335432394078518e-36,0.99853836038600363,4,1
twozone_apartment_hydronic,zone_drift_positive,legacy_rssm,constant_zero,operational_score,12,-0.013690347782723235,-0.013465076226958242,-0.10757146932084977,0.044856953653326676,6,0
twozone_apartment_hydronic,zone_drift_positive,legacy_rssm,constant_zero,cost_tot,12,0.0014721455561316002,0.0047268042590002919,0,0.0046090059691655458,2,2
twozone_apartment_hydronic,zone_drift_positive,legacy_rssm,constant_zero,tdis_tot,12,-5.1613059969256039,-10.285730435573088,-25.445803356738754,-0.52811535747644212,9,1
twozone_apartment_hydronic,zone_drift_positive,legacy_rssm,constant_zero,control_cost_proxy,12,0.021009694274280344,0.19927919996781518,-2.3359931189550101e-34,0.19059704542674127,5,1
twozone_apartment_hydronic,zone_drift_positive,legacy_rssm,constant_zero,control_discomfort_kh,12,-5.3487552844841844,-10.325989742986232,-25.5311864382805,-0.49795955896097155,9,1
twozone_apartment_hydronic,zone_drift_positive,legacy_rssm,constant_zero,control_energy_kwh,12,-1.280460093251823e-35,1.0234631839249406,-2.3028437970518436e-33,0.91177200239077116,6,1
twozone_apartment_hydronic,zone_drift_positive,direct_h8_rssm,constant_zero,operational_score,12,-0.0003384414264923862,0.023706275813194583,-0.034245649075625342,0.08173131289162551,6,0
twozone_apartment_hydronic,zone_drift_positive,direct_h8_rssm,constant_zero,cost_tot,12,1.0827802772809673e-35,0.0043953394726891437,-3.321863331931733e-38,0.0083571523708055491,3,2
twozone_apartment_hydronic,zone_drift_positive,direct_h8_rssm,constant_zero,tdis_tot,12,-0.4033582266571365,-1.439166015710196,-7.5011465197942719,2.9482799164063902,6,1
twozone_apartment_hydronic,zone_drift_positive,direct_h8_rssm,constant_zero,control_cost_proxy,12,4.507040806779102e-34,0.20554027960813878,-5.145998919690159e-34,0.33809456966827545,4,1
twozone_apartment_hydronic,zone_drift_positive,direct_h8_rssm,constant_zero,control_discomfort_kh,12,-0.46943532555030032,-1.4315864013027155,-7.5392274072953924,2.9605994907842401,6,1
twozone_apartment_hydronic,zone_drift_positive,direct_h8_rssm,constant_zero,control_energy_kwh,12,1.3106503425556301e-35,1.018439098511386,-5.6953705080865683e-33,1.7864093691426808,5,1
twozone_apartment_hydronic,zone_drift_positive,deterministic_wm,constant_zero,operational_score,12,-0.023154821492766656,-0.02727411581851219,-0.11839285212967671,0.045612844976812887,7,0
twozone_apartment_hydronic,zone_drift_positive,deterministic_wm,constant_zero,cost_tot,12,0.0010738134830274304,0.0043262178170362505,-9.3623700839228205e-38,0.0086417445776458823,3,1
twozone_apartment_hydronic,zone_drift_positive,deterministic_wm,constant_zero,tdis_tot,12,-6.3998942883989383,-12.722336544498861,-28.206997698111596,-2.3756386124233093,11,1
twozone_apartment_hydronic,zone_drift_positive,deterministic_wm,constant_zero,control_cost_proxy,12,0.00021683234321190348,0.1994392376134396,-2.0344087470429879e-34,0.48152214346042643,5,1
twozone_apartment_hydronic,zone_drift_positive,deterministic_wm,constant_zero,control_discomfort_kh,12,-6.4355742368031699,-12.771770102858701,-28.322258667448224,-2.3754013614461513,11,1
twozone_apartment_hydronic,zone_drift_positive,deterministic_wm,constant_zero,control_energy_kwh,12,-1.2714099854215657e-35,1.0790147826373404,-3.3493334103359179e-33,2.5230281043960212,6,1
twozone_apartment_hydronic,zone_drift_positive,rc_supervisory_selector,constant_zero,operational_score,12,0.060815127277373995,0.019104962969563478,-0.1184703107284177,0.12365407882280666,4,0
twozone_apartment_hydronic,zone_drift_positive,rc_supervisory_selector,constant_zero,cost_tot,12,0.0097990208633828881,0.0096049573171975208,3.8392751113912093e-36,0.018224986617410517,2,1
twozone_apartment_hydronic,zone_drift_positive,rc_supervisory_selector,constant_zero,tdis_tot,12,-1.9284264961430797,-10.358668700275329,-28.598686001948835,0.37145185872471931,8,1
twozone_apartment_hydronic,zone_drift_positive,rc_supervisory_selector,constant_zero,control_cost_proxy,12,0.34116649375241814,0.4127348804810021,-1.3297453249020584e-35,0.82708507937268338,3,1
twozone_apartment_hydronic,zone_drift_positive,rc_supervisory_selector,constant_zero,control_discomfort_kh,12,-1.8262957391422319,-10.376884731669591,-28.697908504389467,0.3376282535368702,8,1
twozone_apartment_hydronic,zone_drift_positive,rc_supervisory_selector,constant_zero,control_energy_kwh,12,1.5616563752912844,2.1607000867336308,-3.2314899144173627e-35,4.2768987921495043,3,1
twozone_apartment_hydronic,zone_drift_positive,tuned_rule_based,constant_zero,operational_score,12,0.01515085983908444,0.0038445763698124434,-0.089460670400680314,0.073672542577113587,6,0
twozone_apartment_hydronic,zone_drift_positive,tuned_rule_based,constant_zero,cost_tot,12,0.0048864113091468368,0.0070712843193141304,-8.8837594051052884e-38,0.013144345677030267,3,1
twozone_apartment_hydronic,zone_drift_positive,tuned_rule_based,constant_zero,tdis_tot,12,-5.5224183804136633,-9.827896688534457,-21.896438597059777,-2.1693071786943485,10,1
twozone_apartment_hydronic,zone_drift_positive,tuned_rule_based,constant_zero,control_cost_proxy,12,0.22953440070081588,0.32130085599139252,-1.0432704766598587e-34,0.56015842154378459,4,1
twozone_apartment_hydronic,zone_drift_positive,tuned_rule_based,constant_zero,control_discomfort_kh,12,-5.4828280300437129,-9.8262980138753004,-21.975677912858295,-2.0955098725302577,10,1
twozone_apartment_hydronic,zone_drift_positive,tuned_rule_based,constant_zero,control_energy_kwh,12,1.1217123727031248,1.6664060431068164,-4.9035473080874956e-34,3.1102704709267406,4,1
twozone_apartment_hydronic,zone_drift_positive,direct_h8_rssm,legacy_rssm,operational_score,12,0.022572144836815675,0.037171352040152823,-0.00046945580929613285,0.083346065494505156,3,0
twozone_apartment_hydronic,zone_drift_positive,direct_h8_rssm,legacy_rssm,cost_tot,12,-3.3996147858532632e-37,-0.0003314647863111482,-0.0029761646269960591,6.7771312072377819e-36,6,2
twozone_apartment_hydronic,zone_drift_positive,direct_h8_rssm,legacy_rssm,tdis_tot,12,6.5318748551892352,8.8465644198628919,3.9281477017200612,17.282948791932636,0,1
twozone_apartment_hydronic,zone_drift_positive,direct_h8_rssm,legacy_rssm,control_cost_proxy,12,5.7023275378337468e-36,0.0062610796403236397,-0.060129404369778927,3.1763443075744002e-33,5,1
twozone_apartment_hydronic,zone_drift_positive,direct_h8_rssm,legacy_rssm,control_discomfort_kh,12,6.4598012560970872,8.8944033416835158,3.874014274673975,17.356473356270882,0,1
twozone_apartment_hydronic,zone_drift_positive,direct_h8_rssm,legacy_rssm,control_energy_kwh,12,2.591110435807453e-35,-0.0050240854135545172,-0.59636981425937208,1.458895593432162e-32,5,1
twozone_apartment_hydronic,zone_drift_positive,deterministic_wm,direct_h8_rssm,operational_score,12,-0.05156865618692625,-0.050980391631706777,-0.082804795243849982,-0.030445088278140853,11,0
twozone_apartment_hydronic,zone_drift_positive,deterministic_wm,direct_h8_rssm,cost_tot,12,-1.6697474863130285e-37,-6.9121655652893202e-05,-0.0011410658589235158,0.00059959861617436133,7,1
twozone_apartment_hydronic,zone_drift_positive,deterministic_wm,direct_h8_rssm,tdis_tot,12,-8.2422041398386625,-11.283170528788668,-20.294976685987255,-5.1593283380230162,11,1
twozone_apartment_hydronic,zone_drift_positive,deterministic_wm,direct_h8_rssm,control_cost_proxy,12,-3.4877292775049272e-35,-0.0061010419946992411,-0.052628699393248657,0.013591112772767699,8,1
twozone_apartment_hydronic,zone_drift_positive,deterministic_wm,direct_h8_rssm,control_discomfort_kh,12,-8.2876449740197415,-11.340183701555981,-20.354644615932948,-5.2118379842966718,11,1
twozone_apartment_hydronic,zone_drift_positive,deterministic_wm,direct_h8_rssm,control_energy_kwh,12,-8.9798855451035976e-35,0.060575684125954231,-0.052848567658365653,0.11104410022551825,7,1
twozone_apartment_hydronic,zone_drift_positive,rc_supervisory_selector,deterministic_wm,operational_score,12,0.046671444779765217,0.046379078788075671,0.0029126939449779718,0.07291463508967308,3,0
twozone_apartment_hydronic,zone_drift_positive,rc_supervisory_selector,deterministic_wm,cost_tot,12,0.0045949821236523896,0.0052787395001612685,2.8767665955002685e-36,0.0088182685966602878,2,1
twozone_apartment_hydronic,zone_drift_positive,rc_supervisory_selector,deterministic_wm,tdis_tot,12,3.5956995708767923,2.3636678442235364,-0.84425645331466015,5.1446785954200394,3,2
twozone_apartment_hydronic,zone_drift_positive,rc_supervisory_selector,deterministic_wm,control_cost_proxy,12,0.17289466982914248,0.21329564286756253,7.1379737643344955e-35,0.39967490078200829,0,1
twozone_apartment_hydronic,zone_drift_positive,rc_supervisory_selector,deterministic_wm,control_discomfort_kh,12,3.6876263005083345,2.3948853711891083,-0.85122237224005914,5.2243755508535585,3,2
twozone_apartment_hydronic,zone_drift_positive,rc_supervisory_selector,deterministic_wm,control_energy_kwh,12,0.98721282030443636,1.0816853040962902,4.2475413746874005e-34,1.8236528444342461,0,1
twozone_apartment_hydronic,zone_drift_positive,tuned_rule_based,deterministic_wm,operational_score,12,0.03210418175043378,0.031118692188324637,0.016273166346522421,0.040691512646033642,2,0
twozone_apartment_hydronic,zone_drift_positive,tuned_rule_based,deterministic_wm,cost_tot,12,0.00092265970765246022,0.0027450665022778799,-2.0836231226549828e-37,0.0037777885863248956,3,1
twozone_apartment_hydronic,zone_drift_positive,tuned_rule_based,deterministic_wm,tdis_tot,12,0.87747590798527542,2.8944398559644076,-0.050176697340721499,6.3116491589493808,4,1
twozone_apartment_hydronic,zone_drift_positive,tuned_rule_based,deterministic_wm,control_cost_proxy,12,0.024580188061326114,0.12186161837795291,2.7687721671160732e-37,0.17630787217211852,2,1
twozone_apartment_hydronic,zone_drift_positive,tuned_rule_based,deterministic_wm,control_discomfort_kh,12,0.95274620675945698,2.9454720889833994,-0.048547380414717622,6.3991660944438351,4,1
twozone_apartment_hydronic,zone_drift_positive,tuned_rule_based,deterministic_wm,control_energy_kwh,12,0.12921890129331182,0.58739126046947598,1.2562829319382373e-36,0.76833957109166606,2,1
twozone_apartment_hydronic,zone_stuck,legacy_rssm,constant_zero,operational_score,12,-0.013690347782723235,-0.013302404067540305,-0.10757146932084977,0.045832986609834286,6,0
twozone_apartment_hydronic,zone_stuck,legacy_rssm,constant_zero,cost_tot,12,0.0014721455561316002,0.0046945107573318507,0,0.0046090059691655458,2,2
twozone_apartment_hydronic,zone_stuck,legacy_rssm,constant_zero,tdis_tot,12,-5.1613059969256039,-10.206707621052329,-25.445803356738754,-0.52811535747644212,9,1
twozone_apartment_hydronic,zone_stuck,legacy_rssm,constant_zero,control_cost_proxy,12,0.035946437687389921,0.2045064360371848,-2.3359931189550101e-34,0.19059704542674127,5,1
twozone_apartment_hydronic,zone_stuck,legacy_rssm,constant_zero,control_discomfort_kh,12,-5.3487552844841844,-10.24115818965652,-25.5311864382805,-0.49795955896097155,9,1
twozone_apartment_hydronic,zone_stuck,legacy_rssm,constant_zero,control_energy_kwh,12,0.10747126985314903,1.0619382974730915,-1.0928766123277517e-33,0.91177200239077116,5,1
twozone_apartment_hydronic,zone_stuck,direct_h8_rssm,constant_zero,operational_score,12,-0.0003384414264923862,0.02108440660435261,-0.034245649075625342,0.08173131289162551,6,0
twozone_apartment_hydronic,zone_stuck,direct_h8_rssm,constant_zero,cost_tot,12,2.2159960865760256e-35,0.0043953394726891437,-3.321863331931733e-38,0.0083571523708055491,3,2
twozone_apartment_hydronic,zone_stuck,direct_h8_rssm,constant_zero,tdis_tot,12,-0.4033582266571365,-1.9845148111493269,-8.1618819045557736,2.9482799164063902,6,1
twozone_apartment_hydronic,zone_stuck,direct_h8_rssm,constant_zero,control_cost_proxy,12,4.507040806779102e-34,0.20554027960813878,-3.3219078004118854e-34,0.33809456966827545,4,1
twozone_apartment_hydronic,zone_stuck,direct_h8_rssm,constant_zero,control_discomfort_kh,12,-0.46943532555030032,-1.9771099446089184,-8.1905398122222621,2.9605994907842401,6,1
twozone_apartment_hydronic,zone_stuck,direct_h8_rssm,constant_zero,control_energy_kwh,12,1.3106503425556301e-35,1.018439098511386,-4.1315141400099608e-33,1.7864093691426808,5,1
twozone_apartment_hydronic,zone_stuck,deterministic_wm,constant_zero,operational_score,12,-0.0061826582327571379,-0.033082825328948677,-0.11839285212967671,0.026584470656867896,8,0
twozone_apartment_hydronic,zone_stuck,deterministic_wm,constant_zero,cost_tot,12,0.0020175621631479679,0.0034089533810069531,5.1452329252406933e-37,0.0066763889615139797,2,1
twozone_apartment_hydronic,zone_stuck,deterministic_wm,constant_zero,tdis_tot,12,-5.7188463704952923,-12.644834190654315,-27.521857395247331,-3.1657939783339577,11,1
twozone_apartment_hydronic,zone_stuck,deterministic_wm,constant_zero,control_cost_proxy,12,0.023896781943842815,0.1686022210789018,-7.5475329978518339e-35,0.3368045278610251,4,1
twozone_apartment_hydronic,zone_stuck,deterministic_wm,constant_zero,control_discomfort_kh,12,-5.7656832868269419,-12.710617742731044,-27.63618192539051,-3.2841270771127071,11,1
twozone_apartment_hydronic,zone_stuck,deterministic_wm,constant_zero,control_energy_kwh,12,0.32835000566239536,0.85636661982128748,-9.5595733516857065e-34,1.5861749228022675,5,1
twozone_apartment_hydronic,zone_stuck,rc_supervisory_selector,constant_zero,operational_score,12,0.034390576182466465,0.0070172041970955898,-0.1184703107284177,0.10780257599918022,4,0
twozone_apartment_hydronic,zone_stuck,rc_supervisory_selector,constant_zero,cost_tot,12,0.0069493793894563512,0.0078103181615614831,-1.4848058805059591e-36,0.016305929818827565,3,1
twozone_apartment_hydronic,zone_stuck,rc_supervisory_selector,constant_zero,tdis_tot,12,-1.9736908841992862,-10.397105153683677,-28.598686001948835,0.37145185872471931,8,1
twozone_apartment_hydronic,zone_stuck,rc_supervisory_selector,constant_zero,control_cost_proxy,12,0.24328307806096927,0.33436827526498775,-1.3206113706095381e-34,0.66758747702958687,4,1
twozone_apartment_hydronic,zone_stuck,rc_supervisory_selector,constant_zero,control_discomfort_kh,12,-1.889431258233401,-10.441339680402644,-28.697908504389467,0.3376282535368702,8,1
twozone_apartment_hydronic,zone_stuck,rc_supervisory_selector,constant_zero,control_energy_kwh,12,0.75139146929566447,1.7148011664680745,-5.873724212735668e-34,3.7173369921305839,4,1
twozone_apartment_hydronic,zone_stuck,tuned_rule_based,constant_zero,operational_score,12,0.023448742932248735,0.0064251655874148798,-0.089460670400680314,0.078371863535662473,6,0
twozone_apartment_hydronic,zone_stuck,tuned_rule_based,constant_zero,cost_tot,12,0.0062879278980494096,0.0074519134160981057,-8.8837594051052884e-38,0.013144345677030267,3,1
twozone_apartment_hydronic,zone_stuck,tuned_rule_based,constant_zero,tdis_tot,12,-5.5224183804136633,-9.8233328687290165,-21.896438597059777,-2.141924259861705,10,1
twozone_apartment_hydronic,zone_stuck,tuned_rule_based,constant_zero,control_cost_proxy,12,0.29205940557207888,0.33586603629150891,-1.0432704766598587e-34,0.58362161286772096,4,1
twozone_apartment_hydronic,zone_stuck,tuned_rule_based,constant_zero,control_discomfort_kh,12,-5.4828280300437129,-9.8176869896751668,-21.975677912858295,-2.0438437273294596,10,1
twozone_apartment_hydronic,zone_stuck,tuned_rule_based,constant_zero,control_energy_kwh,12,1.4058747804207437,1.8078390510327746,-4.9035473080874956e-34,3.5776929562664042,4,1
twozone_apartment_hydronic,zone_stuck,direct_h8_rssm,legacy_rssm,operational_score,12,0.022572144836815675,0.034386810671892913,-0.00046945580929613285,0.071455144531707898,3,0
twozone_apartment_hydronic,zone_stuck,direct_h8_rssm,legacy_rssm,cost_tot,12,0,-0.00029917128464270669,-0.0029761646269960591,1.2521496067117257e-35,5,2
twozone_apartment_hydronic,zone_stuck,direct_h8_rssm,legacy_rssm,tdis_tot,12,6.5318748551892352,8.2221928099030013,3.9281477017200612,14.063888850222284,0,1
twozone_apartment_hydronic,zone_stuck,direct_h8_rssm,legacy_rssm,control_cost_proxy,12,5.7023275378337468e-36,0.0010338435709540128,-0.075472065177435488,6.4425753157921903e-34,5,1
twozone_apartment_hydronic,zone_stuck,direct_h8_rssm,legacy_rssm,control_discomfort_kh,12,6.4598012560970872,8.2640482450476007,3.874014274673975,14.108449832665698,0,1
twozone_apartment_hydronic,zone_stuck,direct_h8_rssm,legacy_rssm,control_energy_kwh,12,2.591110435807453e-35,-0.043499198961705433,-0.59636981425937208,3.2097656265766503e-33,5,1
twozone_apartment_hydronic,zone_stuck,deterministic_wm,direct_h8_rssm,operational_score,12,-0.054604950180317843,-0.054167231933301287,-0.085690440854975763,-0.034602617779512908,11,0
twozone_apartment_hydronic,zone_stuck,deterministic_wm,direct_h8_rssm,cost_tot,12,-6.6585364769718057e-36,-0.00098638609168219039,-0.0027091476381693354,9.1561314139392003e-05,8,1
twozone_apartment_hydronic,zone_stuck,deterministic_wm,direct_h8_rssm,tdis_tot,12,-7.5611562219350166,-10.660319379504987,-17.278615057127752,-5.5812387005439899,11,1
twozone_apartment_hydronic,zone_stuck,deterministic_wm,direct_h8_rssm,control_cost_proxy,12,-3.1688810717647847e-34,-0.03693805852923699,-0.073950119451371199,0.012253102735676535,8,1
twozone_apartment_hydronic,zone_stuck,deterministic_wm,direct_h8_rssm,control_discomfort_kh,12,-7.6990267871566047,-10.733507798122126,-17.489318157299195,-5.503377193820441,11,1
twozone_apartment_hydronic,zone_stuck,deterministic_wm,direct_h8_rssm,control_energy_kwh,12,-1.1162188402632755e-34,-0.16207247869009855,-0.052848567658365653,0.10411218999762095,7,1
twozone_apartment_hydronic,zone_stuck,rc_supervisory_selector,deterministic_wm,operational_score,12,0.031241191667298482,0.040100029526044266,-0.004498978967162115,0.073761210488782147,3,1
twozone_apartment_hydronic,zone_stuck,rc_supervisory_selector,deterministic_wm,cost_tot,12,0.0028800227683410083,0.0044013647805545295,-2.9732060889518954e-37,0.0086138408877137005,3,2
twozone_apartment_hydronic,zone_stuck,rc_supervisory_selector,deterministic_wm,tdis_tot,12,1.8389769581724469,2.2477290369706395,-0.95435357279568245,6.1243582659554896,4,2
twozone_apartment_hydronic,zone_stuck,rc_supervisory_selector,deterministic_wm,control_cost_proxy,12,0.096753293790792005,0.165766054186086,4.6682723335972083e-36,0.37108322433104257,1,2
twozone_apartment_hydronic,zone_stuck,rc_supervisory_selector,deterministic_wm,control_discomfort_kh,12,1.8654184266815292,2.2692780623284015,-0.94304871247044986,6.1417769382988823,3,2
twozone_apartment_hydronic,zone_stuck,rc_supervisory_selector,deterministic_wm,control_energy_kwh,12,0.54481688639395753,0.85843454664678676,5.3741645487924953e-35,1.790199304356465,1,2
twozone_apartment_hydronic,zone_stuck,tuned_rule_based,deterministic_wm,operational_score,12,0.03210418175043378,0.039507990916363554,0.02341854211495412,0.059104752978159196,1,1
twozone_apartment_hydronic,zone_stuck,tuned_rule_based,deterministic_wm,cost_tot,12,0.0011408578576491413,0.004042960035091153,-2.0836231226549828e-37,0.007806271865526921,3,1
twozone_apartment_hydronic,zone_stuck,tuned_rule_based,deterministic_wm,tdis_tot,12,0.45233333938255527,2.8215013219252998,-0.021265293298501575,5.7359991026655113,3,2
twozone_apartment_hydronic,zone_stuck,tuned_rule_based,deterministic_wm,control_cost_proxy,12,0.031481807169719156,0.16726381521260711,5.926289467536398e-38,0.3754941194888286,2,1
twozone_apartment_hydronic,zone_stuck,tuned_rule_based,deterministic_wm,control_discomfort_kh,12,0.67139831951002549,2.8929307530558774,0,5.7919255681564294,2,2
twozone_apartment_hydronic,zone_stuck,tuned_rule_based,deterministic_wm,control_energy_kwh,12,0.20211860503720658,0.95147243121148684,2.6606297582984484e-37,1.8166882411796146,2,1
multizone_office_simple_air,clean,legacy_rssm,constant_zero,operational_score,12,-9.345763105070289e-08,-0.001656969599753484,-0.00037002788654407067,1.2362918628668628e-07,8,0
multizone_office_simple_air,clean,legacy_rssm,constant_zero,cost_tot,12,-6.1435204167827051e-09,-0.00015377365904810681,-4.8305257537760438e-05,8.5726270864991405e-09,8,0
multizone_office_simple_air,clean,legacy_rssm,constant_zero,tdis_tot,12,1.3315404449876223e-07,0.22112066506196068,-8.6149266553814385e-07,0.12537365795798922,5,1
multizone_office_simple_air,clean,legacy_rssm,constant_zero,control_cost_proxy,12,-4.5288078354133177e-07,-0.25248256604954067,-0.081363156483961419,1.1837319917162858e-05,7,0
multizone_office_simple_air,clean,legacy_rssm,constant_zero,control_discomfort_kh,12,0,0.045286639620171577,-5.7681789300545461e-06,4.9079285773245829e-05,5,4
multizone_office_simple_air,clean,legacy_rssm,constant_zero,control_energy_kwh,12,-4.8620002544907948e-05,-2.2766663161859957,-0.52997511499773964,9.2112513147668551e-05,8,0
multizone_office_simple_air,clean,direct_h8_rssm,constant_zero,operational_score,12,2.5277952320111239e-07,0.0017971412158061112,-2.8399013445243268e-08,0.0027632310795995046,3,0
multizone_office_simple_air,clean,direct_h8_rssm,constant_zero,cost_tot,12,1.7593709780716615e-08,0.00011000429081899771,-1.7949277689166543e-09,0.00017466245873248073,3,0
multizone_office_simple_air,clean,direct_h8_rssm,constant_zero,tdis_tot,12,1.4020535447911708e-07,0.069105016524874927,-1.0370691898575757e-06,0.067694028582876223,4,1
multizone_office_simple_air,clean,direct_h8_rssm,constant_zero,control_cost_proxy,12,0.00270372489334747,0.19821502149528306,4.2993930930990132e-06,0.32467395433455604,0,0
multizone_office_simple_air,clean,direct_h8_rssm,constant_zero,control_discomfort_kh,12,0,-5.9322985161240161e-07,-3.8653737917115905e-06,1.0784084878423528e-06,3,6
multizone_office_simple_air,clean,direct_h8_rssm,constant_zero,control_energy_kwh,12,0.017945453349675233,1.3056087572847588,4.1270624389966315e-05,1.5248318941149677,1,0
multizone_office_simple_air,clean,deterministic_wm,constant_zero,operational_score,12,-1.0269414061458329e-07,-0.0016571000366595978,-0.0003715381665947498,1.1867073316851991e-07,8,0
multizone_office_simple_air,clean,deterministic_wm,constant_zero,cost_tot,12,-6.4347754607368968e-09,-0.00015377625143165704,-4.8404803589927395e-05,7.8759411310455607e-09,8,0
multizone_office_simple_air,clean,deterministic_wm,constant_zero,tdis_tot,12,1.4035703332915261e-07,0.22108676080818532,-2.0441774670754143e-06,0.12537487670444863,5,1
multizone_office_simple_air,clean,deterministic_wm,constant_zero,control_cost_proxy,12,-4.8331286306435572e-07,-0.25367637608393556,-0.081689192193417526,7.1797520564409467e-06,7,0
multizone_office_simple_air,clean,deterministic_wm,constant_zero,control_discomfort_kh,12,0,0.045264954119673462,-3.3555806737695093e-06,5.2680946133421003e-05,3,4
multizone_office_simple_air,clean,deterministic_wm,constant_zero,control_energy_kwh,12,-7.6633151721239301e-05,-2.2850973904462601,-0.5299472088621684,0.00010249272751394756,7,0
multizone_office_simple_air,clean,rc_supervisory_selector,constant_zero,operational_score,12,5.7985693162854677e-09,-2.1204831153968575e-06,-2.4501998959084992e-06,2.5258653672883294e-07,6,0
multizone_office_simple_air,clean,rc_supervisory_selector,constant_zero,cost_tot,12,6.4614097015566752e-10,-3.2650199473436345e-05,-1.6286646093181464e-07,1.7188970677373128e-08,6,0
multizone_office_simple_air,clean,rc_supervisory_selector,constant_zero,tdis_tot,12,1.3315404449876223e-07,0.17686605953252657,-2.3775345857068864e-06,0.12537708255257934,5,1
multizone_office_simple_air,clean,rc_supervisory_selector,constant_zero,control_cost_proxy,12,3.9077309565982432e-07,-0.051672622139445679,-0.0021411033701070892,1.746316565309769e-05,6,0
multizone_office_simple_air,clean,rc_supervisory_selector,constant_zero,control_discomfort_kh,12,0,0.023083135490305533,-6.7190485637524944e-06,1.9665077601871417e-06,5,4
multizone_office_simple_air,clean,rc_supervisory_selector,constant_zero,control_energy_kwh,12,8.3480226216181563e-06,-0.59940060773926795,-0.012617967095849281,0.00016515878002820727,6,0
multizone_office_simple_air,clean,tuned_rule_based,constant_zero,operational_score,12,-3.3962701064830795e-08,0.0010446976840355821,-1.9713829017726708e-07,1.3554927983057354e-06,7,0
multizone_office_simple_air,clean,tuned_rule_based,constant_zero,cost_tot,12,-2.1122169759774101e-09,5.5332051398491642e-05,-1.2178073333611594e-08,8.9978908454288464e-08,7,0
multizone_office_simple_air,clean,tuned_rule_based,constant_zero,tdis_tot,12,-8.0550489570119232e-08,0.087043947817056933,-2.2458365872557451e-06,0.11556896594841995,6,1
multizone_office_simple_air,clean,tuned_rule_based,constant_zero,control_cost_proxy,12,-2.7380129852261348e-07,0.10283496788824853,-9.3458466583484778e-06,0.0015340373278842634,6,0
multizone_office_simple_air,clean,tuned_rule_based,constant_zero,control_discomfort_kh,12,0,-1.4246626448037128e-05,-1.0042197388315799e-05,0,4,6
multizone_office_simple_air,clean,tuned_rule_based,constant_zero,control_energy_kwh,12,-4.103623538753709e-05,0.51774547778786639,-0.00013098846351056181,0.0090277163940299943,7,0
multizone_office_simple_air,clean,direct_h8_rssm,legacy_rssm,operational_score,12,1.2002129605264752e-07,0.0034541108155595954,0,0.0032215371244947002,2,3
multizone_office_simple_air,clean,direct_h8_rssm,legacy_rssm,cost_tot,12,8.1251063854467787e-09,0.00026377794986710449,0,0.00023056012028245705,2,3
multizone_office_simple_air,clean,direct_h8_rssm,legacy_rssm,tdis_tot,12,-1.3330937950195576e-06,-0.15201564853708568,-0.05768023155220485,0,7,4
multizone_office_simple_air,clean,direct_h8_rssm,legacy_rssm,control_cost_proxy,12,1.8459279118587801e-05,0.45069758754482375,0,0.40602720131581993,1,3
multizone_office_simple_air,clean,direct_h8_rssm,legacy_rssm,control_discomfort_kh,12,0,-0.045287232850023194,0,8.8598916647697479e-07,2,7
multizone_office_simple_air,clean,direct_h8_rssm,legacy_rssm,control_energy_kwh,12,0.00019163681648137754,3.5822750734707545,0,3.0969268932152403,1,3
multizone_office_simple_air,clean,deterministic_wm,direct_h8_rssm,operational_score,12,-2.8197424804709491e-07,-0.0034542412524657083,-0.0032215371244947257,-5.5709831211821152e-08,10,0
multizone_office_simple_air,clean,deterministic_wm,direct_h8_rssm,cost_tot,12,-1.8913463106437489e-08,-0.00026378054225065472,-0.00023056012028245879,-3.458474246136739e-09,10,0
multizone_office_simple_air,clean,deterministic_wm,direct_h8_rssm,tdis_tot,12,2.0796260298272529e-06,0.1519817442833104,-1.0170822945521074e-06,0.05768093058376704,4,1
multizone_office_simple_air,clean,deterministic_wm,direct_h8_rssm,control_cost_proxy,12,-0.0015017799801739784,-0.45189139757921865,-0.40602720131582171,-2.6140747024783195e-06,10,0
multizone_office_simple_air,clean,deterministic_wm,direct_h8_rssm,control_discomfort_kh,12,5.0979311794208115e-07,0.045265547349525072,0,2.4467876045264347e-06,2,4
multizone_office_simple_air,clean,deterministic_wm,direct_h8_rssm,control_energy_kwh,12,-0.015465953196013515,-3.5907061477310194,-3.0969268932152545,-4.5707101515191084e-05,10,0
multizone_office_simple_air,clean,rc_supervisory_selector,deterministic_wm,operational_score,12,6.524882809257235e-09,0.0016549795535442009,-1.3534059606414293e-07,1.5590985860683924e-07,3,2
multizone_office_simple_air,clean,rc_supervisory_selector,deterministic_wm,cost_tot,12,1.9124143241233682e-10,0.00012112605195822069,-8.5538240323333736e-09,1.0206591703320472e-08,3,2
multizone_office_simple_air,clean,rc_supervisory_selector,deterministic_wm,tdis_tot,12,0,-0.044220701275658768,-1.6847252650720179e-06,1.8024274386352346e-06,4,3
multizone_office_simple_air,clean,rc_supervisory_selector,deterministic_wm,control_cost_proxy,12,1.7763568394002505e-15,0.20200375394448988,-5.0542890548399555e-06,2.0354841481662334e-05,4,2
multizone_office_simple_air,clean,rc_supervisory_selector,deterministic_wm,control_discomfort_kh,12,0,-0.022181818629367928,-5.4552408691677101e-05,0,5,5
multizone_office_simple_air,clean,rc_supervisory_selector,deterministic_wm,control_energy_kwh,12,0,1.6856967827069924,-0.00012378766197684854,9.7754754650125619e-05,5,2
multizone_office_simple_air,clean,tuned_rule_based,deterministic_wm,operational_score,12,1.315635447574491e-09,0.0027017977206951795,-6.6072521163358703e-08,7.6471985188416557e-07,5,1
multizone_office_simple_air,clean,tuned_rule_based,deterministic_wm,cost_tot,12,8.9828693962401562e-11,0.00020910830283014868,-4.0913458922847701e-09,4.9797768476725693e-08,5,1
multizone_office_simple_air,clean,tuned_rule_based,deterministic_wm,tdis_tot,12,-1.2225565433343633e-06,-0.13404281299112841,-5.2972227833625318e-06,1.1406132760516385e-08,7,2
multizone_office_simple_air,clean,tuned_rule_based,deterministic_wm,control_cost_proxy,12,-9.4180302667723481e-08,0.35651134397218409,-8.712389474752058e-06,0.00033265559537731804,6,1
multizone_office_simple_air,clean,tuned_rule_based,deterministic_wm,control_discomfort_kh,12,-3.706254481983251e-06,-0.045279200746121497,-6.8126411761681993e-05,0,6,5
multizone_office_simple_air,clean,tuned_rule_based,deterministic_wm,control_energy_kwh,12,-3.2261057469895604e-07,2.8028428682341264,-0.0001178674139339364,0.0065655005035267777,6,1
multizone_office_simple_air,zone_bias_negative,legacy_rssm,constant_zero,operational_score,12,-9.345763105070289e-08,-0.0016566913594444437,-0.00037002788654407067,1.2362918628668628e-07,8,0
multizone_office_simple_air,zone_bias_negative,legacy_rssm,constant_zero,cost_tot,12,-6.1435204167827051e-09,-0.00015375527574678521,-4.8305257537760438e-05,8.5726270864991405e-09,8,0
multizone_office_simple_air,zone_bias_negative,legacy_rssm,constant_zero,tdis_tot,12,1.3315404449876223e-07,0.22112019290660179,-8.6149266553814385e-07,0.12537365795798922,5,1
multizone_office_simple_air,zone_bias_negative,legacy_rssm,constant_zero,control_cost_proxy,12,-2.5975507740305659e-06,-0.25307095377352501,-0.081741447713989501,2.6194607465335196e-06,8,0
multizone_office_simple_air,zone_bias_negative,legacy_rssm,constant_zero,control_discomfort_kh,12,0,0.045286433441931472,-5.7681789300545461e-06,4.7842216332583121e-05,5,4
multizone_office_simple_air,zone_bias_negative,legacy_rssm,constant_zero,control_energy_kwh,12,-6.569932343580831e-05,-2.2802182993131201,-0.53021532539847271,2.8449082059012198e-06,9,0
multizone_office_simple_air,zone_bias_negative,direct_h8_rssm,constant_zero,operational_score,12,3.4084228309654984e-07,0.0017972213437278458,-2.614218836518196e-08,0.0027632310795995046,3,0
multizone_office_simple_air,zone_bias_negative,direct_h8_rssm,constant_zero,cost_tot,12,2.3063414839388785e-08,0.00011000953536430284,-1.6884298846206458e-09,0.00017466245873248073,3,0
multizone_office_simple_air,zone_bias_negative,direct_h8_rssm,constant_zero,tdis_tot,12,1.4020535447911708e-07,0.069105163816300594,-7.7811442567021771e-07,0.067697486308819235,4,1
multizone_office_simple_air,zone_bias_negative,direct_h8_rssm,constant_zero,control_cost_proxy,12,2.8024290006811725e-05,0.19741237601768455,3.3688054115188493e-06,0.32467395433455604,1,0
multizone_office_simple_air,zone_bias_negative,direct_h8_rssm,constant_zero,control_discomfort_kh,12,0,-2.3803053158151974e-06,-3.8653737917115905e-06,1.0784084878423528e-06,3,6
multizone_office_simple_air,zone_bias_negative,direct_h8_rssm,constant_zero,control_energy_kwh,12,0.00025838651564669135,1.2997232362962585,2.6649700469505433e-05,1.5248318941149677,2,0
multizone_office_simple_air,zone_bias_negative,deterministic_wm,constant_zero,operational_score,12,-4.1436884131938939e-08,-0.0016570423708391752,-0.00037154498131432273,5.663343703941943e-08,8,0
multizone_office_simple_air,zone_bias_negative,deterministic_wm,constant_zero,cost_tot,12,-2.5836603147720572e-09,-0.00015377493159659137,-4.8406041246103725e-05,4.0459094000425133e-09,8,0
multizone_office_simple_air,zone_bias_negative,deterministic_wm,constant_zero,tdis_tot,12,1.3567092489452648e-06,0.22110082046108195,-1.1080020514558919e-06,0.12537907913226845,4,1
multizone_office_simple_air,zone_bias_negative,deterministic_wm,constant_zero,control_cost_proxy,12,-1.6198637644571079e-06,-0.25367661405746622,-0.081691731549989655,7.2111537803287717e-06,7,0
multizone_office_simple_air,zone_bias_negative,deterministic_wm,constant_zero,control_discomfort_kh,12,0,0.045274527970882161,-4.2106715270051609e-06,5.1533026841354967e-05,4,4
multizone_office_simple_air,zone_bias_negative,deterministic_wm,constant_zero,control_energy_kwh,12,-2.0175362115182338e-05,-2.2850963176818504,-0.52994593509556154,5.9881018565022259e-05,6,0
multizone_office_simple_air,zone_bias_negative,rc_supervisory_selector,constant_zero,operational_score,12,4.1587859332280973e-09,-2.3562834146937788e-06,-2.5035110214364493e-06,3.1756000810645226e-07,6,0
multizone_office_simple_air,zone_bias_negative,rc_supervisory_selector,constant_zero,cost_tot,12,9.3247857352318775e-11,-3.2662232321819334e-05,-1.6656068011064104e-07,2.0746089676032531e-08,6,0
multizone_office_simple_air,zone_bias_negative,rc_supervisory_selector,constant_zero,tdis_tot,12,1.1996537399028284e-06,0.17684403806118243,-1.1080020514558919e-06,0.12537880137293853,4,1
multizone_office_simple_air,zone_bias_negative,rc_supervisory_selector,constant_zero,control_cost_proxy,12,4.7704732066833344e-06,-0.051748186119842852,-0.0021411033701070892,1.9347483839027291e-05,6,0
multizone_office_simple_air,zone_bias_negative,rc_supervisory_selector,constant_zero,control_discomfort_kh,12,0,0.023069494862014039,-4.4956881524171877e-06,1.9665077601871417e-06,5,4
multizone_office_simple_air,zone_bias_negative,rc_supervisory_selector,constant_zero,control_energy_kwh,12,-2.0175362317687018e-05,-0.59987096959746256,-0.014355803503974585,0.00014532961881741358,6,0
multizone_office_simple_air,zone_bias_negative,tuned_rule_based,constant_zero,operational_score,12,-3.3962701064830795e-08,0.0010446976840355821,-1.9713829017726708e-07,1.3554927983057354e-06,7,0
multizone_office_simple_air,zone_bias_negative,tuned_rule_based,constant_zero,cost_tot,12,-2.1122169759774101e-09,5.5332051398491642e-05,-1.2178073333611594e-08,8.9978908454288464e-08,7,0
multizone_office_simple_air,zone_bias_negative,tuned_rule_based,constant_zero,tdis_tot,12,-8.0550489570119232e-08,0.087043947817056933,-2.2458365872557451e-06,0.11556896594841995,6,1
multizone_office_simple_air,zone_bias_negative,tuned_rule_based,constant_zero,control_cost_proxy,12,-2.7380129852261348e-07,0.10283496788824853,-9.3458466583484778e-06,0.0015340373278842634,6,0
multizone_office_simple_air,zone_bias_negative,tuned_rule_based,constant_zero,control_discomfort_kh,12,0,-1.4246626448037128e-05,-1.0042197388315799e-05,0,4,6
multizone_office_simple_air,zone_bias_negative,tuned_rule_based,constant_zero,control_energy_kwh,12,-4.103623538753709e-05,0.51774547778786639,-0.00013098846351056181,0.0090277163940299943,7,0
multizone_office_simple_air,zone_bias_negative,direct_h8_rssm,legacy_rssm,operational_score,12,1.2002129605264752e-07,0.0034539127031722894,0,0.0032215371244947002,2,3
multizone_office_simple_air,zone_bias_negative,direct_h8_rssm,legacy_rssm,cost_tot,12,8.1251063854467787e-09,0.00026376481111108806,0,0.00023056012028245705,2,3
multizone_office_simple_air,zone_bias_negative,direct_h8_rssm,legacy_rssm,tdis_tot,12,0,-0.15201502909030118,-0.05768023155220485,0,5,5
multizone_office_simple_air,zone_bias_negative,direct_h8_rssm,legacy_rssm,control_cost_proxy,12,1.8459279118587801e-05,0.45048332979120959,0,0.40602720131581993,1,3
multizone_office_simple_air,zone_bias_negative,direct_h8_rssm,legacy_rssm,control_discomfort_kh,12,0,-0.045288813747247282,-9.4853833445540658e-06,8.8598916647697479e-07,3,6
multizone_office_simple_air,zone_bias_negative,direct_h8_rssm,legacy_rssm,control_energy_kwh,12,0.00019163681648137754,3.5799415356093789,0,3.0969268932152403,1,3
multizone_office_simple_air,zone_bias_negative,deterministic_wm,direct_h8_rssm,operational_score,12,-2.8420884605713044e-07,-0.003454263714567021,-0.0032215538527301723,-6.5444792061762494e-08,10,0
multizone_office_simple_air,zone_bias_negative,deterministic_wm,direct_h8_rssm,cost_tot,12,-1.9017505439346272e-08,-0.00026378446696089419,-0.00023056203481168925,-4.1161254088310784e-09,10,0
multizone_office_simple_air,zone_bias_negative,deterministic_wm,direct_h8_rssm,tdis_tot,12,8.9943355607857711e-07,0.1519956566447814,-5.3053448306750184e-07,0.057684874056822669,5,1
multizone_office_simple_air,zone_bias_negative,deterministic_wm,direct_h8_rssm,control_cost_proxy,12,-2.9582096447988704e-05,-0.45108899007515074,-0.40603087722329523,3.8423483688099225e-06,8,0
multizone_office_simple_air,zone_bias_negative,deterministic_wm,direct_h8_rssm,control_discomfort_kh,12,5.2876757195008395e-07,0.045276908276197979,0,1.3507972411730407e-05,1,5
multizone_office_simple_air,zone_bias_negative,deterministic_wm,direct_h8_rssm,control_energy_kwh,12,-0.00028381933660170944,-3.5848195539781087,-3.0969685557141631,6.0647749101860882e-05,8,0
multizone_office_simple_air,zone_bias_negative,rc_supervisory_selector,deterministic_wm,operational_score,12,0,0.0016546860874244813,-1.5526701343085975e-08,9.1540354986648341e-08,5,2
multizone_office_simple_air,zone_bias_negative,rc_supervisory_selector,deterministic_wm,cost_tot,12,0,0.00012111269927477203,-3.6715015966706788e-10,6.0519231692007791e-09,5,2
multizone_office_simple_air,zone_bias_negative,rc_supervisory_selector,deterministic_wm,tdis_tot,12,0,-0.044256782399899552,-2.8471820452402596e-06,3.5195445502456124e-07,5,4
multizone_office_simple_air,zone_bias_negative,rc_supervisory_selector,deterministic_wm,control_cost_proxy,12,1.0600402990945668e-06,0.20192842793762336,-1.6875389974302379e-14,2.9606730872266951e-05,4,2
multizone_office_simple_air,zone_bias_negative,rc_supervisory_selector,deterministic_wm,control_discomfort_kh,12,0,-0.022205033108868122,-5.8316119940116096e-05,0,5,5
multizone_office_simple_air,zone_bias_negative,rc_supervisory_selector,deterministic_wm,control_energy_kwh,12,0,1.6852253480843877,-6.1420972844672406e-05,0.00020859444413190431,5,2
multizone_office_simple_air,zone_bias_negative,tuned_rule_based,deterministic_wm,operational_score,12,2.1068406391262591e-08,0.0027017400548747564,-1.7681393468584894e-07,8.0831323050939024e-07,5,0
multizone_office_simple_air,zone_bias_negative,tuned_rule_based,deterministic_wm,cost_tot,12,1.4118048286427404e-09,0.00020910698299508301,-1.134037568451679e-08,5.358143179753222e-08,5,0
multizone_office_simple_air,zone_bias_negative,tuned_rule_based,deterministic_wm,tdis_tot,12,-1.507445234638638e-06,-0.13405687264402502,-5.2972227833625318e-06,1.1406132760516385e-08,8,1
multizone_office_simple_air,zone_bias_negative,tuned_rule_based,deterministic_wm,control_cost_proxy,12,1.3460624659344944e-06,0.35651158194571475,-1.2658664310549739e-05,0.0003373961740278375,5,0
multizone_office_simple_air,zone_bias_negative,tuned_rule_based,deterministic_wm,control_discomfort_kh,12,-1.0698214317983457e-05,-0.045288774597330196,-6.8126411761681993e-05,0,6,4
multizone_office_simple_air,zone_bias_negative,tuned_rule_based,deterministic_wm,control_energy_kwh,12,2.400377421452049e-05,2.8028417954697162,-0.00019046470212913391,0.0065525531366077416,4,0
multizone_office_simple_air,zone_bias_positive,legacy_rssm,constant_zero,operational_score,12,-9.345763105070289e-08,-0.001656969599753484,-0.00037002788654407067,1.2362918628668628e-07,8,0
multizone_office_simple_air,zone_bias_positive,legacy_rssm,constant_zero,cost_tot,12,-6.1435204167827051e-09,-0.00015377365904810681,-4.8305257537760438e-05,8.5726270864991405e-09,8,0
multizone_office_simple_air,zone_bias_positive,legacy_rssm,constant_zero,tdis_tot,12,1.3315404449876223e-07,0.22112066506196068,-8.6149266553814385e-07,0.12537365795798922,5,1
multizone_office_simple_air,zone_bias_positive,legacy_rssm,constant_zero,control_cost_proxy,12,-4.5288078354133177e-07,-0.25248256604954067,-0.081363156483961419,1.1837319917162858e-05,7,0
multizone_office_simple_air,zone_bias_positive,legacy_rssm,constant_zero,control_discomfort_kh,12,0,0.045286639620171577,-5.7681789300545461e-06,4.9079285773245829e-05,5,4
multizone_office_simple_air,zone_bias_positive,legacy_rssm,constant_zero,control_energy_kwh,12,-4.8620002544907948e-05,-2.2766663161859957,-0.52997511499773964,9.2112513147668551e-05,8,0
multizone_office_simple_air,zone_bias_positive,direct_h8_rssm,constant_zero,operational_score,12,2.5277952320111239e-07,0.001710492502998967,-2.8399013445243268e-08,0.0022433388027566399,3,0
multizone_office_simple_air,zone_bias_positive,direct_h8_rssm,constant_zero,cost_tot,12,1.7593709780716615e-08,0.00010292323821223147,-1.7949277689166543e-09,0.0001321761430918833,3,0
multizone_office_simple_air,zone_bias_positive,direct_h8_rssm,constant_zero,tdis_tot,12,1.4020535447911708e-07,0.075443077788804949,-1.0370691898575757e-06,0.067694028582876223,4,1
multizone_office_simple_air,zone_bias_positive,direct_h8_rssm,constant_zero,control_cost_proxy,12,0.00270372489334747,0.18925128866110374,4.2993930930990132e-06,0.30329271527616442,0,0
multizone_office_simple_air,zone_bias_positive,direct_h8_rssm,constant_zero,control_discomfort_kh,12,0,-5.9322985161240161e-07,-3.8653737917115905e-06,1.0784084878423528e-06,3,6
multizone_office_simple_air,zone_bias_positive,direct_h8_rssm,constant_zero,control_energy_kwh,12,0.017945453349675233,1.1900217879657926,4.1270624389966315e-05,0.8313100782011702,1,0
multizone_office_simple_air,zone_bias_positive,deterministic_wm,constant_zero,operational_score,12,-6.412838032997515e-08,-0.0016569784711894253,-0.0003715381665947498,1.0000143649869199e-07,8,0
multizone_office_simple_air,zone_bias_positive,deterministic_wm,constant_zero,cost_tot,12,-4.0382905426745996e-09,-0.00015377413255373293,-4.8404803589927395e-05,7.1385814186947227e-09,8,0
multizone_office_simple_air,zone_bias_positive,deterministic_wm,constant_zero,tdis_tot,12,1.3586777906915426e-07,0.22112004392912085,-1.0835382419083217e-06,0.12537487670444863,4,1
multizone_office_simple_air,zone_bias_positive,deterministic_wm,constant_zero,control_cost_proxy,12,-2.5975507771391904e-06,-0.25367316944220214,-0.081689192193417526,9.1746318293672857e-06,7,0
multizone_office_simple_air,zone_bias_positive,deterministic_wm,constant_zero,control_discomfort_kh,12,0,0.045287071810047763,-4.3793040376272074e-06,4.9925850781562531e-05,5,4
multizone_office_simple_air,zone_bias_positive,deterministic_wm,constant_zero,control_energy_kwh,12,-3.8504985191423202e-05,-2.2850658600410561,-0.52991862169048431,6.2577186099588289e-05,7,0
multizone_office_simple_air,zone_bias_positive,rc_supervisory_selector,constant_zero,operational_score,12,4.927587039066554e-08,0.00051545473120524852,-1.2765512058997438e-07,1.6913010572227546e-06,6,0
multizone_office_simple_air,zone_bias_positive,rc_supervisory_selector,constant_zero,cost_tot,12,3.3768524938110334e-09,7.0608476196331134e-06,-8.2532690278379339e-09,1.1184301044412509e-07,6,0
multizone_office_simple_air,zone_bias_positive,rc_supervisory_selector,constant_zero,tdis_tot,12,-6.7492812783065403e-08,0.15307514889309196,-9.4642529946398213e-07,0.080740007696443239,6,1
multizone_office_simple_air,zone_bias_positive,rc_supervisory_selector,constant_zero,control_cost_proxy,12,2.6194607465335196e-06,0.015415238472077153,-7.1180698104633677e-06,0.0015838065074014196,5,0
multizone_office_simple_air,zone_bias_positive,rc_supervisory_selector,constant_zero,control_discomfort_kh,12,0,0.013370575590383757,-6.7883305945315442e-06,1.2113864521268169e-05,4,4
multizone_office_simple_air,zone_bias_positive,rc_supervisory_selector,constant_zero,control_energy_kwh,12,-2.645601728801239e-06,0.089644927945108435,-9.8984512554523008e-05,0.00066047966358695476,6,0
multizone_office_simple_air,zone_bias_positive,tuned_rule_based,constant_zero,operational_score,12,4.9129238163288973e-08,0.0019049421298141871,-1.0657969195756045e-07,0.0021917461080384754,5,0
multizone_office_simple_air,zone_bias_positive,tuned_rule_based,constant_zero,cost_tot,12,3.3034285432977095e-09,0.00011775447799610975,-6.4641338178451219e-09,0.00013582331025807203,5,0
multizone_office_simple_air,zone_bias_positive,tuned_rule_based,constant_zero,tdis_tot,12,2.7753355663628909e-07,0.066983866149917234,-2.2458365872557451e-06,0.057959924763348276,5,1
multizone_office_simple_air,zone_bias_positive,tuned_rule_based,constant_zero,control_cost_proxy,12,1.876093662644962e-07,0.20744421735558616,-8.1921068688650678e-06,0.28810924495183521,6,0
multizone_office_simple_air,zone_bias_positive,tuned_rule_based,constant_zero,control_discomfort_kh,12,0,-1.4246626448037128e-05,-1.0042197388315799e-05,0,4,6
multizone_office_simple_air,zone_bias_positive,tuned_rule_based,constant_zero,control_energy_kwh,12,-8.8619707394599345e-06,1.3523259482372803,-0.00011349886144174093,1.0863260691461107,7,0
multizone_office_simple_air,zone_bias_positive,direct_h8_rssm,legacy_rssm,operational_score,12,1.2002129605264752e-07,0.003367462102752451,0,0.0032215234064476659,2,3
multizone_office_simple_air,zone_bias_positive,direct_h8_rssm,legacy_rssm,cost_tot,12,8.1251063854467787e-09,0.00025669689726033829,0,0.00023055918364438526,2,3
multizone_office_simple_air,zone_bias_positive,direct_h8_rssm,legacy_rssm,tdis_tot,12,-1.3330937950195576e-06,-0.14567758727315569,-0.05768023155220485,0,7,4
multizone_office_simple_air,zone_bias_positive,direct_h8_rssm,legacy_rssm,control_cost_proxy,12,1.8459279118587801e-05,0.44173385471064441,0,0.40602571913622132,1,3
multizone_office_simple_air,zone_bias_positive,direct_h8_rssm,legacy_rssm,control_discomfort_kh,12,0,-0.045287232850023194,0,8.8598916647697479e-07,2,7
multizone_office_simple_air,zone_bias_positive,direct_h8_rssm,legacy_rssm,control_energy_kwh,12,0.00019163681648137754,3.4666881041517885,0,3.0969017202690452,1,3
multizone_office_simple_air,zone_bias_positive,deterministic_wm,direct_h8_rssm,operational_score,12,-2.4650271728040295e-07,-0.0033674709741883923,-0.0032215234064476915,3.9791838167719781e-08,8,0
multizone_office_simple_air,zone_bias_positive,deterministic_wm,direct_h8_rssm,cost_tot,12,-1.6139808416831825e-08,-0.00025669737076596438,-0.000230559183644387,2.6693060006278968e-09,8,0
multizone_office_simple_air,zone_bias_positive,deterministic_wm,direct_h8_rssm,tdis_tot,12,3.9226048753615572e-07,0.14567696614031592,-3.05423816238104e-07,0.057680848121572412,3,2
multizone_office_simple_air,zone_bias_positive,deterministic_wm,direct_h8_rssm,control_cost_proxy,12,-0.0014961060099665247,-0.44292445810330588,-0.4060257191362231,-5.9147954534211067e-06,10,0
multizone_office_simple_air,zone_bias_positive,deterministic_wm,direct_h8_rssm,control_discomfort_kh,12,0,0.045287665039899373,-1.7490283497068049e-06,1.2270902971067699e-05,3,4
multizone_office_simple_air,zone_bias_positive,deterministic_wm,direct_h8_rssm,control_energy_kwh,12,-0.015389464192054447,-3.4750876480068484,-3.0969017202690594,-5.5745182589106435e-05,10,0
multizone_office_simple_air,zone_bias_positive,rc_supervisory_selector,deterministic_wm,operational_score,12,2.9692044684365702e-10,0.002172433202394674,-2.847617748632033e-08,0.00029585096041915009,5,0
multizone_office_simple_air,zone_bias_positive,rc_supervisory_selector,deterministic_wm,cost_tot,12,2.0273074885501785e-11,0.00016083498017336605,-2.1203909964656598e-09,2.1128847631653701e-05,5,0
multizone_office_simple_air,zone_bias_positive,rc_supervisory_selector,deterministic_wm,tdis_tot,12,-2.1816437134614119e-07,-0.06804489503602891,-0.0050554480530800028,3.05423816238104e-07,6,3
multizone_office_simple_air,zone_bias_positive,rc_supervisory_selector,deterministic_wm,control_cost_proxy,12,4.2547124179392881e-07,0.26908840791427929,-1.8916212862762904e-06,0.034247854556612722,5,0
multizone_office_simple_air,zone_bias_positive,rc_supervisory_selector,deterministic_wm,control_discomfort_kh,12,-2.7621300588975828e-06,-0.031916496219664005,-8.8910785400742043e-05,0,7,4
multizone_office_simple_air,zone_bias_positive,rc_supervisory_selector,deterministic_wm,control_energy_kwh,12,-1.7408297026122455e-13,2.3747107879861642,-7.6819384588588946e-05,0.19272354559487326,6,0
multizone_office_simple_air,zone_bias_positive,tuned_rule_based,deterministic_wm,operational_score,12,1.2858211675128785e-08,0.0035619206010036124,-1.0698935106771978e-07,0.0036211127948768589,5,0
multizone_office_simple_air,zone_bias_positive,tuned_rule_based,deterministic_wm,cost_tot,12,9.0914387498343407e-10,0.00027152861054984266,-7.0294561465081284e-09,0.00025962990102162443,5,0
multizone_office_simple_air,zone_bias_positive,tuned_rule_based,deterministic_wm,tdis_tot,12,-1.3599392505447838e-06,-0.15413617777920363,-0.067414951941100351,-2.6852501350260738e-07,9,1
multizone_office_simple_air,zone_bias_positive,tuned_rule_based,deterministic_wm,control_cost_proxy,12,-9.5782346942741015e-07,0.4611173867977883,-8.0538625759629667e-06,0.4411344256426748,6,0
multizone_office_simple_air,zone_bias_positive,tuned_rule_based,deterministic_wm,control_discomfort_kh,12,-8.4204183963265677e-06,-0.045301318436495798,-6.8126411761681993e-05,0,6,4
multizone_office_simple_air,zone_bias_positive,tuned_rule_based,deterministic_wm,control_energy_kwh,12,-1.1706879126549552e-05,3.6373918082783363,-0.00010303785205678651,3.2818615698170746,6,0
multizone_office_simple_air,zone_drift_negative,legacy_rssm,constant_zero,operational_score,12,-9.345763105070289e-08,-0.001656969599753484,-0.00037002788654407067,1.2362918628668628e-07,8,0
multizone_office_simple_air,zone_drift_negative,legacy_rssm,constant_zero,cost_tot,12,-6.1435204167827051e-09,-0.00015377365904810681,-4.8305257537760438e-05,8.5726270864991405e-09,8,0
multizone_office_simple_air,zone_drift_negative,legacy_rssm,constant_zero,tdis_tot,12,1.3315404449876223e-07,0.22112066506196068,-8.6149266553814385e-07,0.12537365795798922,5,1
multizone_office_simple_air,zone_drift_negative,legacy_rssm,constant_zero,control_cost_proxy,12,-4.5288078354133177e-07,-0.25248256604954067,-0.081363156483961419,1.1837319917162858e-05,7,0
multizone_office_simple_air,zone_drift_negative,legacy_rssm,constant_zero,control_discomfort_kh,12,0,0.045286639620171577,-5.7681789300545461e-06,4.9079285773245829e-05,5,4
multizone_office_simple_air,zone_drift_negative,legacy_rssm,constant_zero,control_energy_kwh,12,-4.8620002544907948e-05,-2.2766663161859957,-0.52997511499773964,9.2112513147668551e-05,8,0
multizone_office_simple_air,zone_drift_negative,direct_h8_rssm,constant_zero,operational_score,12,2.5277952320111239e-07,0.0017971412158061112,-2.8399013445243268e-08,0.0027632310795995046,3,0
multizone_office_simple_air,zone_drift_negative,direct_h8_rssm,constant_zero,cost_tot,12,1.7593709780716615e-08,0.00011000429081899771,-1.7949277689166543e-09,0.00017466245873248073,3,0
multizone_office_simple_air,zone_drift_negative,direct_h8_rssm,constant_zero,tdis_tot,12,1.4020535447911708e-07,0.069105016524874927,-1.0370691898575757e-06,0.067694028582876223,4,1
multizone_office_simple_air,zone_drift_negative,direct_h8_rssm,constant_zero,control_cost_proxy,12,0.00270372489334747,0.19821502149528306,4.2993930930990132e-06,0.32467395433455604,0,0
multizone_office_simple_air,zone_drift_negative,direct_h8_rssm,constant_zero,control_discomfort_kh,12,0,-5.9322985161240161e-07,-3.8653737917115905e-06,1.0784084878423528e-06,3,6
multizone_office_simple_air,zone_drift_negative,direct_h8_rssm,constant_zero,control_energy_kwh,12,0.017945453349675233,1.3056087572847588,4.1270624389966315e-05,1.5248318941149677,1,0
multizone_office_simple_air,zone_drift_negative,deterministic_wm,constant_zero,operational_score,12,-3.563916646263477e-08,-0.0016570301710176771,-0.00037157411764957552,1.6837489838296278e-07,8,0
multizone_office_simple_air,zone_drift_negative,deterministic_wm,constant_zero,cost_tot,12,-2.1878049072908412e-09,-0.00015377381475714389,-4.8406576442542974e-05,1.1486276299023379e-08,8,0
multizone_office_simple_air,zone_drift_negative,deterministic_wm,constant_zero,tdis_tot,12,8.0851131090131645e-07,0.22109898453326682,-1.1080020514558919e-06,0.12537116699139045,4,1
multizone_office_simple_air,zone_drift_negative,deterministic_wm,constant_zero,control_cost_proxy,12,-7.3362521169073602e-07,-0.25367292717937778,-0.081692513169211445,1.1136659418209405e-05,7,0
multizone_office_simple_air,zone_drift_negative,deterministic_wm,constant_zero,control_discomfort_kh,12,0,0.045274480949408037,-3.6945516157516067e-06,5.1533026841354967e-05,4,4
multizone_office_simple_air,zone_drift_negative,deterministic_wm,constant_zero,control_energy_kwh,12,-8.457222540059206e-06,-2.2850541249267957,-0.52995694429449713,0.00011060679354812919,6,0
multizone_office_simple_air,zone_drift_negative,rc_supervisory_selector,constant_zero,operational_score,12,4.1587859332280973e-09,-2.2540011131876166e-06,-2.4630526322125298e-06,3.1756000810645226e-07,6,0
multizone_office_simple_air,zone_drift_negative,rc_supervisory_selector,constant_zero,cost_tot,12,9.3247857352318775e-11,-3.2656725301889702e-05,-1.6367192528848537e-07,2.0746089676032531e-08,6,0
multizone_office_simple_air,zone_drift_negative,rc_supervisory_selector,constant_zero,tdis_tot,12,1.1996537399028284e-06,0.176851972292667,-1.1080020514558919e-06,0.12538128498039916,4,1
multizone_office_simple_air,zone_drift_negative,rc_supervisory_selector,constant_zero,control_cost_proxy,12,4.7704732066833344e-06,-0.051686305326548908,-0.0021411033701070892,1.9347483839027291e-05,6,0
multizone_office_simple_air,zone_drift_negative,rc_supervisory_selector,constant_zero,control_discomfort_kh,12,0,0.02307561281905161,-4.4956881524171877e-06,1.9665077601871417e-06,5,4
multizone_office_simple_air,zone_drift_negative,rc_supervisory_selector,constant_zero,control_energy_kwh,12,1.9027046382902313e-05,-0.59950284477635452,-0.012617967095849281,0.00018316162317688622,5,0
multizone_office_simple_air,zone_drift_negative,tuned_rule_based,constant_zero,operational_score,12,-3.3962701064830795e-08,0.0010446976840355821,-1.9713829017726708e-07,1.3554927983057354e-06,7,0
multizone_office_simple_air,zone_drift_negative,tuned_rule_based,constant_zero,cost_tot,12,-2.1122169759774101e-09,5.5332051398491642e-05,-1.2178073333611594e-08,8.9978908454288464e-08,7,0
multizone_office_simple_air,zone_drift_negative,tuned_rule_based,constant_zero,tdis_tot,12,-8.0550489570119232e-08,0.087043947817056933,-2.2458365872557451e-06,0.11556896594841995,6,1
multizone_office_simple_air,zone_drift_negative,tuned_rule_based,constant_zero,control_cost_proxy,12,-2.7380129852261348e-07,0.10283496788824853,-9.3458466583484778e-06,0.0015340373278842634,6,0
multizone_office_simple_air,zone_drift_negative,tuned_rule_based,constant_zero,control_discomfort_kh,12,0,-1.4246626448037128e-05,-1.0042197388315799e-05,0,4,6
multizone_office_simple_air,zone_drift_negative,tuned_rule_based,constant_zero,control_energy_kwh,12,-4.103623538753709e-05,0.51774547778786639,-0.00013098846351056181,0.0090277163940299943,7,0
multizone_office_simple_air,zone_drift_negative,direct_h8_rssm,legacy_rssm,operational_score,12,1.2002129605264752e-07,0.0034541108155595954,0,0.0032215371244947002,2,3
multizone_office_simple_air,zone_drift_negative,direct_h8_rssm,legacy_rssm,cost_tot,12,8.1251063854467787e-09,0.00026377794986710449,0,0.00023056012028245705,2,3
multizone_office_simple_air,zone_drift_negative,direct_h8_rssm,legacy_rssm,tdis_tot,12,-1.3330937950195576e-06,-0.15201564853708568,-0.05768023155220485,0,7,4
multizone_office_simple_air,zone_drift_negative,direct_h8_rssm,legacy_rssm,control_cost_proxy,12,1.8459279118587801e-05,0.45069758754482375,0,0.40602720131581993,1,3
multizone_office_simple_air,zone_drift_negative,direct_h8_rssm,legacy_rssm,control_discomfort_kh,12,0,-0.045287232850023194,0,8.8598916647697479e-07,2,7
multizone_office_simple_air,zone_drift_negative,direct_h8_rssm,legacy_rssm,control_energy_kwh,12,0.00019163681648137754,3.5822750734707545,0,3.0969268932152403,1,3
multizone_office_simple_air,zone_drift_negative,deterministic_wm,direct_h8_rssm,operational_score,12,-1.5756412096037988e-07,-0.0034541713868237876,-0.003221577191347756,4.5080074387513306e-08,9,0
multizone_office_simple_air,zone_drift_negative,deterministic_wm,direct_h8_rssm,cost_tot,12,-1.0591099904207202e-08,-0.00026377810557614163,-0.00023056217415272102,3.0588162237485395e-09,9,0
multizone_office_simple_air,zone_drift_negative,deterministic_wm,direct_h8_rssm,tdis_tot,12,1.2889600443655169e-06,0.15199396800839196,-3.2064775429274661e-07,0.057677220870708854,4,1
multizone_office_simple_air,zone_drift_negative,deterministic_wm,direct_h8_rssm,control_cost_proxy,12,-0.0014959281851734119,-0.45188794867466081,-0.40603077260396425,-5.0282002117540969e-07,9,0
multizone_office_simple_air,zone_drift_negative,deterministic_wm,direct_h8_rssm,control_discomfort_kh,12,5.2876757195008395e-07,0.045275074179259654,0,1.3314726444946245e-05,2,4
multizone_office_simple_air,zone_drift_negative,deterministic_wm,direct_h8_rssm,control_energy_kwh,12,-0.015392256808496541,-3.5906628822115549,-3.0969678467735235,-7.1080508590171121e-08,9,0
multizone_office_simple_air,zone_drift_negative,rc_supervisory_selector,deterministic_wm,operational_score,12,9.7013852777002106e-09,0.0016547761699044899,-5.7977177814014191e-09,5.9243513779948763e-08,5,1
multizone_office_simple_air,zone_drift_negative,rc_supervisory_selector,deterministic_wm,cost_tot,12,5.3519643924970772e-10,0.0001211170894552542,-3.9585541485379072e-10,2.9545850089435222e-09,5,1
multizone_office_simple_air,zone_drift_negative,rc_supervisory_selector,deterministic_wm,tdis_tot,12,3.918797397695073e-08,-0.044247012240599903,0,3.5217277578603046e-06,2,4
multizone_office_simple_air,zone_drift_negative,rc_supervisory_selector,deterministic_wm,control_cost_proxy,12,-1.6875389974302379e-14,0.20198662185282887,-6.9925226569012011e-06,9.300297858949591e-06,7,1
multizone_office_simple_air,zone_drift_negative,rc_supervisory_selector,deterministic_wm,control_discomfort_kh,12,0,-0.022198868130356431,-5.0611242272680101e-05,3.5933170039470497e-07,4,5
multizone_office_simple_air,zone_drift_negative,rc_supervisory_selector,deterministic_wm,control_energy_kwh,12,-1.1718139777627812e-05,1.6855512801504411,-0.00017906247380494733,1.1009198935596487e-05,8,1
multizone_office_simple_air,zone_drift_negative,tuned_rule_based,deterministic_wm,operational_score,12,-2.2163414632457235e-08,0.0027017278550532597,-1.7681393468584894e-07,8.0067090670988787e-07,6,0
multizone_office_simple_air,zone_drift_negative,tuned_rule_based,deterministic_wm,cost_tot,12,-1.2327630504946341e-09,0.00020910586615563553,-1.134037568451679e-08,5.1553354111708027e-08,6,0
multizone_office_simple_air,zone_drift_negative,tuned_rule_based,deterministic_wm,tdis_tot,12,-1.507445234638638e-06,-0.13405503671620994,-5.2972227833625318e-06,1.1406132760516385e-08,8,1
multizone_office_simple_air,zone_drift_negative,tuned_rule_based,deterministic_wm,control_cost_proxy,12,-1.5280068126344304e-06,0.35650789506762631,-1.2658664310549739e-05,0.00033109740775660867,6,0
multizone_office_simple_air,zone_drift_negative,tuned_rule_based,deterministic_wm,control_discomfort_kh,12,-1.0698214317983457e-05,-0.045288727575856079,-6.8126411761681993e-05,0,6,4
multizone_office_simple_air,zone_drift_negative,tuned_rule_based,deterministic_wm,control_energy_kwh,12,3.4595727544939336e-06,2.802799602714662,-0.00019046470212913391,0.0065175190202495514,5,0
multizone_office_simple_air,zone_drift_positive,legacy_rssm,constant_zero,operational_score,12,-9.345763105070289e-08,-0.001656969599753484,-0.00037002788654407067,1.2362918628668628e-07,8,0
multizone_office_simple_air,zone_drift_positive,legacy_rssm,constant_zero,cost_tot,12,-6.1435204167827051e-09,-0.00015377365904810681,-4.8305257537760438e-05,8.5726270864991405e-09,8,0
multizone_office_simple_air,zone_drift_positive,legacy_rssm,constant_zero,tdis_tot,12,1.3315404449876223e-07,0.22112066506196068,-8.6149266553814385e-07,0.12537365795798922,5,1
multizone_office_simple_air,zone_drift_positive,legacy_rssm,constant_zero,control_cost_proxy,12,-4.5288078354133177e-07,-0.25248256604954067,-0.081363156483961419,1.1837319917162858e-05,7,0
multizone_office_simple_air,zone_drift_positive,legacy_rssm,constant_zero,control_discomfort_kh,12,0,0.045286639620171577,-5.7681789300545461e-06,4.9079285773245829e-05,5,4
multizone_office_simple_air,zone_drift_positive,legacy_rssm,constant_zero,control_energy_kwh,12,-4.8620002544907948e-05,-2.2766663161859957,-0.52997511499773964,9.2112513147668551e-05,8,0
multizone_office_simple_air,zone_drift_positive,direct_h8_rssm,constant_zero,operational_score,12,2.5277952320111239e-07,0.0017971389294649386,-2.8399013445243268e-08,0.0027632173615524704,3,0
multizone_office_simple_air,zone_drift_positive,direct_h8_rssm,constant_zero,cost_tot,12,1.7593709780716615e-08,0.00011000413471265241,-1.7949277689166543e-09,0.00017466152209440894,3,0
multizone_office_simple_air,zone_drift_positive,direct_h8_rssm,constant_zero,tdis_tot,12,1.4020535447911708e-07,0.069105016524874927,-1.0370691898575757e-06,0.067694028582876223,4,1
multizone_office_simple_air,zone_drift_positive,direct_h8_rssm,constant_zero,control_cost_proxy,12,0.00270372489334747,0.19821477446534996,4.2993930930990132e-06,0.32467247215495743,0,0
multizone_office_simple_air,zone_drift_positive,direct_h8_rssm,constant_zero,control_discomfort_kh,12,0,-5.9322985161240161e-07,-3.8653737917115905e-06,1.0784084878423528e-06,3,6
multizone_office_simple_air,zone_drift_positive,direct_h8_rssm,constant_zero,control_energy_kwh,12,0.017945453349675233,1.3056045617937262,4.1270624389966315e-05,1.5248067211687726,1,0
multizone_office_simple_air,zone_drift_positive,deterministic_wm,constant_zero,operational_score,12,-6.9109493479398548e-08,-0.0016569854330690499,-0.0003715381665947498,6.7203397370697372e-08,8,0
multizone_office_simple_air,zone_drift_positive,deterministic_wm,constant_zero,cost_tot,12,-4.3248931679874814e-09,-0.00015377459267392198,-4.8404803589927395e-05,4.6644629096703749e-09,8,0
multizone_office_simple_air,zone_drift_positive,deterministic_wm,constant_zero,tdis_tot,12,1.3315404449876223e-07,0.2211200565885548,-1.5576296555908087e-06,0.12537487670444863,5,1
multizone_office_simple_air,zone_drift_positive,deterministic_wm,constant_zero,control_cost_proxy,12,-2.5975507771391904e-06,-0.25367394047267894,-0.081689192193417526,8.3990327208738336e-06,7,0
multizone_office_simple_air,zone_drift_positive,deterministic_wm,constant_zero,control_discomfort_kh,12,0,0.045288219539674657,-1.7195663062352651e-06,5.2680946133421003e-05,3,4
multizone_office_simple_air,zone_drift_positive,deterministic_wm,constant_zero,control_energy_kwh,12,-3.8504985191423202e-05,-2.2850761141634899,-0.5299472088621684,5.1362172584390464e-05,7,0
multizone_office_simple_air,zone_drift_positive,rc_supervisory_selector,constant_zero,operational_score,12,4.8978949981932147e-08,-1.9497659182453344e-06,-2.491392921015538e-06,2.4355391236683248e-07,6,0
multizone_office_simple_air,zone_drift_positive,rc_supervisory_selector,constant_zero,cost_tot,12,3.2318893793820136e-09,-3.2638989838421712e-05,-1.6542632356141007e-07,1.6679835372276908e-08,6,0
multizone_office_simple_air,zone_drift_positive,rc_supervisory_selector,constant_zero,tdis_tot,12,1.3315404449876223e-07,0.17686625687426938,-7.8842895090414089e-07,0.12537708255257934,5,1
multizone_office_simple_air,zone_drift_positive,rc_supervisory_selector,constant_zero,control_cost_proxy,12,2.5670682712863879e-06,-0.05164343457907291,-0.0019648468182205114,1.7258590943924901e-05,5,0
multizone_office_simple_air,zone_drift_positive,rc_supervisory_selector,constant_zero,control_discomfort_kh,12,0,0.023084682512045873,-4.8656616087328075e-06,1.2113864521268169e-05,3,4
multizone_office_simple_air,zone_drift_positive,rc_supervisory_selector,constant_zero,control_energy_kwh,12,2.8449082059012198e-06,-0.5991331139388224,-0.010977827844918409,0.0001480151416117792,6,0
multizone_office_simple_air,zone_drift_positive,tuned_rule_based,constant_zero,operational_score,12,5.7701615464567782e-08,0.0016093872891882483,-1.1610165117247091e-07,0.002130094842888044,6,0
multizone_office_simple_air,zone_drift_positive,tuned_rule_based,constant_zero,cost_tot,12,3.9642559573546676e-09,9.6552197357213396e-05,-7.100093121726811e-09,0.00013144055066462591,6,0
multizone_office_simple_air,zone_drift_positive,tuned_rule_based,constant_zero,tdis_tot,12,-8.0550489570119232e-08,0.072547026030110248,-2.2458365872557451e-06,0.076154529570939905,6,1
multizone_office_simple_air,zone_drift_positive,tuned_rule_based,constant_zero,control_cost_proxy,12,3.0907791126466577e-07,0.17144934968881453,-7.3126570523385226e-06,0.24103047133438604,5,0
multizone_office_simple_air,zone_drift_positive,tuned_rule_based,constant_zero,control_discomfort_kh,12,0,-1.4246626448037128e-05,-1.0042197388315799e-05,0,4,6
multizone_office_simple_air,zone_drift_positive,tuned_rule_based,constant_zero,control_energy_kwh,12,-4.9976497855652724e-06,1.2043437437200091,-0.00010118705243655768,1.0434668597645214,6,0
multizone_office_simple_air,zone_drift_positive,direct_h8_rssm,legacy_rssm,operational_score,12,1.2002129605264752e-07,0.003454108529218423,0,0.0032215234064476659,2,3
multizone_office_simple_air,zone_drift_positive,direct_h8_rssm,legacy_rssm,cost_tot,12,8.1251063854467787e-09,0.00026377779376075919,0,0.00023055918364438526,2,3
multizone_office_simple_air,zone_drift_positive,direct_h8_rssm,legacy_rssm,tdis_tot,12,-1.3330937950195576e-06,-0.15201564853708568,-0.05768023155220485,0,7,4
multizone_office_simple_air,zone_drift_positive,direct_h8_rssm,legacy_rssm,control_cost_proxy,12,1.8459279118587801e-05,0.45069734051489063,0,0.40602571913622132,1,3
multizone_office_simple_air,zone_drift_positive,direct_h8_rssm,legacy_rssm,control_discomfort_kh,12,0,-0.045287232850023194,0,8.8598916647697479e-07,2,7
multizone_office_simple_air,zone_drift_positive,direct_h8_rssm,legacy_rssm,control_energy_kwh,12,0.00019163681648137754,3.5822708779797221,0,3.0969017202690452,1,3
multizone_office_simple_air,zone_drift_positive,deterministic_wm,direct_h8_rssm,operational_score,12,-2.8197424804709491e-07,-0.0034541243625339888,-0.0032215234064476915,3.9791838167719781e-08,8,0
multizone_office_simple_air,zone_drift_positive,deterministic_wm,direct_h8_rssm,cost_tot,12,-1.8913463106437489e-08,-0.00026377872738657442,-0.000230559183644387,2.6693060006278968e-09,8,0
multizone_office_simple_air,zone_drift_positive,deterministic_wm,direct_h8_rssm,tdis_tot,12,3.9226048753615572e-07,0.15201504006367983,-3.05423816238104e-07,0.057680848121572412,3,2
multizone_office_simple_air,zone_drift_positive,deterministic_wm,direct_h8_rssm,control_cost_proxy,12,-0.0015017799801739784,-0.4518887149380289,-0.4060257191362231,-2.938061901325284e-06,9,0
multizone_office_simple_air,zone_drift_positive,deterministic_wm,direct_h8_rssm,control_discomfort_kh,12,5.0979311794208115e-07,0.045288812769526267,0,1.3024560558960729e-05,2,4
multizone_office_simple_air,zone_drift_positive,deterministic_wm,direct_h8_rssm,control_energy_kwh,12,-0.015465953196013515,-3.5906806759572163,-3.0969017202690594,-4.1266942972129073e-05,9,0
multizone_office_simple_air,zone_drift_positive,rc_supervisory_selector,deterministic_wm,operational_score,12,1.2703422948560672e-17,0.0016550356671508049,-2.288224791127081e-08,9.8384887038700225e-08,4,2
multizone_office_simple_air,zone_drift_positive,rc_supervisory_selector,deterministic_wm,cost_tot,12,8.6736173798840355e-19,0.00012113560283550028,-1.7947078649604986e-09,6.3168421760712024e-09,4,2
multizone_office_simple_air,zone_drift_positive,rc_supervisory_selector,deterministic_wm,tdis_tot,12,0,-0.044253799714285336,-2.1816437134614119e-07,1.392769513053338e-06,3,5
multizone_office_simple_air,zone_drift_positive,rc_supervisory_selector,deterministic_wm,control_cost_proxy,12,0,0.20203050589360605,-1.4721655787752752e-06,1.5065066071073829e-05,5,2
multizone_office_simple_air,zone_drift_positive,rc_supervisory_selector,deterministic_wm,control_discomfort_kh,12,-1.5100809349632982e-06,-0.022203537027628784,-5.0391196978694097e-05,0,6,5
multizone_office_simple_air,zone_drift_positive,rc_supervisory_selector,deterministic_wm,control_energy_kwh,12,-1.9539925233402755e-13,1.6859430002246676,-7.6819384588588946e-05,3.5527136788005009e-14,6,2
multizone_office_simple_air,zone_drift_positive,tuned_rule_based,deterministic_wm,operational_score,12,-1.2637801248671924e-09,0.0032663727222572987,-6.6072521163358703e-08,0.0025565866992714563,6,0
multizone_office_simple_air,zone_drift_positive,tuned_rule_based,deterministic_wm,cost_tot,12,-7.0532581728302568e-11,0.00025032679003113539,-4.0913458922847701e-09,0.00018276029034700828,6,0
multizone_office_simple_air,zone_drift_positive,tuned_rule_based,deterministic_wm,tdis_tot,12,-1.507445234638638e-06,-0.14857303055844454,-0.044638292893074707,-2.6756128762572828e-07,10,1
multizone_office_simple_air,zone_drift_positive,tuned_rule_based,deterministic_wm,control_cost_proxy,12,-4.2227256269455893e-07,0.42512329016149347,-8.0538625759629667e-06,0.32118846413438096,7,0
multizone_office_simple_air,zone_drift_positive,tuned_rule_based,deterministic_wm,control_discomfort_kh,12,-1.3598217556420877e-05,-0.045302466166122692,-6.8126411761681993e-05,0,7,4
multizone_office_simple_air,zone_drift_positive,tuned_rule_based,deterministic_wm,control_energy_kwh,12,-7.8425581726548899e-06,3.4894198578834992,-0.00011368393418820233,3.2338379514201563,7,0
multizone_office_simple_air,zone_stuck,legacy_rssm,constant_zero,operational_score,12,-9.345763105070289e-08,-0.001656969599753484,-0.00037002788654407067,1.2362918628668628e-07,8,0
multizone_office_simple_air,zone_stuck,legacy_rssm,constant_zero,cost_tot,12,-6.1435204167827051e-09,-0.00015377365904810681,-4.8305257537760438e-05,8.5726270864991405e-09,8,0
multizone_office_simple_air,zone_stuck,legacy_rssm,constant_zero,tdis_tot,12,1.3315404449876223e-07,0.22112066506196068,-8.6149266553814385e-07,0.12537365795798922,5,1
multizone_office_simple_air,zone_stuck,legacy_rssm,constant_zero,control_cost_proxy,12,-4.5288078354133177e-07,-0.25248256604954067,-0.081363156483961419,1.1837319917162858e-05,7,0
multizone_office_simple_air,zone_stuck,legacy_rssm,constant_zero,control_discomfort_kh,12,0,0.045286639620171577,-5.7681789300545461e-06,4.9079285773245829e-05,5,4
multizone_office_simple_air,zone_stuck,legacy_rssm,constant_zero,control_energy_kwh,12,-4.8620002544907948e-05,-2.2766663161859957,-0.52997511499773964,9.2112513147668551e-05,8,0
multizone_office_simple_air,zone_stuck,direct_h8_rssm,constant_zero,operational_score,12,2.5277952320111239e-07,0.0017971412158061112,-2.8399013445243268e-08,0.0027632310795995046,3,0
multizone_office_simple_air,zone_stuck,direct_h8_rssm,constant_zero,cost_tot,12,1.7593709780716615e-08,0.00011000429081899771,-1.7949277689166543e-09,0.00017466245873248073,3,0
multizone_office_simple_air,zone_stuck,direct_h8_rssm,constant_zero,tdis_tot,12,1.4020535447911708e-07,0.069105016524874927,-1.0370691898575757e-06,0.067694028582876223,4,1
multizone_office_simple_air,zone_stuck,direct_h8_rssm,constant_zero,control_cost_proxy,12,0.00270372489334747,0.19821502149528306,4.2993930930990132e-06,0.32467395433455604,0,0
multizone_office_simple_air,zone_stuck,direct_h8_rssm,constant_zero,control_discomfort_kh,12,0,-5.9322985161240161e-07,-3.8653737917115905e-06,1.0784084878423528e-06,3,6
multizone_office_simple_air,zone_stuck,direct_h8_rssm,constant_zero,control_energy_kwh,12,0.017945453349675233,1.3056087572847588,4.1270624389966315e-05,1.5248318941149677,1,0
multizone_office_simple_air,zone_stuck,deterministic_wm,constant_zero,operational_score,12,-8.4952152197630443e-08,-0.0016569801820872098,-0.00037157411764957552,1.1867073316851991e-07,8,0
multizone_office_simple_air,zone_stuck,deterministic_wm,constant_zero,cost_tot,12,-5.2161966039923624e-09,-0.00015377419704639298,-4.8406576442542974e-05,7.8759411310455607e-09,8,0
multizone_office_simple_air,zone_stuck,deterministic_wm,constant_zero,tdis_tot,12,1.4035703332915261e-07,0.2211199133993634,-9.2555820058182192e-07,0.12537116699139045,5,1
multizone_office_simple_air,zone_stuck,deterministic_wm,constant_zero,control_cost_proxy,12,-4.8331286306435572e-07,-0.25367324025203847,-0.081692513169211445,1.2029599738117014e-05,7,0
multizone_office_simple_air,zone_stuck,deterministic_wm,constant_zero,control_discomfort_kh,12,0,0.045288251572548198,-1.5273690650019489e-06,5.2680946133421003e-05,3,4
multizone_office_simple_air,zone_stuck,deterministic_wm,constant_zero,control_energy_kwh,12,-5.8262682838261526e-06,-2.2850647698212252,-0.52998553146618121,0.00010249272751394756,6,0
multizone_office_simple_air,zone_stuck,rc_supervisory_selector,constant_zero,operational_score,12,9.0321693541611201e-09,-2.1970708035587497e-06,-2.4495539056410585e-06,2.5258653672883294e-07,6,0
multizone_office_simple_air,zone_stuck,rc_supervisory_selector,constant_zero,cost_tot,12,8.6692406682173373e-10,-3.265163695971787e-05,-1.6281093425329039e-07,1.7188970677373128e-08,6,0
multizone_office_simple_air,zone_stuck,rc_supervisory_selector,constant_zero,tdis_tot,12,5.949592002396642e-08,0.17684312815177491,-2.3775345857068864e-06,0.12537708255257934,5,1
multizone_office_simple_air,zone_stuck,rc_supervisory_selector,constant_zero,control_cost_proxy,12,3.5090826022710075e-07,-0.051659336518254641,-0.0019640029873215781,1.746316565309769e-05,5,0
multizone_office_simple_air,zone_stuck,rc_supervisory_selector,constant_zero,control_discomfort_kh,12,0,0.0230744971876445,-3.5729532612549519e-06,1.2925499525806572e-05,4,4
multizone_office_simple_air,zone_stuck,rc_supervisory_selector,constant_zero,control_energy_kwh,12,7.5079580064141282e-06,-0.59921392750918245,-0.010965028667129673,0.00016515878002820727,5,0
multizone_office_simple_air,zone_stuck,tuned_rule_based,constant_zero,operational_score,12,-3.3962701064830795e-08,0.0010446976840355821,-1.9713829017726708e-07,1.3554927983057354e-06,7,0
multizone_office_simple_air,zone_stuck,tuned_rule_based,constant_zero,cost_tot,12,-2.1122169759774101e-09,5.5332051398491642e-05,-1.2178073333611594e-08,8.9978908454288464e-08,7,0
multizone_office_simple_air,zone_stuck,tuned_rule_based,constant_zero,tdis_tot,12,-8.0550489570119232e-08,0.087043947817056933,-2.2458365872557451e-06,0.11556896594841995,6,1
multizone_office_simple_air,zone_stuck,tuned_rule_based,constant_zero,control_cost_proxy,12,-2.7380129852261348e-07,0.10283496788824853,-9.3458466583484778e-06,0.0015340373278842634,6,0
multizone_office_simple_air,zone_stuck,tuned_rule_based,constant_zero,control_discomfort_kh,12,0,-1.4246626448037128e-05,-1.0042197388315799e-05,0,4,6
multizone_office_simple_air,zone_stuck,tuned_rule_based,constant_zero,control_energy_kwh,12,-4.103623538753709e-05,0.51774547778786639,-0.00013098846351056181,0.0090277163940299943,7,0
multizone_office_simple_air,zone_stuck,direct_h8_rssm,legacy_rssm,operational_score,12,1.2002129605264752e-07,0.0034541108155595954,0,0.0032215371244947002,2,3
multizone_office_simple_air,zone_stuck,direct_h8_rssm,legacy_rssm,cost_tot,12,8.1251063854467787e-09,0.00026377794986710449,0,0.00023056012028245705,2,3
multizone_office_simple_air,zone_stuck,direct_h8_rssm,legacy_rssm,tdis_tot,12,-1.3330937950195576e-06,-0.15201564853708568,-0.05768023155220485,0,7,4
multizone_office_simple_air,zone_stuck,direct_h8_rssm,legacy_rssm,control_cost_proxy,12,1.8459279118587801e-05,0.45069758754482375,0,0.40602720131581993,1,3
multizone_office_simple_air,zone_stuck,direct_h8_rssm,legacy_rssm,control_discomfort_kh,12,0,-0.045287232850023194,0,8.8598916647697479e-07,2,7
multizone_office_simple_air,zone_stuck,direct_h8_rssm,legacy_rssm,control_energy_kwh,12,0.00019163681648137754,3.5822750734707545,0,3.0969268932152403,1,3
multizone_office_simple_air,zone_stuck,deterministic_wm,direct_h8_rssm,operational_score,12,-2.8197424804709491e-07,-0.0034541213978933213,-0.0032215730755495516,3.3229541140125517e-08,9,0
multizone_office_simple_air,zone_stuck,deterministic_wm,direct_h8_rssm,cost_tot,12,-1.8913463106437489e-08,-0.00026377848786539071,-0.00023056189313507437,2.1675127877436584e-09,9,0
multizone_office_simple_air,zone_stuck,deterministic_wm,direct_h8_rssm,tdis_tot,12,2.2729679452493379e-06,0.15201489687448852,-2.2511066682939784e-07,0.057677220870708854,3,1
multizone_office_simple_air,zone_stuck,deterministic_wm,direct_h8_rssm,control_cost_proxy,12,-0.0015017799801739784,-0.4518882617473215,-0.40603052229161563,-5.3422174506323472e-07,9,0
multizone_office_simple_air,zone_stuck,deterministic_wm,direct_h8_rssm,control_discomfort_kh,12,5.0979311794208115e-07,0.045288844802399808,0,1.3216757800194046e-05,2,4
multizone_office_simple_air,zone_stuck,deterministic_wm,direct_h8_rssm,control_energy_kwh,12,-0.015465953196013515,-3.5906735271059844,-3.0969652158192673,-8.185146542771804e-06,9,0
multizone_office_simple_air,zone_stuck,rc_supervisory_selector,deterministic_wm,operational_score,12,2.5349259706761797e-08,0.0016547831112836513,-1.9648647742485017e-08,9.9903964323701867e-08,3,0
multizone_office_simple_air,zone_stuck,rc_supervisory_selector,deterministic_wm,cost_tot,12,1.7522944638272836e-09,0.00012112256008667511,-1.6034664273439914e-09,6.6557453203344719e-09,3,0
multizone_office_simple_air,zone_stuck,rc_supervisory_selector,deterministic_wm,tdis_tot,12,1.5145254235460204e-07,-0.044276785247588546,-2.0986323487348635e-06,2.9804497689855936e-06,5,1
multizone_office_simple_air,zone_stuck,rc_supervisory_selector,deterministic_wm,control_cost_proxy,12,8.3422112329145648e-07,0.20201390373378381,-5.0542890548399555e-06,3.6176764041329079e-05,5,0
multizone_office_simple_air,zone_stuck,rc_supervisory_selector,deterministic_wm,control_discomfort_kh,12,-1.9219724123331616e-07,-0.022213754384903694,-4.3575341322821259e-05,0,6,4
multizone_office_simple_air,zone_stuck,rc_supervisory_selector,deterministic_wm,control_energy_kwh,12,-9.869698081033107e-06,1.6858508423120429,-0.00012378766197684854,0.00023205565639727865,6,0
multizone_office_simple_air,zone_stuck,tuned_rule_based,deterministic_wm,operational_score,12,-1.2637801248671924e-09,0.0027016778661227915,-1.2757894087369702e-07,8.0067090670988787e-07,6,0
multizone_office_simple_air,zone_stuck,tuned_rule_based,deterministic_wm,cost_tot,12,-2.8986444321199567e-10,0.00020910624844488462,-8.106462888110566e-09,5.1553354111708027e-08,6,0
multizone_office_simple_air,zone_stuck,tuned_rule_based,deterministic_wm,tdis_tot,12,-2.1395166896476248e-06,-0.1340759655823065,-5.2972227833625318e-06,1.1406132760516385e-08,8,1
multizone_office_simple_air,zone_stuck,tuned_rule_based,deterministic_wm,control_cost_proxy,12,2.0951156454174225e-07,0.356508208140287,-1.3520202906569523e-05,0.00033265559537731804,6,0
multizone_office_simple_air,zone_stuck,tuned_rule_based,deterministic_wm,control_discomfort_kh,12,-1.3598217556420877e-05,-0.045302498198996233,-6.8126411761681993e-05,0,7,4
multizone_office_simple_air,zone_stuck,tuned_rule_based,deterministic_wm,control_energy_kwh,12,8.2861849826088019e-07,2.8028102476090915,-0.00019532450379244892,0.0065655005035267777,6,0
